-- phpMyAdmin SQL Dump
-- version 4.1.14
-- http://www.phpmyadmin.net
--
-- Host: 127.0.0.1
-- Generation Time: 29-Abr-2019 às 11:50
-- Versão do servidor: 5.6.17
-- PHP Version: 5.5.12

SET SQL_MODE = "NO_AUTO_VALUE_ON_ZERO";
SET time_zone = "+00:00";


/*!40101 SET @OLD_CHARACTER_SET_CLIENT=@@CHARACTER_SET_CLIENT */;
/*!40101 SET @OLD_CHARACTER_SET_RESULTS=@@CHARACTER_SET_RESULTS */;
/*!40101 SET @OLD_COLLATION_CONNECTION=@@COLLATION_CONNECTION */;
/*!40101 SET NAMES utf8 */;

--
-- Database: `sigdoc`
--

-- --------------------------------------------------------

--
-- Estrutura da tabela `cargo`
--

CREATE TABLE IF NOT EXISTS `cargo` (
  `idCargo` int(11) NOT NULL AUTO_INCREMENT,
  `nomeCargo` varchar(45) DEFAULT NULL,
  `descricao` varchar(200) NOT NULL,
  PRIMARY KEY (`idCargo`)
) ENGINE=InnoDB  DEFAULT CHARSET=latin1 AUTO_INCREMENT=6 ;

--
-- Extraindo dados da tabela `cargo`
--

INSERT INTO `cargo` (`idCargo`, `nomeCargo`, `descricao`) VALUES
(1, 'Chefe de DTIC', ''),
(2, 'Tec. Informatico', ''),
(3, 'Tec. Sup.', '      sdfsddfd'),
(4, 'Director', 'sadasdasdasdsadas'),
(5, 'Medico', 'dsfdsfds');

-- --------------------------------------------------------

--
-- Estrutura da tabela `categorias`
--

CREATE TABLE IF NOT EXISTS `categorias` (
  `id` int(11) NOT NULL AUTO_INCREMENT,
  `nome` varchar(200) NOT NULL,
  `data_criacao` varchar(200) DEFAULT NULL,
  `estados_id` int(11) DEFAULT NULL,
  PRIMARY KEY (`id`),
  KEY `fk_categorias_estados` (`estados_id`)
) ENGINE=InnoDB  DEFAULT CHARSET=latin1 AUTO_INCREMENT=3 ;

--
-- Extraindo dados da tabela `categorias`
--

INSERT INTO `categorias` (`id`, `nome`, `data_criacao`, `estados_id`) VALUES
(1, 'Entrada', '31/01/2019', 1),
(2, 'Saida', '31/01/2019', 1);

-- --------------------------------------------------------

--
-- Estrutura da tabela `ci_sessions`
--

CREATE TABLE IF NOT EXISTS `ci_sessions` (
  `id` varchar(128) NOT NULL,
  `ip_address` varchar(45) NOT NULL,
  `timestamp` int(10) unsigned NOT NULL DEFAULT '0',
  `data` blob NOT NULL,
  KEY `ci_sessions_timestamp` (`timestamp`)
) ENGINE=InnoDB DEFAULT CHARSET=latin1;

--
-- Extraindo dados da tabela `ci_sessions`
--

INSERT INTO `ci_sessions` (`id`, `ip_address`, `timestamp`, `data`) VALUES
('93r5cqd0mm3tfh79p9rce9akbjlg0n3g', '127.0.0.1', 1556265377, 0x5f5f63695f6c6173745f726567656e65726174657c693a313535363236353334373b6e6f6d657c733a31353a2241726d616e646f2041726c696e646f223b6c6f63616c7c733a333a22444146223b656d61696c7c733a31393a22616d61766965406d697361752e676f762e6d7a223b69647c733a313a2232223b7065726d697373616f7c733a313a2231223b6c6f6761646f7c623a313b),
('6n69imb8lun8rd5439smdi9tmkru0kto', '127.0.0.1', 1556267532, 0x5f5f63695f6c6173745f726567656e65726174657c693a313535363236363639383b6e6f6d657c733a31353a2241726d616e646f2041726c696e646f223b6c6f63616c7c733a333a22444146223b656d61696c7c733a31393a22616d61766965406d697361752e676f762e6d7a223b69647c733a313a2232223b7065726d697373616f7c733a313a2231223b6c6f6761646f7c623a313b),
('ctnlhkt737f2c87c5s0d5ish11oq4gj0', '127.0.0.1', 1556268114, 0x5f5f63695f6c6173745f726567656e65726174657c693a313535363236373634353b6e6f6d657c733a31353a2241726d616e646f2041726c696e646f223b6c6f63616c7c733a333a22444146223b656d61696c7c733a31393a22616d61766965406d697361752e676f762e6d7a223b69647c733a313a2232223b7065726d697373616f7c733a313a2231223b6c6f6761646f7c623a313b),
('gqbnpfiggo2msv5d0pag81mcaoe7m393', '127.0.0.1', 1556268238, 0x5f5f63695f6c6173745f726567656e65726174657c693a313535363236383134373b6e6f6d657c733a31353a2241726d616e646f2041726c696e646f223b6c6f63616c7c733a333a22444146223b656d61696c7c733a31393a22616d61766965406d697361752e676f762e6d7a223b69647c733a313a2232223b7065726d697373616f7c733a313a2231223b6c6f6761646f7c623a313b),
('m00q5pcdh6evdqnjiql3qf4ds4fmnj0h', '127.0.0.1', 1556269215, 0x5f5f63695f6c6173745f726567656e65726174657c693a313535363236393030383b6e6f6d657c733a31353a2241726d616e646f2041726c696e646f223b6c6f63616c7c733a333a22444146223b656d61696c7c733a31393a22616d61766965406d697361752e676f762e6d7a223b69647c733a313a2232223b7065726d697373616f7c733a313a2231223b6c6f6761646f7c623a313b737563636573737c733a33303a22446573706163686f20656665637475617220636f6d205375636573736f21223b5f5f63695f766172737c613a313a7b733a373a2273756363657373223b733a333a226f6c64223b7d),
('asqea9blvln852amr350ijhgq176tdbb', '127.0.0.1', 1556269445, 0x5f5f63695f6c6173745f726567656e65726174657c693a313535363236393336363b6e6f6d657c733a31353a2241726d616e646f2041726c696e646f223b6c6f63616c7c733a333a22444146223b656d61696c7c733a31393a22616d61766965406d697361752e676f762e6d7a223b69647c733a313a2232223b7065726d697373616f7c733a313a2231223b6c6f6761646f7c623a313b),
('v7p93j1btcj4v7hru8t6t35re25q0uq9', '127.0.0.1', 1556270077, 0x5f5f63695f6c6173745f726567656e65726174657c693a313535363236393834303b6e6f6d657c733a31353a2241726d616e646f2041726c696e646f223b6c6f63616c7c733a333a22444146223b656d61696c7c733a31393a22616d61766965406d697361752e676f762e6d7a223b69647c733a313a2232223b7065726d697373616f7c733a313a2231223b6c6f6761646f7c623a313b737563636573737c733a32333a222065666569747561646f20636f6d205375636573736f21223b5f5f63695f766172737c613a313a7b733a373a2273756363657373223b733a333a226f6c64223b7d),
('qk69b89fh5nqsgkcpenmtk34v7kvntkd', '127.0.0.1', 1556270213, 0x5f5f63695f6c6173745f726567656e65726174657c693a313535363237303136373b6e6f6d657c733a31353a2241726d616e646f2041726c696e646f223b6c6f63616c7c733a333a22444146223b656d61696c7c733a31393a22616d61766965406d697361752e676f762e6d7a223b69647c733a313a2232223b7065726d697373616f7c733a313a2231223b6c6f6761646f7c623a313b737563636573737c733a32333a222065666569747561646f20636f6d205375636573736f21223b5f5f63695f766172737c613a313a7b733a373a2273756363657373223b733a333a226f6c64223b7d),
('1pjfhg8rsotqv1cibse5ae582hae2mi8', '127.0.0.1', 1556270744, 0x5f5f63695f6c6173745f726567656e65726174657c693a313535363237303535313b6e6f6d657c733a31353a2241726d616e646f2041726c696e646f223b6c6f63616c7c733a333a22444146223b656d61696c7c733a31393a22616d61766965406d697361752e676f762e6d7a223b69647c733a313a2232223b7065726d697373616f7c733a313a2231223b6c6f6761646f7c623a313b),
('jpo8h3o01hkqpo47jqfrdgi7skp5mo2t', '127.0.0.1', 1556271294, 0x5f5f63695f6c6173745f726567656e65726174657c693a313535363237303939343b6e6f6d657c733a31353a2241726d616e646f2041726c696e646f223b6c6f63616c7c733a333a22444146223b656d61696c7c733a31393a22616d61766965406d697361752e676f762e6d7a223b69647c733a313a2232223b7065726d697373616f7c733a313a2231223b6c6f6761646f7c623a313b),
('5sbhkgeb7jqg06g8ohcmn51kpeu2do7s', '127.0.0.1', 1556271506, 0x5f5f63695f6c6173745f726567656e65726174657c693a313535363237313331383b6e6f6d657c733a31353a2241726d616e646f2041726c696e646f223b6c6f63616c7c733a333a22444146223b656d61696c7c733a31393a22616d61766965406d697361752e676f762e6d7a223b69647c733a313a2232223b7065726d697373616f7c733a313a2231223b6c6f6761646f7c623a313b),
('5cpcqliko3o3qmpss3t2771e17jfchd4', '127.0.0.1', 1556271933, 0x5f5f63695f6c6173745f726567656e65726174657c693a313535363237313634383b6e6f6d657c733a31353a2241726d616e646f2041726c696e646f223b6c6f63616c7c733a333a22444146223b656d61696c7c733a31393a22616d61766965406d697361752e676f762e6d7a223b69647c733a313a2232223b7065726d697373616f7c733a313a2231223b6c6f6761646f7c623a313b),
('tkoodo78ikharovmclsgg40vqv5j2v1p', '127.0.0.1', 1556272075, 0x5f5f63695f6c6173745f726567656e65726174657c693a313535363237313935383b6e6f6d657c733a31353a2241726d616e646f2041726c696e646f223b6c6f63616c7c733a333a22444146223b656d61696c7c733a31393a22616d61766965406d697361752e676f762e6d7a223b69647c733a313a2232223b7065726d697373616f7c733a313a2231223b6c6f6761646f7c623a313b),
('5arb93cv88mkkagph2mqbsi3k4r12gdr', '127.0.0.1', 1556272877, 0x5f5f63695f6c6173745f726567656e65726174657c693a313535363237323539343b6e6f6d657c733a31353a2241726d616e646f2041726c696e646f223b6c6f63616c7c733a333a22444146223b656d61696c7c733a31393a22616d61766965406d697361752e676f762e6d7a223b69647c733a313a2232223b7065726d697373616f7c733a313a2231223b6c6f6761646f7c623a313b),
('kf92ghq789idv2m2rr9o33lr6n2m859b', '127.0.0.1', 1556273603, 0x5f5f63695f6c6173745f726567656e65726174657c693a313535363237333239383b6e6f6d657c733a31353a2241726d616e646f2041726c696e646f223b6c6f63616c7c733a333a22444146223b656d61696c7c733a31393a22616d61766965406d697361752e676f762e6d7a223b69647c733a313a2232223b7065726d697373616f7c733a313a2231223b6c6f6761646f7c623a313b),
('6ce350kmgjuu9rfoodufbc7ogftoe5o1', '127.0.0.1', 1556273740, 0x5f5f63695f6c6173745f726567656e65726174657c693a313535363237333634323b6e6f6d657c733a31353a2241726d616e646f2041726c696e646f223b6c6f63616c7c733a333a22444146223b656d61696c7c733a31393a22616d61766965406d697361752e676f762e6d7a223b69647c733a313a2232223b7065726d697373616f7c733a313a2231223b6c6f6761646f7c623a313b),
('vf6q6goqbopdb25gknjcdc23kq8ugrnf', '127.0.0.1', 1556274059, 0x5f5f63695f6c6173745f726567656e65726174657c693a313535363237333936343b6e6f6d657c733a31353a2241726d616e646f2041726c696e646f223b6c6f63616c7c733a333a22444146223b656d61696c7c733a31393a22616d61766965406d697361752e676f762e6d7a223b69647c733a313a2232223b7065726d697373616f7c733a313a2231223b6c6f6761646f7c623a313b),
('ftmoajvfucj5no3khu26t3v99769adeb', '127.0.0.1', 1556276994, 0x5f5f63695f6c6173745f726567656e65726174657c693a313535363237363732363b6e6f6d657c733a31353a2241726d616e646f2041726c696e646f223b6c6f63616c7c733a333a22444146223b656d61696c7c733a31393a22616d61766965406d697361752e676f762e6d7a223b69647c733a313a2232223b7065726d697373616f7c733a313a2231223b6c6f6761646f7c623a313b),
('lnfr2mgf4beep9lkdg61a89q3unqlei0', '127.0.0.1', 1556277422, 0x5f5f63695f6c6173745f726567656e65726174657c693a313535363237373432303b6e6f6d657c733a31353a2241726d616e646f2041726c696e646f223b6c6f63616c7c733a333a22444146223b656d61696c7c733a31393a22616d61766965406d697361752e676f762e6d7a223b69647c733a313a2232223b7065726d697373616f7c733a313a2231223b6c6f6761646f7c623a313b),
('o038mdiblcf5911qt0497o1nkp2bgemq', '127.0.0.1', 1556277972, 0x5f5f63695f6c6173745f726567656e65726174657c693a313535363237373739303b6e6f6d657c733a31353a2241726d616e646f2041726c696e646f223b6c6f63616c7c733a333a22444146223b656d61696c7c733a31393a22616d61766965406d697361752e676f762e6d7a223b69647c733a313a2232223b7065726d697373616f7c733a313a2231223b6c6f6761646f7c623a313b),
('i8bd1f7s3atu5872n4vrpn8fr7ku7mt0', '127.0.0.1', 1556278613, 0x5f5f63695f6c6173745f726567656e65726174657c693a313535363237383338343b6e6f6d657c733a31353a2241726d616e646f2041726c696e646f223b6c6f63616c7c733a333a22444146223b656d61696c7c733a31393a22616d61766965406d697361752e676f762e6d7a223b69647c733a313a2232223b7065726d697373616f7c733a313a2231223b6c6f6761646f7c623a313b),
('uagj1rku4p82lvfs93bpeijhfs0s94dc', '127.0.0.1', 1556279100, 0x5f5f63695f6c6173745f726567656e65726174657c693a313535363237383832323b6e6f6d657c733a31353a2241726d616e646f2041726c696e646f223b6c6f63616c7c733a333a22444146223b656d61696c7c733a31393a22616d61766965406d697361752e676f762e6d7a223b69647c733a313a2232223b7065726d697373616f7c733a313a2231223b6c6f6761646f7c623a313b),
('87fedqk84hu8522k6abjbkchgq0qkj6a', '127.0.0.1', 1556279429, 0x5f5f63695f6c6173745f726567656e65726174657c693a313535363237393134373b6e6f6d657c733a31353a2241726d616e646f2041726c696e646f223b6c6f63616c7c733a333a22444146223b656d61696c7c733a31393a22616d61766965406d697361752e676f762e6d7a223b69647c733a313a2232223b7065726d697373616f7c733a313a2231223b6c6f6761646f7c623a313b),
('h2b2e73otgkktp7h8ji83e6jnidsncu8', '127.0.0.1', 1556279493, 0x5f5f63695f6c6173745f726567656e65726174657c693a313535363237393438313b6e6f6d657c733a31353a2241726d616e646f2041726c696e646f223b6c6f63616c7c733a333a22444146223b656d61696c7c733a31393a22616d61766965406d697361752e676f762e6d7a223b69647c733a313a2232223b7065726d697373616f7c733a313a2231223b6c6f6761646f7c623a313b),
('b98okip4am7j0lr1o4svhu5m2uvnn4k2', '127.0.0.1', 1556279953, 0x5f5f63695f6c6173745f726567656e65726174657c693a313535363237393739383b6e6f6d657c733a31353a2241726d616e646f2041726c696e646f223b6c6f63616c7c733a333a22444146223b656d61696c7c733a31393a22616d61766965406d697361752e676f762e6d7a223b69647c733a313a2232223b7065726d697373616f7c733a313a2231223b6c6f6761646f7c623a313b),
('7ror1j83hvafn3eneommc3n2tc8of4u1', '127.0.0.1', 1556281101, 0x5f5f63695f6c6173745f726567656e65726174657c693a313535363238303136343b6e6f6d657c733a31353a2241726d616e646f2041726c696e646f223b6c6f63616c7c733a333a22444146223b656d61696c7c733a31393a22616d61766965406d697361752e676f762e6d7a223b69647c733a313a2232223b7065726d697373616f7c733a313a2231223b6c6f6761646f7c623a313b),
('2clr7j5p0hfctam3oggjluc763b6h7ij', '127.0.0.1', 1556281421, 0x5f5f63695f6c6173745f726567656e65726174657c693a313535363238313136393b6e6f6d657c733a31353a2241726d616e646f2041726c696e646f223b6c6f63616c7c733a333a22444146223b656d61696c7c733a31393a22616d61766965406d697361752e676f762e6d7a223b69647c733a313a2232223b7065726d697373616f7c733a313a2231223b6c6f6761646f7c623a313b),
('utejelo2o7d8buavfl9vkme001nvo8in', '127.0.0.1', 1556281486, 0x5f5f63695f6c6173745f726567656e65726174657c693a313535363238313437383b6e6f6d657c733a31353a2241726d616e646f2041726c696e646f223b6c6f63616c7c733a333a22444146223b656d61696c7c733a31393a22616d61766965406d697361752e676f762e6d7a223b69647c733a313a2232223b7065726d697373616f7c733a313a2231223b6c6f6761646f7c623a313b),
('0ej4dnpu7ei29gljbp3r0gu69oo79vs6', '127.0.0.1', 1556282906, 0x5f5f63695f6c6173745f726567656e65726174657c693a313535363238323838393b6e6f6d657c733a31353a2241726d616e646f2041726c696e646f223b6c6f63616c7c733a333a22444146223b656d61696c7c733a31393a22616d61766965406d697361752e676f762e6d7a223b69647c733a313a2232223b7065726d697373616f7c733a313a2231223b6c6f6761646f7c623a313b),
('j601fsdkuk64t44p2kleq5s3u4kb0ptl', '127.0.0.1', 1556283584, 0x5f5f63695f6c6173745f726567656e65726174657c693a313535363238333331323b6e6f6d657c733a31353a2241726d616e646f2041726c696e646f223b6c6f63616c7c733a333a22444146223b656d61696c7c733a31393a22616d61766965406d697361752e676f762e6d7a223b69647c733a313a2232223b7065726d697373616f7c733a313a2231223b6c6f6761646f7c623a313b),
('501a3n5ivo3q4ufc121cfs3edmj7s3k5', '127.0.0.1', 1556284072, 0x5f5f63695f6c6173745f726567656e65726174657c693a313535363238333732323b6e6f6d657c733a31353a2241726d616e646f2041726c696e646f223b6c6f63616c7c733a333a22444146223b656d61696c7c733a31393a22616d61766965406d697361752e676f762e6d7a223b69647c733a313a2232223b7065726d697373616f7c733a313a2231223b6c6f6761646f7c623a313b),
('kppor50bhg0usuvani45gtd7toii3j6a', '127.0.0.1', 1556284300, 0x5f5f63695f6c6173745f726567656e65726174657c693a313535363238343039373b6e6f6d657c733a31353a2241726d616e646f2041726c696e646f223b6c6f63616c7c733a333a22444146223b656d61696c7c733a31393a22616d61766965406d697361752e676f762e6d7a223b69647c733a313a2232223b7065726d697373616f7c733a313a2231223b6c6f6761646f7c623a313b),
('iectojpiqark9o3asrv5jhg2tgv68741', '127.0.0.1', 1556284739, 0x5f5f63695f6c6173745f726567656e65726174657c693a313535363238343437323b6e6f6d657c733a31353a2241726d616e646f2041726c696e646f223b6c6f63616c7c733a333a22444146223b656d61696c7c733a31393a22616d61766965406d697361752e676f762e6d7a223b69647c733a313a2232223b7065726d697373616f7c733a313a2231223b6c6f6761646f7c623a313b);

-- --------------------------------------------------------

--
-- Estrutura da tabela `classificacao`
--

CREATE TABLE IF NOT EXISTS `classificacao` (
  `id` int(11) NOT NULL AUTO_INCREMENT,
  `nome` varchar(45) DEFAULT NULL,
  `codigo` varchar(45) DEFAULT NULL,
  PRIMARY KEY (`id`)
) ENGINE=InnoDB  DEFAULT CHARSET=latin1 AUTO_INCREMENT=360 ;

--
-- Extraindo dados da tabela `classificacao`
--

INSERT INTO `classificacao` (`id`, `nome`, `codigo`) VALUES
(1, 'ADMINISTRAÇÃO GERAL', '000'),
(2, 'REFORMA   DO  SECTOR  PÚBLICO.  MODERNIZAÇÃO ', '001'),
(3, 'LEGISLAÇÃO', '001.1'),
(4, 'RACIONALIZAÇÃO. DESCENTRALIZAÇÃO E DESCONCENT', '001.2'),
(5, 'POLÍTICAS PÚBLICAS', '001.3'),
(6, 'MONITORIA', '001.32'),
(7, 'PRESTAÇÃO DE CONTAS', '001.33'),
(8, 'BOA GOVERNAÇÃO. TRANSPARÊNCIA ADMINISTRATIVA.', '001.34'),
(9, 'PLANOS, PROGRAMAS E PROJECTOS DE TRABALHO', '002'),
(10, 'RELATÓRIOS DE ACTIVIDADES', '003'),
(11, 'ACORDOS. CONVÊNIOS. COOPERAÇÃO. CONTRATOS', '004'),
(12, 'REGIMENTOS. REGULAMENTOS. ESTATUTOS. ORGANOGR', '010.1'),
(13, 'AUDIÊNCIAS. DESPACHOS. REUNIÕES', '010.2'),
(14, 'ORGANIZAÇÃO E FUNCIONAMENTO', '010'),
(15, 'COMUNICAÇÃO SOCIAL', '011'),
(16, 'RELAÇÕES COM A IMPRENSA', '012'),
(17, 'CREDENCIAMENTO DE JORNALISTAS', '012.1'),
(18, 'ENTREVISTAS. NOTICIÁRIOS. REPORTAGENS. EDITOR', '012.11'),
(19, 'DIVULGAÇÃO INTERNA', '012.12'),
(20, 'PROMOÇÕES INSTITUCIONAIS. PUBLICIDADE. PROPAG', '012.2'),
(21, 'OUTROS ASSUNTOS REFERENTES À ORGANIZAÇÃO E FU', '019'),
(22, 'INFORMAÇÕES SOBRE O ÓRGÃO', '019.01'),
(23, 'RECURSOS HUMANOS', '020'),
(24, 'GARANTIA DA LEGALIDADE, INSPECÇÃO E IMPUGNAÇÃ', '020.11'),
(25, 'VISTOS DO TRIBUNAL ADMINISTRATIVO CONTENCIOSO', '020.12'),
(26, 'ÉTICA E DEONTOLOGIA', '020.2'),
(27, 'ÉTICA E DEONTOLOGIA', '020.3'),
(28, 'SINDICATOS. ACORDOS. LUTUOSAS', '020.4'),
(29, 'PROCESSOS INDIVIDUAIS. CADASTRO. BIOGRAFIA. A', '020.5'),
(30, 'QUADRO DE PESSOAL: Geral e Provincial', '021'),
(31, 'APROVAÇÃO. ALTERAÇÃO', '021.11'),
(32, 'RECRUTAMENTO E SELECÇÃO', '022'),
(33, 'CONCURSOS', '022.1'),
(34, 'DE INGRESSO', '022.11'),
(35, 'CONTRATO. CONTRATAÇÃO FORA DO QUADRO', '022.12'),
(36, 'CRIAÇÃO. REESTRUTURAÇÃO. EXTINÇÃO', '023'),
(37, 'CARREIRAS DE REGIME GERAL, ESPECIAL E ESPECÍF', '023.11'),
(38, 'READMISSÃO. REINTEGRAÇÃO. REVERSÃO. PROVA DE ', '023.2'),
(39, 'DESLOCAÇÕES E TRANSFERÊNCIAS', '023.3'),
(40, 'MUDANÇA DE CARREIRA', '023.41'),
(41, 'DE PROMOÇÃO', '023.42'),
(42, 'TIROCÍNIO', '023.43'),
(43, 'FUNÇÕES DE DIRECÇÃO, CHEFIA E CONFIANÇA', '023.5'),
(44, 'DELEGAÇÃO DE COMPETÊNCIAS. PROCURAÇÕES. ORDEM', '23.51'),
(45, 'REGIMES ESPECIAIS DE ACTIVIDADE E DE INACTIVI', '023.6'),
(46, 'INFORMAÇÃO DE SERVIÇO', '023.7'),
(47, 'CLASSIFICAÇÃO DE SERVIÇO PRESTADO. AVALIAÇÃO ', '023.71'),
(48, 'RECLAMAÇÃO E RECURSO', '023.72'),
(49, 'INSPECÇÃO', '023.8'),
(50, 'FORMAÇÃO. APERFEIÇOAMENTO. PROFISSIONALIZAÇÃO', '024'),
(51, 'CURSOS. BOLSAS DE ESTUDO. ESTÁGIOS. RECICLAGE', '024.1'),
(52, 'PROMOVIDOS NO TERRITÓRIO NACIONAL', '024.11'),
(53, 'PROMOVIDOS NO ESTRANGEIRO', '024.12'),
(54, 'OUTROS ASSUNTOS REFERENTES À FORMAÇÃO, E APER', '024.9'),
(55, 'DEVERES, DIREITOS E REGALIAS', '025'),
(56, 'FOLHAS DE PAGAMENTO. FICHAS FINANCEIRAS', '025.1'),
(57, 'TABELA SALARIAL', '025.11'),
(58, 'REAJUSTAMENTO SALARIAL', '025.111'),
(59, 'REMUNERAÇÕES', '025.12'),
(60, 'VENCIMENTO', '025.121'),
(61, 'SUPLEMENTO DE VENCIMENTO', '025.122'),
(62, 'SUBSÍDIOS', '025.123'),
(63, 'DISTINÇÕES E PRÉMIOS', '025.124'),
(64, 'DESCONTOS', '025.2'),
(65, 'IMPOSTO DE RENDIMENTO DE PESSOAS SINGULARES (', '025.21'),
(66, 'COMPENSAÇÃO DE APOSENTAÇÃO E REFORMA (CAR)', '025.23'),
(67, 'SUBSÍDIO DE FUNERAL (SF)', '025.24'),
(68, 'CONTRIBUIÇÃO PARA SEGURANÇA SOCIAL', '025.25'),
(69, 'CONSIGNAÇÕES', '025.26'),
(70, 'OUTROS DESCONTOS', '025.29'),
(71, 'LICENÇAS .', '025.3'),
(72, 'LICENÇA DISCIPLINAR', '025. 31'),
(73, 'OUTRAS LICENÇAS', '025.39'),
(74, 'DISPENSAS', '025.4'),
(75, 'FALTAS', '025.5'),
(76, 'JUSTIFICADAS', '025.51'),
(77, 'INJUSTIFICADAS', '025.52'),
(78, 'OUTROS DEVERES, DIREITOS E REGALIAS', '025.9'),
(79, 'RESPONSABILIDADE DISCIPLINAR', '026'),
(80, 'DENÚNCIAS. SINDICÂNCIAS. INQUÉRITOS', '026.1'),
(81, 'PROCESSOS DISCIPLINARES', '026.2'),
(82, 'PENALIDADES DISCIPLINARES', '026.3'),
(83, 'REINCIDÊNCIA', '026.4'),
(84, 'PRESCRIÇÃO', '026.6'),
(85, 'PREVIDÊNCIA, ASSISTÊNCIA E SEGURANÇA SOCIAL', '027'),
(86, 'BENEFÍCIOS', '027.1'),
(87, 'SEGUROS', '027.11'),
(88, 'ADIANTAMENTOS E EMPRÉSTIMOS A FUNCIONÁRIOS', '027.12'),
(89, 'HABITAÇÃO. TRANSPORTE', '027.13'),
(90, 'FARDAMENTO. UNIFORME', '027.14'),
(91, 'ASSISTÊNCIA MÉDICA E MEDICAMENTOSA (AMM). HIG', '027.15'),
(92, 'PENSÕES', '027.2'),
(93, 'DE SOBREVIVÊNCIA', '027.21'),
(94, 'DE SANGUE', '027.22'),
(95, 'POR SERVIÇOS EXCEPCIONAIS E RELEVANTES PRESTA', '027.23'),
(96, 'OUTROS BENEFÍCIOS', '027.29'),
(97, 'CESSAÇÃO DA RELAÇÃO DE TRABALHO NO APARELHO D', '028'),
(98, 'MORTE', '028.1'),
(99, 'APOSENTAÇÃO', '028.2'),
(100, 'DEMISSÃO. EXPULSÃO. CESSAÇÃO DE FUNÇÕES. PERD', '028.3'),
(101, 'EXONERAÇÃO', '028.4'),
(102, 'DENÚNCIA. RESCISÃO CONTRATUAL. ABANDONO DE LU', '028.5'),
(103, 'OUTROS ASSUNTOS REFERENTES A RECURSOS HUMANOS', '029'),
(104, 'HORÁRIO DE EXPEDIENTE (Inclusive a escala de ', '029.1'),
(105, 'CONTROLO DE FREQUÊNCIA (livro de ponto, cartõ', '029.11'),
(106, 'VIAGENS E BAGAGENS. DESLOCAÇÕES', '029.2'),
(107, 'EM MISSÃO DE SERVIÇO', '029.21'),
(108, 'NO TERRITÓRIO NACIONAL', '029.211'),
(109, 'NO ESTRANGEIRO', '029.212'),
(110, 'MOVIMENTOS REIVINDICATIVOS', '029.3'),
(111, 'GREVES', '029.31'),
(112, 'MANIFESTAÇÕES', '029.32'),
(113, 'PARALIZAÇÕES', '029.33'),
(114, 'ORÇAMENTO', '030'),
(115, 'PROGRAMAÇAO ORÇAMENTAL', '031'),
(116, 'PREVISÃO ORÇAMENTAL', '031.11'),
(117, 'PROPOSTA ORÇAMENTAL . PROJECTOS', '031.12'),
(118, 'ORÇAMENTOS APROVADOS', '031.13'),
(119, 'INVESTIMENTO EXTERNO', '031.14'),
(120, 'AUDITORIA. INSPECÇÃO', '031.15'),
(121, 'EXECUÇÃO ORÇAMENTAL', '031.2'),
(122, 'RECEITAS', '031.21'),
(123, 'DESPESAS', '032.22'),
(124, 'DESCENTRALIZAÇÃO DE RECURSOS. DSTRIBUIÇÃO ORÇ', '031.23'),
(125, 'ACOMPANHAMENTO DE DESPESA MENSAL (PESSOAL/DÍV', '031.24'),
(126, 'GESTÃO FINANCEIRA', '032'),
(127, 'FUNDOS ESPECIAIS', '032.1'),
(128, 'BOLSAS DE VALOR', '032.2'),
(129, 'PROGRAMAÇÃO FINANCEIRA DE DESEMBOLSO', '032.3'),
(130, 'PLANO OPERATIVO. CRONOGRAMA DE DESEMBOLSO', '032.41'),
(131, 'ESTÍMULOS FINANCEIROS E CREDITÍCIOS', '033'),
(132, 'OPERAÇÕES BANCÁRIAS', '034'),
(133, 'CONTA INDIVIDUAL', '034.1'),
(134, 'CONTA CONJUNTA', '034.2'),
(135, 'ASSINATURAS AUTORIZADAS', '034.3'),
(136, 'PAGAMENTOS EM MOEDA NACIONAL', '034.4'),
(137, 'PAGAMENTOS EM MOEDA ESTRANGEIRA', '034.5'),
(138, 'EXTRATOS DE CONTAS', '034.6'),
(139, 'BALANÇOS. BALANCETES', '035'),
(140, 'OUTROS ASSUNTOS REFERENTES AO ORÇAMENTO', '039'),
(141, 'IMPOSTOS E TAXAS. VALORES TRIBUTÁRIOS', '039.1'),
(142, 'PATRIMÓNIO', '040'),
(143, 'CADASTRO DE FORNECEDORES', '040.1'),
(144, 'BENS IMÓVEIS', '041'),
(145, 'FORNECIMENTO E MANUTENÇÃO DE SERVIÇOS BÁSICOS', '041.1'),
(146, 'ÁGUA E ESGOTO', '041.11'),
(147, 'LUZ', '041.12'),
(148, 'CONDOMÍNIO', '041.2'),
(149, 'AQUISIÇÃO', '041.3'),
(150, 'COMPRA', '041.31'),
(151, 'CEDÊNCIA', '041.32'),
(152, 'DOAÇÃO', '041.33'),
(153, 'PERMUTA. TROCA', '041.34'),
(154, 'ALUGUER. LOCAÇÃO. ARRENDAMENTO. CONTRATO. COM', '041.35'),
(155, 'ALIENAÇÃO', '041.4'),
(156, 'VENDA', '041.41'),
(157, 'PERMUTA', '041.44'),
(158, 'DESAPROPRIAÇÃO. DESPEJO. REATRIBUIÇÃO. REIVIN', '041.45'),
(159, 'OUTRAS FORMAS DE AQUISIÇÃO', '041.49'),
(160, 'OBRAS', '041.5'),
(161, 'CONSTRUÇÃO', '041.51'),
(162, 'REABILITAÇÃO', '041.52'),
(163, 'RECUPERAÇÃO', '041.53'),
(164, 'RESTAURAÇÃO', '041.54'),
(165, 'MANUTENÇÃO E REPARAÇÃO DE IMÓMEIS. (inclusive', '041.6'),
(166, 'MANUTENÇÃO DE ELEVADORES', '041.61'),
(167, 'MANUTENÇÃO DE AR CONDICIONADO', '041.62'),
(168, 'MANUTENÇÃO DE SUBESTAÇÃO E GERADORES', '041.63'),
(169, 'LIMPEZA. IMUNIZAÇÃO. DESINFESTAÇÃO. JARDINAGE', '041.64'),
(170, 'OUTROS SERVIÇOS DE MANUTENÇÃO', '041.69'),
(171, 'OUTROS ASSUNTOS REFERENTES A BENS IMÓVEIS', '041.9'),
(172, 'CONTROLO DE ENTRADAS E SAÍDAS (de bens e pess', '041.91'),
(173, 'MUDANÇAS', '041.92'),
(174, 'PARA OUTROS IMÓVEIS', '041.93'),
(175, 'DENTRO DO MESMO IMÓVEL', '041.94'),
(176, 'USO DE DEPENDÊNCIAS, TERRAÇOS E CAVES', '041.95'),
(177, 'BENS MÓVEIS', '042'),
(178, 'TRANSPORTES', '042.1'),
(179, 'COMPRA DE BENS E IMOVEIS', '042.21'),
(180, 'ALUGUER DE BENS E IMOVEIS', '042.22'),
(181, 'CEDÊNCIA. DOAÇÃO. PERMUTA. TRANSFERÊNCIA', '042.23'),
(182, 'REGISTO. LICENCIAMENTO', '042.3'),
(183, 'ALIENAÇÃO. LICITAÇÃO', '042.4'),
(184, 'VENDA. LEILÃO. ABATE', '042.41'),
(185, 'COMBUSTÍVEIS E LUBRIFICANTES. LIMPEZA. MANUTE', '042.42'),
(186, 'ACIDENTES. INFRACÇÕES. MULTAS', '042.5'),
(187, 'OUTROS ASSUNTOS REFERENTES A MÓVEIS', '042.9'),
(188, 'CONTROLO DE USO DE TRANSPORTES', '042.91'),
(189, 'INVENTÁRIO', '042.911'),
(190, 'INVENTÁRIO DE BENS MÓVEIS', '042.912'),
(191, 'AUTORIZAÇÃO PARA USO FORA DO HORÁRIO DE EXPED', '042.913'),
(192, 'PARQUEAMENTO. GARAGEM', '042.914'),
(193, 'BENS MATERIAIS', '043'),
(194, 'MATERIAL DURADOURO', '043.1'),
(195, 'AQUISIÇÃO DE BENS MATERIAIS', '043.11'),
(196, 'COMPRA DE BENS MATERIAIS', '043.111'),
(197, 'LICITAÇÃO DE BENS MATERIAS', '043.112'),
(198, 'ALUGUER. COMODATO. LEASING', '043.113'),
(199, 'CEDÊNCIA. EMPRÉSTIMO', '043.114'),
(200, 'PERMUTA. TROCA DE BENS MATERIAIS', '043.115'),
(201, 'TRANSFERÊNCIA. DOAÇÃO', '043.116'),
(202, 'REVERSÃO. HERANÇA', '043.117'),
(203, 'FABRICO. PRODUÇÂO', '043.118'),
(204, 'OUTRAS FORMAS DE AQUISIÇÃO DE BENS MATERIAIS', '043.119'),
(205, 'MATERIAL NÃO DURADOURO', '043.2'),
(206, 'COMPRA DE MATERIAL NÃO DURADOURO', '043.21'),
(207, 'CEDÊNCIA. DOAÇÃO. PERMUTA DE MATEIAL NÃO DURA', '043.22'),
(208, 'CONFECÇÃO DE IMPRESSOS', '043.23'),
(209, 'MOVIMENTAÇÃO DE MATERIAL (duradouro e não dur', '043.3'),
(210, 'TERMOS DE RESPONSABILIDADE', '043.31'),
(211, 'CONTROLO DE STOCK', '043.32'),
(212, 'EXTRAVIO. ROUBO. DESAPARECIMENTO', '043.33'),
(213, 'TRANSPORTE DE MATERIAL', '043.34'),
(214, 'AUTORIZAÇÃO DE SAÍDA DE MATERIAL. BAIXA (mate', '043.35'),
(215, 'ARMAZENAMENTO. DEPÓSITO', '043.36'),
(216, 'ALIENAÇÃO. ABATE', '043.4'),
(217, 'VENDA. LEILÃO. HASTA-PÚBLICA', '043.41'),
(218, 'REQUISIÇÃO E CONTRATAÇÃO DE SERVIÇOS (inclusi', '043.5'),
(219, 'SERVIÇOS INTERNOS', '043.511'),
(220, '043.512', 'SERVIÇOS EXTERNOS'),
(221, 'INVENTÁRIO DE MATERIAL NAO DURADOURO', '043.6'),
(222, 'OUTROS ASSUNTOS REFERENTES A MATERIAL', '043.9'),
(223, 'ESPECIFICAÇÃO. PADRONIZAÇÃO. CODIFICAÇÃO. PRE', '043.91'),
(224, 'IDENTIFICAÇÃO. CLASSIFICAÇÃO. CATALOGAÇÃO. CA', '043.92'),
(225, 'SERVIÇOS DE REPROGRAFIA', '043.93'),
(226, 'REQUISIÇÃO DE MATERIAL NÃO DURADOURO', '043.931'),
(227, 'CONTROLO DE MATERIAL NÃO DURADOURO', '043.932'),
(228, 'OUTROS ASSUNTOS REFERENTES A PATRIMÓNIO', '049'),
(229, 'GUARDA E SEGURANÇA. GUARNIÇÃO. SENTINELA. PLA', '049.1'),
(230, 'SEGUROS (OUTROS ASSUNTOS REFERENTES A PATRIMÓ', '049.11'),
(231, 'PREVENÇÃO E COMBATE AO INCÊNDIO. BOMBEIROS', '049.12'),
(232, 'SINISTRO', '049.13'),
(233, 'VISTORIAS. SINDICÂNCIAS. PERÍCIAS TÉCNICAS', '049.14'),
(234, 'DOCUMENTAÇÃO E INFORMAÇÃO', '050'),
(235, 'PUBLICAÇÃO DE MATÉRIAS', '050.1'),
(236, 'NO BOLETIM DA REPÚBLICA', '050.11'),
(237, 'PUBLICAÇÃO DE MATÉRIAS EM LIVROS', '050.12'),
(238, 'PUBLICAÇÃO DE MATÉRIAS EM REVISTAS E JORNAIS', '050.13'),
(239, 'PUBLICAÇÃO DE MATÉRIAS NACIONAIS', '050.131'),
(240, 'PUBLICAÇÃO DE MATÉRIAS INTERNACIONAIS', '050.132'),
(241, 'PUBLICAÇÃO DE MATÉRIAS EM OUTROS PERIÓDICOS', '050.2'),
(242, 'PRODUÇÃO EDITORIAL', '051'),
(243, 'COMPOSIÇÃO. REVISÃO', '051.1'),
(244, 'DISTRIBUIÇÃO. PROMOÇÃO. DIVULGAÇÃO', '051.2'),
(245, 'SERVIÇOS GRÁFICOS', '051.3'),
(246, 'DOCUMENTAÇÃO ARQUIVÍSTICA', '052'),
(247, 'LEGISLAÇÃO E REGULAMENTAÇÃO. POLÍTICA E SISTE', '052.1'),
(248, 'RELAÇÃO, FILIAÇÃO E PARCERIA COM O CONSELHO I', '052.2'),
(249, 'GESTÃO DE DOCUMENTOS', '052.3'),
(250, 'NORMAS E MANUAIS', '052.31'),
(251, 'PRODUÇÃO DOCUMENTAL. LEVANTAMENTO. DIAGNÓSTIC', '052.32'),
(252, 'PROTOCOLO: recepção, tramitação, expedição, c', '052.33'),
(253, 'CLASSIFICAÇÃO DE DOCUMENTOS. CÓDIGO DE CLASSI', '052.34'),
(254, 'CLASSIFICAÇÃO QUANTO AO GÉNERO', '052.341'),
(255, 'CLASSIFICAÇÃO QUANTO À ESPÉCIE', '052.342'),
(256, 'CLASSIFICAÇÃO QUANTO À NATUREZA DO ASSUNTO', '052.343'),
(257, 'MÉTODOS DE ARQUIVAMENTO', '052.35'),
(258, 'DESTINAÇÃO DE DOCUMENTOS', '052.4'),
(259, 'ANÁLISE. AVALIAÇÃO. SELECÇÃO', '052.41'),
(260, 'TABELA DE TEMPORALIDADE', '052.411'),
(261, 'ELIMINAÇÃO', '052.42'),
(262, 'AUTOS, LISTAS E EDITAIS DE ELIMINAÇÃO', '052.421'),
(263, 'TRANSFERÊNCIA. RECOLHA', '052.43'),
(264, 'GUIAS E TERMOS DE TRANSFERÊNCIA', '052.431'),
(265, 'GUIAS, RELAÇÕES E TERMOS DE RECOLHA', '052.432'),
(266, 'LISTAGENS DESCRITIVAS DO ACERVO', '052.433'),
(267, 'CONSULTAS. EMPRÉSTIMOS', '052.44'),
(268, 'ASSESSORIA E ASSITÊNCIA TÉCNICA', '052.45'),
(269, 'GESTÃO DE DOCUMENTOS ELECTRÓNICOS. INFORMÁTIC', '053'),
(270, 'IDENTIFICAÇÃO. DESCRIÇÃO', '053.1'),
(271, 'PLANOS E PROJECTOS', '053.2'),
(272, 'PROGRAMAS. SISTEMAS. REDES', '053.3'),
(273, 'MANUAIS TÉCNICOS', '053.31'),
(274, 'MANUAIS DO UTILIZADOR', '053.32'),
(275, 'SOFTWARE. HARDRWARE. DISCOS E DISQUETES', '053.33'),
(276, 'DIGITALIZAÇÃO. INFORMATIZAÇÃO', '053.4'),
(277, 'AUTENTICIDADE. SISTEMA DE SEGURANÇA', '053.5'),
(278, 'ASSISTÊNCIA TÉCNICA', '053.6'),
(279, 'DOCUMENTAÇÃO BIBLIOGRÁFICA (livros,periódicos', '054'),
(280, 'NORMAS E MANUAIS DE DOCUMENTAÇÃO BIBLIOGRÁFIC', '054.1'),
(281, 'AQUISIÇÃO (no país e no estrangeiro).DE DOCUM', '054.2'),
(282, 'COMPRA DE DOCUMENTAÇÃO BIBLIOGRÁFICA', '054.21'),
(283, 'DOAÇÃO DE DOCUMENTAÇÃO BIBLIOGRÁFICA', '054.22'),
(284, 'PERMUTADO DE DOCUMENTAÇÃO BIBLIOGRÁFICA', '054.23'),
(285, 'DOCUMENTAÇÃO BIBLIOGRÁFICA DE REGISTO', '054.3'),
(286, 'CATALOGAÇÃO. CLASSIFICAÇÃO. INDEXAÇÃO', '054.4'),
(287, 'REFERÊNCIA E CIRCULAÇÃO DE DOCUMENTAÇÃO BIBLI', '054.5'),
(288, 'CONSULTA. EMPRÉSTIMO', '054.51'),
(289, 'INVENTÁRIO. BAIXA DE DOCUMENTAÇÃO BIBLIOGRÁFI', '054.52'),
(290, 'INTERCÂMBIOS ENTRE BIBLIOTECAS', '054.53'),
(291, 'HORÁRIO DA BIBLIOTECA', '054.54'),
(292, 'PEDIDO E ATRIBUIÇÃO DE CARTÃO DE LEITOR', '054.55'),
(293, 'RENOVAÇÃO DE CARTOES DE LEITOR', '054.56'),
(294, 'ASSISTÊNCIA TÉCNICA DE DOCUMENTACAO BIBLIOGRA', '054.57'),
(295, 'DOCUMENTAÇÃO MUSELÓGICA', '055'),
(296, 'CONSERVAÇÃO E PRESERVAÇÃO DE DOCUMENTOS. REPR', '056'),
(297, 'DESINFESTAÇÃO. HIGIENIZAÇÃO DE DOCUMENTACAO M', '056.1'),
(298, 'ARMAZENAMENTO. DEPÓSITO DE DOCUMENTAÇÃO MUSEL', '056.2'),
(299, 'RESTAURAÇÃO. ENCADERNAÇÃO DE DOCUMENTAÇÃO MUS', '056.3'),
(300, 'SISTEMA DE PREVENÇÃO E DETECÇÃO DE INCÊNDIOS.', '056.4'),
(301, 'MICROFILMAGEM. REPROGRAFIA', '056.6'),
(302, 'OUTROS ASSUNTOS REFERENTES À DOCUMENTAÇÃO E I', '059'),
(303, 'COMUNICAÇÕES', '060'),
(304, 'SERVIÇO POSTAL', '061'),
(305, 'SERVIÇO DE ENVIO E ENTREGA EXPRESSA', '061.1'),
(306, 'NACIONAL-SERVICO POSTAL', '061.11'),
(307, 'INTERNACIONAL-SERVIÇO POSTAL', '061.12'),
(308, 'OUTROS SERVIÇOS POSTAIS', '061.9'),
(309, 'SERVIÇO TELEFÓNICO. FAX. TELEMÓVEL', '062'),
(310, 'INSTALAÇÃO. TRANSFERÊNCIA. MANUTENÇÃO. REPARA', '062.1'),
(311, 'LIGAÇÕES. OBTENÇÃO DE COMUNICAÇÃO AUTOMÁTICA', '062.2'),
(312, 'URBANAS-SERVIÇO TELEFÓNICO. FAX. TELEMÓVEL', '062.21'),
(313, 'INTERURBANAS-SERVIÇO TELEFÓNICO. FAX. TELEMÓV', '062.22'),
(314, 'REGIONAIS-SERVIÇO TELEFÓNICO. FAX. TELEMÓVEL', '062.23'),
(315, 'TEMPORIZAÇÃO E CUSTOS DE CHAMADAS', '062.25'),
(316, 'NO POSTO DO ASSINANTE', '062.251'),
(317, 'NO POSTO PÚBLICO', '062.252'),
(318, 'CÓDIGOS DE ACESSO. INDICATIVOS DE ACESSO', '062.26'),
(319, 'SERVIÇOS DE URGÊNCIA E DE UTILIDADE PÚBLICA', '062.3'),
(320, 'REGULAMENTOS DE SERVIÇOS TELEFÓNICOS', '062.4'),
(321, 'CONTAS TELEFÓNICAS. FACTURAÇÃO', '062.5'),
(322, 'PAGAMENTOS DE SERVIÇO TELEFÓNICO. FAX. TELEMÓ', '062.51'),
(323, 'RECLAMAÇÕES DE SERVIÇO TELEFÓNICO. FAX. TELEM', '062.52'),
(324, 'PEDIDOS DE PAGAMENTO EM PRESTAÇÕES', '062.53'),
(325, 'SERVIÇO DE TRANSMISSÃO DE DADOS, VOZ E IMAGEM', '062.6'),
(326, 'LISTAS TELEFÓNICAS', '062.7'),
(327, 'SERVIÇO DE TELEX', '063'),
(328, 'INSTALAÇÃO. MANUTENÇÃO. REPARAÇÃO DE SERVICO ', '063.1'),
(329, 'SERVIÇO DE RÁDIO', '064'),
(330, 'INSTALAÇÃO. MANUTENÇÃO. REPARAÇÃO  DE SERVIÇO', '064.1'),
(331, 'OUTROS ASSUNTOS REFERENTES À COMUNICAÇÕES', '069'),
(332, 'VAGA', '070'),
(333, 'VAGA 1', '080'),
(334, 'OUTROS ASSUNTOS REFERENTES À ADMINISTRAÇÃO GE', '090'),
(335, 'ACÇÕES JUDICIAIS', '091'),
(336, '900', 'ASSUNTOS DIVERSOS'),
(337, 'SOLENIDADES. COMEMORAÇÕES. HOMENAGENS DISCURS', '910'),
(338, 'CONGRESSOS. CONFERÊNCIAS. SEMINÁRIOS. SIMPÓSI', '920'),
(339, 'PROMOVIDOS PELO ÓRGÃO', '921'),
(340, 'NO TERRITÓRIO NACIONAL-ASSUNTOS DIVERSOS', '921.1'),
(341, 'PROMOVIDOS POR OUTROS ÓRGÃOS', '922'),
(342, 'NO TERRITÓRIO NACIONAL-PROMOVIDOS POR OUTROS ', '922.1'),
(343, 'NO ESTRANGEIRO-PROMOVIDOS POR OUTROS ÓRGÃOS', '922.2'),
(344, 'FEIRAS. SALÕES. EXPOSIÇÕES. MOSTRAS. CONCURSO', '930'),
(345, 'VISITAS E VISITANTES', '940'),
(346, 'VAGA 2', '950'),
(347, 'VAGA 3', '960'),
(348, 'VAGA 4', '970'),
(349, 'VAGA 5', '980'),
(350, 'ASSUNTOS TRANSITÓRIOS', '990'),
(351, 'APRESENTAÇÃO. RECOMENDAÇÃO', '991'),
(352, 'AVISOS. COMUNICADOS E INFORMES', '992'),
(353, 'AGRADECIMENTOS. CONVITES. FELICITAÇÕES. CONDO', '993'),
(354, 'PROTESTOS. REIVINDICAÇÕES. SUGESTÕES', '994'),
(355, 'PEDIDOS, OFERTAS E INFORMAÇÕES DIVERSAS', '995'),
(356, 'ASSOCIAÇÕES', '996'),
(357, 'ASSOCIAÇÕES  CULTURAIS', '996.1'),
(358, 'ASSOCIAÇÕES DE AMIGOS', '996.2'),
(359, 'ASSOCIAÇÕES  DE FUNCIONÁRIOS', '996.3');

-- --------------------------------------------------------

--
-- Estrutura da tabela `comfir_recep_par`
--

CREATE TABLE IF NOT EXISTS `comfir_recep_par` (
  `id` int(11) NOT NULL AUTO_INCREMENT,
  `parecer_id` varchar(45) DEFAULT NULL,
  `data_confir` varchar(45) DEFAULT NULL,
  `usuarios_id` int(11) DEFAULT NULL,
  PRIMARY KEY (`id`)
) ENGINE=InnoDB DEFAULT CHARSET=latin1 AUTO_INCREMENT=1 ;

-- --------------------------------------------------------

--
-- Stand-in structure for view `consultarcargo`
--
CREATE TABLE IF NOT EXISTS `consultarcargo` (
`nomeCargo` varchar(45)
,`nomeDestinatario` varchar(45)
,`idDestinatario` int(11)
);
-- --------------------------------------------------------

--
-- Estrutura da tabela `correspondencias`
--

CREATE TABLE IF NOT EXISTS `correspondencias` (
  `id` int(11) NOT NULL AUTO_INCREMENT,
  `numCorrespondencia` varchar(100) NOT NULL,
  `tipo_pro` varchar(45) DEFAULT NULL,
  `categorias_id` int(11) DEFAULT NULL,
  `tipo_doc_id` int(11) DEFAULT NULL,
  `classificacao_id` int(11) DEFAULT NULL,
  `prioridades_id` int(11) DEFAULT NULL,
  `refProv` varchar(200) DEFAULT NULL,
  `refRec` varchar(200) DEFAULT NULL,
  `pro_direcoes_id` int(11) DEFAULT '0',
  `pro_departamentos_id` int(11) DEFAULT '0',
  `pro_reparticoes_id` int(11) DEFAULT '0',
  `pro_externa_id` int(11) DEFAULT '0',
  `assunto` tinytext,
  `observacao` text,
  `destinatario` varchar(200) DEFAULT NULL,
  `local_actual` varchar(45) DEFAULT 'Nulo',
  `estadoVer` int(11) DEFAULT '0',
  `estadoTra` int(11) DEFAULT '0',
  `estadoDes` int(11) DEFAULT '0',
  `estadoPar` int(11) DEFAULT '0',
  `file` varchar(100) DEFAULT NULL,
  `path` varchar(300) DEFAULT NULL,
  `url` varchar(300) DEFAULT NULL,
  `local_entrada` varchar(45) DEFAULT NULL,
  `usuarios_id` int(11) DEFAULT NULL,
  `date` varchar(200) NOT NULL,
  PRIMARY KEY (`id`),
  KEY `fk_correspondencias_categorias` (`categorias_id`),
  KEY `fk_correspondencias_prioridades` (`prioridades_id`),
  KEY `fk_correspondencias_pro_direcoes` (`pro_direcoes_id`),
  KEY `fk_correspondencias_pro_externa` (`pro_externa_id`),
  KEY `fk_correspondencias_usuarios` (`usuarios_id`),
  KEY `fk_correspondencias_tipo_doc` (`tipo_pro`),
  KEY `fk_correspondencias_tipoDoc` (`tipo_doc_id`),
  KEY `fk_correspondencias_classificador` (`classificacao_id`)
) ENGINE=InnoDB  DEFAULT CHARSET=latin1 AUTO_INCREMENT=16 ;

--
-- Extraindo dados da tabela `correspondencias`
--

INSERT INTO `correspondencias` (`id`, `numCorrespondencia`, `tipo_pro`, `categorias_id`, `tipo_doc_id`, `classificacao_id`, `prioridades_id`, `refProv`, `refRec`, `pro_direcoes_id`, `pro_departamentos_id`, `pro_reparticoes_id`, `pro_externa_id`, `assunto`, `observacao`, `destinatario`, `local_actual`, `estadoVer`, `estadoTra`, `estadoDes`, `estadoPar`, `file`, `path`, `url`, `local_entrada`, `usuarios_id`, `date`) VALUES
(1, 'OFÍCIO Nº SN-1/DNFPS/DFC/19', 'Interna', 1, 17, 1, 1, 'SN-1', '1/000/DNAM/19', 5, 46, 0, 0, 'asdsa', 'sad', 'Junior', 'DAF', 1, 1, 0, 0, 'b8aeadfae589b68437a1de5c1099a546.pdf', 'C:/wamp/www/sigdoc/assets/correspondencias/14-04-2019/b8aeadfae589b68437a1de5c1099a546.pdf', 'http://127.0.0.1/sigdoc/assets/correspondencias/14-04-2019/b8aeadfae589b68437a1de5c1099a546.pdf', 'DNAM', 5, '2019-04-14'),
(2, 'MEMORANDO Nº SN-2/DPC/19', 'Interna', 2, 15, 3, 1, 'SN-2', '2/001.1/DAF/19', 7, 0, NULL, 0, 'asdas', 'asds', 'Armando Mavie', 'DAF', 1, 0, 0, 1, '00179b4eea601608e8302c18ad5a212b.pdf', 'C:/wamp/www/sigdoc/assets/correspondencias/14-04-2019/00179b4eea601608e8302c18ad5a212b.pdf', 'http://[::1]/sigdoc/assets/correspondencias/14-04-2019/00179b4eea601608e8302c18ad5a212b.pdf', 'DAF', 2, '2019-04-14'),
(3, 'OFÍCIO Nº 12/02/MINED/19', 'Externa', 2, 17, 4, 1, '12/02', '3/001.2/DAF/19', NULL, NULL, NULL, 1, 'z<xz<', 'zx<x', 'Danilo', 'DNAM', 0, 0, 0, 0, '5a38587ff28e942e6dc4edda2fa2e868.pdf', 'C:/wamp/www/sigdoc/assets/correspondencias/14-04-2019/5a38587ff28e942e6dc4edda2fa2e868.pdf', 'http://[::1]/sigdoc/assets/correspondencias/14-04-2019/5a38587ff28e942e6dc4edda2fa2e868.pdf', 'DAF', 2, '2019-04-14'),
(4, 'ORDEM DE SERVIÇO Nº 12/01/MITESS/19', 'Externa', 1, 18, 4, 3, '12/01', '4/001.2/DNAM/19', NULL, NULL, NULL, 4, 'z<xz', 'z<x', 'Junior', 'DAF', 1, 1, 0, 1, 'e9cb6c7db85386942e5473a5c8121bc9.pdf', 'C:/wamp/www/sigdoc/assets/correspondencias/14-04-2019/e9cb6c7db85386942e5473a5c8121bc9.pdf', 'http://127.0.0.1/sigdoc/assets/correspondencias/14-04-2019/e9cb6c7db85386942e5473a5c8121bc9.pdf', 'DNAM', 5, '2019-04-14'),
(5, 'ATA Nº SN-5/DGGQ/19', 'Interna', 1, 3, 14, 2, 'SN-5', '5/010/DAF/19', 10, 0, NULL, 0, 'fdgd', 'fdgfd', 'Armando Mavie', 'DAF', 0, 0, 0, 0, '6ca321094b3631023a816373dd7ed04b.pdf', 'C:/wamp/www/sigdoc/assets/correspondencias/16-04-2019/6ca321094b3631023a816373dd7ed04b.pdf', 'http://[::1]/sigdoc/assets/correspondencias/16-04-2019/6ca321094b3631023a816373dd7ed04b.pdf', 'DAF', 2, '2019-04-16'),
(6, 'ATESTADO Nº 12/02/DGGQ/19', 'Interna', 1, 4, 21, 4, '12/02', '6/019/DAF/19', 10, 0, NULL, 0, 'fdg', 'fdgfd', 'Armando Mavie', 'DAF', 0, 0, 0, 0, '49806fa6d442756aaf64e92f2d1675ae.pdf', 'C:/wamp/www/sigdoc/assets/correspondencias/16-04-2019/49806fa6d442756aaf64e92f2d1675ae.pdf', 'http://[::1]/sigdoc/assets/correspondencias/16-04-2019/49806fa6d442756aaf64e92f2d1675ae.pdf', 'DAF', 2, '2019-04-16'),
(7, 'CARTA Nº SN-7/Moassis/19', 'Externa', 2, 1, 4, 3, 'SN-7', '7/001.2/DAF/19', NULL, NULL, NULL, 19, 'dsfds', 'sdfds', 'Armando Mavie', 'DAF', 0, 0, 0, 0, '37eafa60f6e7d4cf258d20a1bffe193c.pdf', 'C:/wamp/www/sigdoc/assets/correspondencias/16-04-2019/37eafa60f6e7d4cf258d20a1bffe193c.pdf', 'http://[::1]/sigdoc/assets/correspondencias/16-04-2019/37eafa60f6e7d4cf258d20a1bffe193c.pdf', 'DAF', 2, '2019-04-16'),
(8, 'ATESTADO Nº 221/221/Pastelaria Nilo/19', 'Externa', 1, 4, 4, 3, '221/221', '8/001.2/DAF/19', NULL, NULL, NULL, 20, 'asdsad', 'asd', 'Armando Mavie', 'DAF', 0, 0, 0, 0, '478ae800874a5fc0e8413960e394dc59.pdf', 'C:/wamp/www/sigdoc/assets/correspondencias/16-04-2019/478ae800874a5fc0e8413960e394dc59.pdf', 'http://[::1]/sigdoc/assets/correspondencias/16-04-2019/478ae800874a5fc0e8413960e394dc59.pdf', 'DAF', 2, '2019-04-16'),
(9, 'ATA Nº SN-9/DGGQ/19', 'Interna', 1, 3, 1, 3, 'SN-9', '9/000/DAF/19', 10, 0, NULL, 0, 'asdsa', '', 'Armando Mavie', 'DAF', 0, 0, 0, 0, 'ed2afe4516e22ee753437fb177bce7ef.pdf', 'C:/wamp/www/sigdoc/assets/correspondencias/16-04-2019/ed2afe4516e22ee753437fb177bce7ef.pdf', 'http://[::1]/sigdoc/assets/correspondencias/16-04-2019/ed2afe4516e22ee753437fb177bce7ef.pdf', 'DAF', 2, '2019-04-16'),
(10, 'ATA Nº SN-10/Moassis/19', 'Externa', 1, 3, 336, 1, 'SN-10', '10/ASSUNTOS DIVERSOS/DAF/19', NULL, NULL, NULL, 19, 'dsfdsf', 'dsfds', 'Armando Mavies', 'DAF', 0, 0, 0, 0, '69a4ae7ca069cc67a58f64c4397d3813.pdf', 'C:/wamp/www/sigdoc/assets/correspondencias/16-04-2019/69a4ae7ca069cc67a58f64c4397d3813.pdf', 'http://[::1]/sigdoc/assets/correspondencias/16-04-2019/69a4ae7ca069cc67a58f64c4397d3813.pdf', 'DAF', 2, '2019-04-16'),
(11, 'ATA Nº SN-11/DGGQ/19', 'Interna', 2, 3, 1, 3, 'SN-11', '11/000/DAF/19', 10, 0, NULL, 0, 'asdsad', 'asdsa', 'Armando Mavie', 'DAF', 0, 0, 0, 0, '67e1fe37f03dfe38258157d0a93e0828.pdf', 'C:/wamp/www/sigdoc/assets/correspondencias/16-04-2019/67e1fe37f03dfe38258157d0a93e0828.pdf', 'http://[::1]/sigdoc/assets/correspondencias/16-04-2019/67e1fe37f03dfe38258157d0a93e0828.pdf', 'DAF', 2, '2019-04-16'),
(12, 'CARTA Nº SN-12/DNMTA/19', 'Interna', 1, 1, 1, 4, 'SN-12', '12/000/DAF/19', 6, 0, NULL, 0, 'sadsa', 'sads', 'Armando Mavie', 'DAF', 0, 0, 0, 0, 'c1b0975f40776e43a120cef4e1502e62.pdf', 'C:/wamp/www/sigdoc/assets/correspondencias/16-04-2019/c1b0975f40776e43a120cef4e1502e62.pdf', 'http://[::1]/sigdoc/assets/correspondencias/16-04-2019/c1b0975f40776e43a120cef4e1502e62.pdf', 'DAF', 2, '2019-04-16'),
(13, 'ATA Nº 12/02/MCTESTP/19', 'Externa', 1, 3, 1, 3, '12/02', '13/000/DAF/19', NULL, NULL, NULL, 2, 'edfsf', 'dsfsd', 'Armando Mavie', 'DAF', 0, 0, 0, 0, 'a807e772374304e6804afcb1727f6beb.pdf', 'C:/wamp/www/sigdoc/assets/correspondencias/16-04-2019/a807e772374304e6804afcb1727f6beb.pdf', 'http://[::1]/sigdoc/assets/correspondencias/16-04-2019/a807e772374304e6804afcb1727f6beb.pdf', 'DAF', 2, '2019-04-16'),
(14, 'ATA Nº SN-14/DRH/19', 'Interna', 2, 3, 3, 4, 'SN-14', '14/001.1/DAF/19', 8, 0, NULL, 0, 'ççº', '~çº', 'Armando Mavie', 'DAF', 0, 0, 0, 0, '4e819c40b6044a7cbb8d65bde151deeb.pdf', 'C:/wamp/www/sigdoc/assets/correspondencias/17-04-2019/4e819c40b6044a7cbb8d65bde151deeb.pdf', 'http://[::1]/sigdoc/assets/correspondencias/17-04-2019/4e819c40b6044a7cbb8d65bde151deeb.pdf', 'DAF', 2, '2019-04-17'),
(15, 'ATA Nº SN-15/DGGQ/19', 'Interna', 1, 3, 3, 4, 'SN-15', '15/001.1/DAF/19', 10, 0, NULL, 0, 'op+po+', 'op+', 'Armando Mavie', 'DAF', 0, 0, 0, 0, '42bb739ffce61a60b23139ca9f4b1900.pdf', 'C:/wamp/www/sigdoc/assets/correspondencias/17-04-2019/42bb739ffce61a60b23139ca9f4b1900.pdf', 'http://[::1]/sigdoc/assets/correspondencias/17-04-2019/42bb739ffce61a60b23139ca9f4b1900.pdf', 'DAF', 2, '2019-04-17');

-- --------------------------------------------------------

--
-- Estrutura da tabela `corre_sigiloso`
--

CREATE TABLE IF NOT EXISTS `corre_sigiloso` (
  `idCorre_sigiloso` int(200) NOT NULL AUTO_INCREMENT,
  `categoria` varchar(200) NOT NULL,
  `tipoProviniencia` varchar(200) NOT NULL,
  `proviniencia` varchar(200) NOT NULL,
  `dataEmissao` varchar(200) NOT NULL,
  `observacao` text NOT NULL,
  `prioridade` varchar(200) NOT NULL,
  `usuarioId` varchar(200) NOT NULL,
  `origem` varchar(200) NOT NULL,
  `numCorrespondencia` varchar(200) NOT NULL,
  `destinatarioId` int(11) NOT NULL,
  PRIMARY KEY (`idCorre_sigiloso`),
  KEY `fk_corre_sigiloso_destinatario` (`destinatarioId`)
) ENGINE=InnoDB DEFAULT CHARSET=latin1 AUTO_INCREMENT=1 ;

-- --------------------------------------------------------

--
-- Estrutura da tabela `departamentos`
--

CREATE TABLE IF NOT EXISTS `departamentos` (
  `id` int(11) NOT NULL AUTO_INCREMENT,
  `direcoes_id` int(11) DEFAULT NULL,
  `nome` varchar(200) DEFAULT NULL,
  `abreviatura` varchar(45) DEFAULT NULL,
  `data_criacao` varchar(45) DEFAULT NULL,
  `data_alteracao` varchar(200) DEFAULT NULL,
  `estados_id` int(11) DEFAULT NULL,
  PRIMARY KEY (`id`),
  KEY `fk_departamentos_direcoes` (`direcoes_id`)
) ENGINE=InnoDB  DEFAULT CHARSET=latin1 AUTO_INCREMENT=54 ;

--
-- Extraindo dados da tabela `departamentos`
--

INSERT INTO `departamentos` (`id`, `direcoes_id`, `nome`, `abreviatura`, `data_criacao`, `data_alteracao`, `estados_id`) VALUES
(1, 12, 'Departamento de Tecnologias de Informação e Comunicação', 'DTIC', '2019-04-10', '', 1),
(2, 12, 'Departamento de Comunicação e Imagem', 'DCI', '2019-04-10', '', 1),
(3, 7, 'Departamento de Infra-Estruturas e Equipamentos', 'DIE', '2019-04-10', '', 1),
(4, 3, 'Departamento das Juntas de Saúde', 'DJS', '2019-04-10', '', 1),
(5, 9, 'Departamento de Aquisições', 'DA', '2019-04-10', '', 1),
(6, 9, 'Centro de Abastecimento', 'CA', '2019-04-10', '', 1),
(7, 9, 'Lar de Maxaquene (Casa dos Medicos)', 'LM', '2019-04-10', '', 1),
(8, 8, 'Departamento de Administração de Pessoal', 'DAP', '2019-04-10', '', 1),
(9, 3, 'Departamento de Inspenção de Cuidados de Saúde', 'DICS', '2019-04-10', '', 1),
(10, 1, 'Departamento de Inspenção Farmaceutica', 'DIF', '2019-04-10', '', 1),
(11, 1, 'Departamento de Inspenção de Formação de Prof', 'DIFPS', '2019-04-10', '', 1),
(12, 1, 'Departamento de Inspenção Administartiva', 'DIA', '2019-04-10', '', 1),
(13, 2, 'Departamento de Saúde Familiar', 'DSF', '2019-04-10', '', 1),
(14, 2, 'Departamento de Nutrição', 'DN', '2019-04-10', '', 1),
(15, 2, 'Departamento de Promoção de Saúde', 'DPROS', '2019-04-10', '', 1),
(16, 2, 'Departamento de Saúde Mental', 'DSM', '2019-04-10', '', 1),
(17, 2, 'Departamento de Vigilância em Saúde', 'DVS', '2019-04-10', '', 1),
(18, 2, 'Departamento de Prevenção e Controlo de Doenças', 'DPCD', '2019-04-10', '', 1),
(19, 2, 'Departamento de Saúde Ambiental', 'DSA', '2019-04-10', '', 1),
(20, 2, 'Departamento de Programas Nacionais de Saúde', 'DPNS', '2019-04-10', '', 1),
(21, 2, 'Departamento de Controlo da Qualidade de Agua', 'DCQAA', '2019-04-10', '', 1),
(22, 3, 'Departamento de Cuidados de Saùde Primários', 'DCSP', '2019-04-10', '', 1),
(23, 3, 'Departamento de Administração e Gestão das Unidades Sanitarias', 'DAGUS', '2019-04-10', '', 1),
(24, 3, 'Departamento de Atenção Médica Especializada', 'DAME', '2019-04-10', '', 1),
(25, 3, 'Departamento de Enfermagem', 'DE', '2019-04-10', '', 1),
(26, 3, 'Departamento de Meios Auxiliares e Diagnostic', 'DMAD', '2019-04-10', '', 1),
(27, 3, 'Departamento de Terapêutica Hospitalar', 'DTH', '2019-04-10', '', 1),
(28, 3, 'Departamento de Humanização dos Cuidados de Saúde', 'DHCS', '2019-04-10', '', 1),
(29, 7, 'Departamento de Informação para Saúde', 'DIS', '2019-04-10', '', 1),
(30, 7, 'Departamento de Planificação e Economia Sanitaria', 'DPES', '2019-04-10', '', 1),
(31, 7, 'Departamento de Cooperação Internacional', 'DepCI', '2019-04-10', '', 1),
(32, 7, 'Departamento de Monitoria e Avaliação', 'DMA', '2019-04-10', '', 1),
(33, 7, 'Departamento de Coordenação de Projectos', 'DCP', '2019-04-10', '', 1),
(34, 8, 'Departamento de Planificação e Recursos Human', 'DPRH', '2019-04-10', '', 1),
(35, 8, 'Departamento de Administração do Pessoal', 'DepAP', '2019-04-10', '', 1),
(36, 8, 'Departamento de Normas e Procedimentos', 'DNP', '2019-04-10', '', 1),
(37, 9, 'Departamento Financeiro', 'DF', '2019-04-10', '', 1),
(38, 9, 'Departamento de Logistica', 'DL', '2019-04-10', '', 1),
(39, 8, 'Departamento de Administração e Gestão Documental', 'DAGD', '2019-04-10', '', 1),
(40, 9, 'Departamento de Análise, Estatistica e Planea', 'DAEP', '2019-04-10', '', 1),
(41, 9, 'Departamento de Protocolo', 'DP', '2019-04-10', '', 1),
(42, 6, 'Departamento Socio-Antropológico e Etnobocâni', 'DSAAE', '2019-04-10', '', 1),
(43, 6, 'Departamento de Fitoquímica e Controle de Qua', 'DFCQ', '2019-04-10', '', 1),
(44, 6, 'Departamento de Ensaios Biologicos e Clínicos', 'DEBC', '2019-04-10', '', 1),
(45, 5, 'Departamento de Formação Inicial', 'DFI', '2019-04-10', '', 1),
(46, 5, 'Departamento De Formação Contínua', 'DFC', '2019-04-10', '', 1),
(47, 5, 'Departamento de Formação Médica Especializada', 'DFME', '2019-04-10', '', 1),
(48, 5, 'Departamento de Acreditação e Certificação', 'DAC', '2019-04-10', '', 1),
(49, 4, 'Departamento de Avaliação de Medicamentos, Va', 'DAMVPBS', '2019-04-10', '', 1),
(50, 4, 'Departamento de Licenciamento Farmaceutico', 'DLF', '2019-04-10', '', 1),
(51, 4, 'Departamento de Farmacovigilancia e Uso Racio', 'DFURM', '2019-04-10', '', 1),
(52, 4, 'Departamento de comprovação de Qualidade de m', 'DCQMVPB', '2019-04-10', '', 1),
(53, 4, 'Departamento de regulamentação e Vigilância d', 'DRVM', '2019-04-10', '', 1);

-- --------------------------------------------------------

--
-- Estrutura da tabela `despacho`
--

CREATE TABLE IF NOT EXISTS `despacho` (
  `id` int(11) NOT NULL AUTO_INCREMENT,
  `correspondencias_id` int(11) NOT NULL,
  `aguardarInstrucoes` varchar(200) DEFAULT NULL,
  `darSeguimento` varchar(200) DEFAULT NULL,
  `prepararCarta` varchar(200) DEFAULT NULL,
  `apreciar` varchar(200) DEFAULT NULL,
  `devolver` varchar(200) DEFAULT NULL,
  `prepararResposta` varchar(200) DEFAULT NULL,
  `aprovar` varchar(200) DEFAULT NULL,
  `esclarecer` varchar(200) DEFAULT NULL,
  `providenciar` varchar(200) DEFAULT NULL,
  `arquivar` varchar(200) DEFAULT NULL,
  `enviarProcesso` varchar(200) DEFAULT NULL,
  `reter` varchar(200) DEFAULT NULL,
  `assinar` varchar(200) DEFAULT NULL,
  `estudar` varchar(200) DEFAULT NULL,
  `tirarCopias` varchar(200) DEFAULT NULL,
  `autorizar` varchar(200) DEFAULT NULL,
  `falarComigo` varchar(200) DEFAULT NULL,
  `tirarFotocopias` varchar(200) DEFAULT NULL,
  `conferir` varchar(200) DEFAULT NULL,
  `habilitar` varchar(200) DEFAULT NULL,
  `tomarConhecimento` varchar(200) DEFAULT NULL,
  `confirmar` varchar(200) DEFAULT NULL,
  `informar` varchar(200) DEFAULT NULL,
  `traduzir` varchar(200) DEFAULT NULL,
  `corrigir` varchar(200) DEFAULT NULL,
  `reuniao` varchar(200) DEFAULT NULL,
  `visar` varchar(200) DEFAULT NULL,
  `dactilografar` varchar(200) DEFAULT NULL,
  `juntarProcesso` varchar(200) DEFAULT NULL,
  `passarAoSr` varchar(200) DEFAULT NULL,
  `voltarProcesso` varchar(200) DEFAULT NULL,
  `darParecer` varchar(200) DEFAULT NULL,
  `observacao` varchar(2000) DEFAULT NULL,
  `data_despacho` varchar(45) DEFAULT NULL,
  `usuarios_id` int(11) DEFAULT NULL,
  PRIMARY KEY (`id`),
  KEY `fk_despacho_correspondencia` (`correspondencias_id`),
  KEY `fk_despacho_usuarios` (`usuarios_id`)
) ENGINE=InnoDB DEFAULT CHARSET=latin1 AUTO_INCREMENT=1 ;

-- --------------------------------------------------------

--
-- Estrutura da tabela `destinatario`
--

CREATE TABLE IF NOT EXISTS `destinatario` (
  `idDestinatario` int(11) NOT NULL AUTO_INCREMENT,
  `nomeDestinatario` varchar(45) DEFAULT NULL,
  `cargoId` int(11) DEFAULT NULL,
  PRIMARY KEY (`idDestinatario`),
  KEY `fk_destinatario_cargo` (`cargoId`)
) ENGINE=InnoDB  DEFAULT CHARSET=latin1 AUTO_INCREMENT=5 ;

--
-- Extraindo dados da tabela `destinatario`
--

INSERT INTO `destinatario` (`idDestinatario`, `nomeDestinatario`, `cargoId`) VALUES
(1, 'Momad Sumalgy', 1),
(2, 'Armando Mavie', 3),
(3, 'Julia Chiluvane', 3),
(4, 'Armando Mavie', 5);

-- --------------------------------------------------------

--
-- Estrutura da tabela `destino_tramitar`
--

CREATE TABLE IF NOT EXISTS `destino_tramitar` (
  `id` int(11) NOT NULL AUTO_INCREMENT,
  `tramitar_id` int(11) NOT NULL,
  `direcoes_id` int(11) DEFAULT NULL,
  `departamentos_id` int(11) DEFAULT NULL,
  `reparticoes_id` int(11) DEFAULT NULL,
  `data_destino_tramitar` varchar(45) NOT NULL,
  `usuarios_id` int(11) NOT NULL,
  PRIMARY KEY (`id`),
  KEY `fk_confirmar_tramitar` (`tramitar_id`),
  KEY `fk_confirmar_usuarios` (`usuarios_id`),
  KEY `fk_confirmar_direcoes` (`direcoes_id`)
) ENGINE=InnoDB DEFAULT CHARSET=latin1 AUTO_INCREMENT=1 ;

-- --------------------------------------------------------

--
-- Estrutura da tabela `direcoes`
--

CREATE TABLE IF NOT EXISTS `direcoes` (
  `id` int(11) NOT NULL AUTO_INCREMENT,
  `nome` varchar(45) DEFAULT NULL,
  `abreviatura` varchar(45) DEFAULT NULL,
  `data_criacao` varchar(45) DEFAULT NULL,
  `data_alteracao` varchar(200) DEFAULT NULL,
  `estados_id` int(11) DEFAULT NULL,
  PRIMARY KEY (`id`)
) ENGINE=InnoDB  DEFAULT CHARSET=latin1 AUTO_INCREMENT=13 ;

--
-- Extraindo dados da tabela `direcoes`
--

INSERT INTO `direcoes` (`id`, `nome`, `abreviatura`, `data_criacao`, `data_alteracao`, `estados_id`) VALUES
(1, 'Inspecção da Saúde', 'IS', '2019-04-10', '', 1),
(2, 'Direção Nacional de Saúde Pública', 'DNSP', '2019-04-10', '', 1),
(3, 'Direção Nacional de Assistência Médica', 'DNAM', '2019-04-10', '', 1),
(4, 'Direção Nacional de Farmácia', 'DNF', '2019-04-10', '', 1),
(5, 'Direção Nacional de Formação de Profissionais', 'DNFPS', '2019-04-10', '', 1),
(6, 'Direção Nacional de Medicina Tradicional e Al', 'DNMTA', '2019-04-10', '', 1),
(7, 'Direção de Planificação e Cooperação', 'DPC', '2019-04-10', '', 1),
(8, 'Direção de Recursos Humanos', 'DRH', '2019-04-10', '', 1),
(9, 'Direção de Administração e Finanças', 'DAF', '2019-04-10', '', 1),
(10, 'Direção de Gestão de Garantia de Qualidade', 'DGGQ', '2019-04-10', '', 1),
(11, 'Gabinete Jurídico', 'GJ', '2019-04-10', '', 1),
(12, 'Gabinete do Ministro', 'GM', '2019-04-10', '', 1);

-- --------------------------------------------------------

--
-- Estrutura da tabela `emitente`
--

CREATE TABLE IF NOT EXISTS `emitente` (
  `id` int(11) NOT NULL AUTO_INCREMENT,
  `nome` varchar(255) DEFAULT 'MINISTÉRIO DA SAÚDE',
  `extensao` int(11) DEFAULT NULL,
  `telefone` varchar(20) DEFAULT NULL,
  `email` varchar(255) DEFAULT NULL,
  `url_logo` varchar(225) DEFAULT NULL,
  PRIMARY KEY (`id`)
) ENGINE=InnoDB  DEFAULT CHARSET=latin1 AUTO_INCREMENT=3 ;

--
-- Extraindo dados da tabela `emitente`
--

INSERT INTO `emitente` (`id`, `nome`, `extensao`, `telefone`, `email`, `url_logo`) VALUES
(1, 'MINISTÉRIO DA SAÚDE', 193, '1111111111', 'gm@misau.gov.mz', 'http://172.16.244.50/sigdoc/assets/uploads/e251ccec3263b110737af940317da3b2.png'),
(2, 'MINISTÉRIO DA SAÚDE', 150, '848912752', 'daf@misau.gov.mz', 'http://172.16.244.50/sigdoc/assets/uploads/e251ccec3263b110737af940317da3b2.png');

-- --------------------------------------------------------

--
-- Estrutura da tabela `estados`
--

CREATE TABLE IF NOT EXISTS `estados` (
  `id` int(11) NOT NULL AUTO_INCREMENT,
  `nome` varchar(45) DEFAULT NULL,
  `data_criacao` varchar(45) DEFAULT NULL,
  PRIMARY KEY (`id`)
) ENGINE=InnoDB  DEFAULT CHARSET=latin1 AUTO_INCREMENT=3 ;

--
-- Extraindo dados da tabela `estados`
--

INSERT INTO `estados` (`id`, `nome`, `data_criacao`) VALUES
(1, 'Activo', '31/01/2019'),
(2, 'Inactivo', '31/01/2019');

-- --------------------------------------------------------

--
-- Estrutura da tabela `logs`
--

CREATE TABLE IF NOT EXISTS `logs` (
  `idLogs` int(11) NOT NULL AUTO_INCREMENT,
  `usuario` varchar(80) DEFAULT NULL,
  `tarefa` varchar(100) DEFAULT NULL,
  `data` date DEFAULT NULL,
  `hora` time DEFAULT NULL,
  `ip` varchar(45) DEFAULT NULL,
  PRIMARY KEY (`idLogs`)
) ENGINE=InnoDB DEFAULT CHARSET=latin1 AUTO_INCREMENT=1 ;

-- --------------------------------------------------------

--
-- Estrutura da tabela `parecer`
--

CREATE TABLE IF NOT EXISTS `parecer` (
  `id` int(11) NOT NULL AUTO_INCREMENT,
  `correspondencias_id` int(11) NOT NULL,
  `destinatario` varchar(45) DEFAULT NULL,
  `parecer` text NOT NULL,
  `data_parecer` varchar(45) NOT NULL,
  `usuarios_id` int(11) NOT NULL,
  PRIMARY KEY (`id`),
  KEY `fk_parecer_correspondencia` (`correspondencias_id`),
  KEY `fk_parecer_usuarios` (`usuarios_id`)
) ENGINE=InnoDB  DEFAULT CHARSET=latin1 AUTO_INCREMENT=3 ;

--
-- Extraindo dados da tabela `parecer`
--

INSERT INTO `parecer` (`id`, `correspondencias_id`, `destinatario`, `parecer`, `data_parecer`, `usuarios_id`) VALUES
(1, 2, 'DAF', '', '2019-04-14', 5),
(2, 4, 'DAF', '', '2019-04-14', 5);

-- --------------------------------------------------------

--
-- Estrutura da tabela `permissoes`
--

CREATE TABLE IF NOT EXISTS `permissoes` (
  `idPermissao` int(11) NOT NULL AUTO_INCREMENT,
  `nome` varchar(80) NOT NULL,
  `permissoes` text,
  `situacao` tinyint(1) DEFAULT NULL,
  `data` date DEFAULT NULL,
  PRIMARY KEY (`idPermissao`)
) ENGINE=InnoDB  DEFAULT CHARSET=latin1 AUTO_INCREMENT=6 ;

--
-- Extraindo dados da tabela `permissoes`
--

INSERT INTO `permissoes` (`idPermissao`, `nome`, `permissoes`, `situacao`, `data`) VALUES
(1, 'Super User', 'a:39:{s:16:"aCorrespondencia";s:1:"1";s:16:"eCorrespondencia";s:1:"1";s:16:"dCorrespondencia";s:1:"1";s:16:"vCorrespondencia";s:1:"1";s:10:"iProtocolo";s:1:"1";s:16:"tCorrespondencia";s:1:"1";s:16:"pCorrespondencia";s:1:"1";s:19:"despCorrespondencia";s:1:"1";s:12:"confRecepcao";s:1:"1";s:18:"detCorrespondencia";s:1:"1";s:16:"iCorrespondencia";s:1:"1";s:10:"Relatorios";s:1:"1";s:9:"estEstado";s:1:"1";s:11:"estDespacho";s:1:"1";s:11:"estRecebido";N;s:11:"estPendente";s:1:"1";s:8:"vTipoDoc";s:1:"1";s:8:"eTipoDoc";s:1:"1";s:8:"dTipoDoc";s:1:"1";s:8:"aDirecao";s:1:"1";s:8:"eDirecao";s:1:"1";s:8:"dDirecao";s:1:"1";s:8:"vDirecao";s:1:"1";s:13:"aDepartamento";s:1:"1";s:13:"eDepartamento";s:1:"1";s:13:"dDepartamento";s:1:"1";s:13:"vDepartamento";s:1:"1";s:11:"aReparticao";s:1:"1";s:11:"eReparticao";s:1:"1";s:11:"dReparticao";s:1:"1";s:11:"vReparticao";s:1:"1";s:8:"cUsuario";s:1:"1";s:9:"cEmitente";s:1:"1";s:10:"cPermissao";s:1:"1";s:7:"cBackup";s:1:"1";s:14:"aClassificacao";s:1:"1";s:14:"eClassificacao";s:1:"1";s:14:"dClassificacao";s:1:"1";s:14:"vClassificacao";s:1:"1";}', 1, '2014-09-03'),
(2, 'Administrador', 'a:39:{s:16:"aCorrespondencia";s:1:"1";s:16:"eCorrespondencia";s:1:"1";s:16:"dCorrespondencia";s:1:"1";s:16:"vCorrespondencia";s:1:"1";s:10:"iProtocolo";s:1:"1";s:16:"tCorrespondencia";s:1:"1";s:16:"pCorrespondencia";s:1:"1";s:19:"despCorrespondencia";s:1:"1";s:12:"confRecepcao";s:1:"1";s:18:"detCorrespondencia";s:1:"1";s:16:"iCorrespondencia";s:1:"1";s:10:"Relatorios";s:1:"1";s:9:"estEstado";s:1:"1";s:11:"estDespacho";s:1:"1";s:11:"estRecebido";N;s:11:"estPendente";s:1:"1";s:8:"vTipoDoc";s:1:"1";s:8:"eTipoDoc";s:1:"1";s:8:"dTipoDoc";s:1:"1";s:8:"aDirecao";s:1:"1";s:8:"eDirecao";s:1:"1";s:8:"dDirecao";s:1:"1";s:8:"vDirecao";s:1:"1";s:13:"aDepartamento";s:1:"1";s:13:"eDepartamento";s:1:"1";s:13:"dDepartamento";s:1:"1";s:13:"vDepartamento";s:1:"1";s:11:"aReparticao";s:1:"1";s:11:"eReparticao";s:1:"1";s:11:"dReparticao";s:1:"1";s:11:"vReparticao";s:1:"1";s:8:"cUsuario";s:1:"1";s:9:"cEmitente";s:1:"1";s:10:"cPermissao";s:1:"1";s:7:"cBackup";s:1:"1";s:14:"aClassificacao";s:1:"1";s:14:"eClassificacao";s:1:"1";s:14:"dClassificacao";s:1:"1";s:14:"vClassificacao";s:1:"1";}', 1, '2017-10-11'),
(3, 'Director(a)', 'a:39:{s:16:"aCorrespondencia";N;s:16:"eCorrespondencia";N;s:16:"dCorrespondencia";N;s:16:"vCorrespondencia";s:1:"1";s:10:"iProtocolo";N;s:16:"tCorrespondencia";N;s:16:"pCorrespondencia";N;s:19:"despCorrespondencia";s:1:"1";s:12:"confRecepcao";N;s:18:"detCorrespondencia";N;s:16:"iCorrespondencia";s:1:"1";s:10:"Relatorios";N;s:9:"estEstado";s:1:"1";s:11:"estDespacho";s:1:"1";s:11:"estRecebido";N;s:11:"estPendente";s:1:"1";s:8:"vTipoDoc";N;s:8:"eTipoDoc";N;s:8:"dTipoDoc";N;s:8:"aDirecao";N;s:8:"eDirecao";N;s:8:"dDirecao";N;s:8:"vDirecao";N;s:13:"aDepartamento";N;s:13:"eDepartamento";N;s:13:"dDepartamento";N;s:13:"vDepartamento";N;s:11:"aReparticao";N;s:11:"eReparticao";N;s:11:"dReparticao";N;s:11:"vReparticao";N;s:8:"cUsuario";N;s:9:"cEmitente";N;s:10:"cPermissao";N;s:7:"cBackup";N;s:14:"aClassificacao";N;s:14:"eClassificacao";N;s:14:"dClassificacao";N;s:14:"vClassificacao";N;}', 1, '2017-10-11'),
(4, 'Chefe da Secretaria', 'a:39:{s:16:"aCorrespondencia";N;s:16:"eCorrespondencia";N;s:16:"dCorrespondencia";N;s:16:"vCorrespondencia";s:1:"1";s:10:"iProtocolo";s:1:"1";s:16:"tCorrespondencia";s:1:"1";s:16:"pCorrespondencia";s:1:"1";s:19:"despCorrespondencia";N;s:12:"confRecepcao";s:1:"1";s:18:"detCorrespondencia";s:1:"1";s:16:"iCorrespondencia";s:1:"1";s:10:"Relatorios";s:1:"1";s:9:"estEstado";s:1:"1";s:11:"estDespacho";s:1:"1";s:11:"estRecebido";N;s:11:"estPendente";s:1:"1";s:8:"vTipoDoc";N;s:8:"eTipoDoc";N;s:8:"dTipoDoc";N;s:8:"aDirecao";N;s:8:"eDirecao";N;s:8:"dDirecao";N;s:8:"vDirecao";N;s:13:"aDepartamento";N;s:13:"eDepartamento";N;s:13:"dDepartamento";N;s:13:"vDepartamento";N;s:11:"aReparticao";N;s:11:"eReparticao";N;s:11:"dReparticao";N;s:11:"vReparticao";N;s:8:"cUsuario";N;s:9:"cEmitente";N;s:10:"cPermissao";N;s:7:"cBackup";N;s:14:"aClassificacao";N;s:14:"eClassificacao";N;s:14:"dClassificacao";N;s:14:"vClassificacao";N;}', 1, '2017-11-28'),
(5, 'Técnico Administrativo', 'a:39:{s:16:"aCorrespondencia";s:1:"1";s:16:"eCorrespondencia";N;s:16:"dCorrespondencia";N;s:16:"vCorrespondencia";s:1:"1";s:10:"iProtocolo";s:1:"1";s:16:"tCorrespondencia";N;s:16:"pCorrespondencia";N;s:19:"despCorrespondencia";N;s:12:"confRecepcao";s:1:"1";s:18:"detCorrespondencia";s:1:"1";s:16:"iCorrespondencia";s:1:"1";s:10:"Relatorios";N;s:9:"estEstado";s:1:"1";s:11:"estDespacho";s:1:"1";s:11:"estRecebido";N;s:11:"estPendente";s:1:"1";s:8:"vTipoDoc";N;s:8:"eTipoDoc";N;s:8:"dTipoDoc";N;s:8:"aDirecao";N;s:8:"eDirecao";N;s:8:"dDirecao";N;s:8:"vDirecao";N;s:13:"aDepartamento";N;s:13:"eDepartamento";N;s:13:"dDepartamento";N;s:13:"vDepartamento";N;s:11:"aReparticao";N;s:11:"eReparticao";N;s:11:"dReparticao";N;s:11:"vReparticao";N;s:8:"cUsuario";N;s:9:"cEmitente";N;s:10:"cPermissao";N;s:7:"cBackup";N;s:14:"aClassificacao";N;s:14:"eClassificacao";N;s:14:"dClassificacao";N;s:14:"vClassificacao";N;}', 1, '2017-12-04');

-- --------------------------------------------------------

--
-- Estrutura da tabela `prioridades`
--

CREATE TABLE IF NOT EXISTS `prioridades` (
  `id` int(11) NOT NULL AUTO_INCREMENT,
  `nome` varchar(45) DEFAULT NULL,
  `descricao` varchar(45) DEFAULT NULL,
  `data_criacao` varchar(45) DEFAULT NULL,
  PRIMARY KEY (`id`)
) ENGINE=InnoDB  DEFAULT CHARSET=latin1 AUTO_INCREMENT=5 ;

--
-- Extraindo dados da tabela `prioridades`
--

INSERT INTO `prioridades` (`id`, `nome`, `descricao`, `data_criacao`) VALUES
(1, 'Normal', NULL, '31/03/2019'),
(2, 'Urgente', NULL, '31/03/2019'),
(3, 'Muito Urgente', NULL, '31/03/2019'),
(4, 'Outros', NULL, '31/03/2019');

-- --------------------------------------------------------

--
-- Estrutura da tabela `pro_externa`
--

CREATE TABLE IF NOT EXISTS `pro_externa` (
  `id` int(200) NOT NULL AUTO_INCREMENT,
  `nome` varchar(200) DEFAULT NULL,
  `abreviatura` varchar(200) DEFAULT NULL,
  `email` varchar(200) DEFAULT NULL,
  `contacto` varchar(200) DEFAULT NULL,
  `endereco` varchar(200) DEFAULT NULL,
  `data_criacao` varchar(45) NOT NULL,
  PRIMARY KEY (`id`)
) ENGINE=InnoDB  DEFAULT CHARSET=latin1 AUTO_INCREMENT=21 ;

--
-- Extraindo dados da tabela `pro_externa`
--

INSERT INTO `pro_externa` (`id`, `nome`, `abreviatura`, `email`, `contacto`, `endereco`, `data_criacao`) VALUES
(1, 'Ministério da Educação e Desenvolvimento Humano', 'MINED', '', '', '', ''),
(2, 'Ministério da Ciência e Tecnologia Ensino Superior e Técnico Profissional', 'MCTESTP', '', '', '', ''),
(3, 'Ministério da Cultura e Turismo', 'MICULTUR', '', '', '', ''),
(4, 'Ministério do Trabalho, Emprego e Segurança Social', 'MITESS', '', '', '', ''),
(5, 'Ministério dos Negócios Estrangeiros e Cooperação', 'MINEC', '', '', '', ''),
(6, 'Ministério do Interior', 'MINT', '', '', '', ''),
(7, 'Ministério da Economia e Finanças', 'MEF', '', '', '', ''),
(8, 'Ministério dos Transportes e Comunicação', 'MTC', '', '', '', ''),
(9, 'Ministério da Agricultura e Segurança Alimentar', 'MASA', '', '', '', ''),
(10, 'Ministério do Género, Criança e Acção Social', 'MIGCAS', '', '', '', ''),
(11, 'Ministério do Mar, Águas Interiores e Pescas', 'MOZPESCA', '', '', '', ''),
(12, 'Ministério dos Recursos Minerais e Energia', 'MIREME', '', '', '', ''),
(13, 'Ministério da Indústria e Comércio', 'MIC', '', '', '', ''),
(14, 'Ministério da Saude', 'MISAU', 'misau@misau.gov.mz', '8481216', 'Av. Eduardo Modlane', ''),
(15, 'teste', 'teste', '', '', '', ''),
(16, 'Ministério do HipHop', 'MIH', 'mih@gov.mz', '88888888', 'Bairro Central', ''),
(17, 'Teste2', 'Teste2', 'Teste2@gmai.com', '8489', 'Av. Eduardo Modlane 1', ''),
(18, 'Armando Arlindo Mavie', 'AM', 'armandomaviee@gmail.com', '848912752', 'Matola-fomento', ''),
(19, 'Jembi Moassis', 'Moassis', '', '', '', '2019-04-16'),
(20, 'Pastelaria Nilo', 'Pastelaria Nilo', '', '', '', '2019-04-16');

-- --------------------------------------------------------

--
-- Estrutura da tabela `reparticoes`
--

CREATE TABLE IF NOT EXISTS `reparticoes` (
  `id` int(11) NOT NULL AUTO_INCREMENT,
  `nome` varchar(200) DEFAULT NULL,
  `abreviatura` varchar(45) NOT NULL,
  `departamentos_id` int(11) DEFAULT NULL,
  PRIMARY KEY (`id`),
  KEY `fk_reparticoes_departamentos` (`departamentos_id`)
) ENGINE=InnoDB  DEFAULT CHARSET=latin1 AUTO_INCREMENT=49 ;

--
-- Extraindo dados da tabela `reparticoes`
--

INSERT INTO `reparticoes` (`id`, `nome`, `abreviatura`, `departamentos_id`) VALUES
(1, 'Setor de Atendimento ao Servidor', 'SAT', 8),
(2, 'Repartição de Inspenção  de Cuidados Curativos e Preventivos', 'RICCP', 9),
(3, 'Repartição de Inspenção  de Saúde Primários', 'RICSP', 9),
(4, 'Repartição de Inspenção  e Fiscalização de Aprovisionamento, Importação e Exportação de Produtos Farmaceuticos', 'RIFAIEPF', 10),
(5, 'Repartição de Inspenção e Fiscalização de Industria Farmaceutica', 'RIFIF', 10),
(6, 'Repartição de Inspenção de Formação de Profissionais de Saúde e Formação Contínua', 'RIFPSFC', 11),
(7, 'Repartiçaõ de Inspenção de Administração Académica', 'RIAA', 11),
(8, 'Repartição de Inspenção Administrativa', 'RIA', 12),
(9, 'Repartiçaõ de Saúde Sexual, Reprodutiva e Cuidados Continuados', 'RSSRCC', 13),
(10, 'Repartição de Saúde da Mulher', 'RSM', 13),
(11, 'Repartição de Saúde da Criança', 'RSC', 13),
(12, 'Repartição de Alimentação Infantil', 'RAI', 14),
(13, 'Repartição de Deficiêncica em Micronutrientes e Reabilitaçâo Nutricional', 'RDMRN', 14),
(14, 'Repartição de Vigiância Nutricional', 'RVN', 14),
(15, 'Repartição de Nutrição Clínica e Dietíca', 'RNCD', 14),
(16, 'Repartição de Educação e Comuicação para Saúde', 'RECS', 15),
(17, 'Repatição de Promoção de Práticas Desportivas', 'RPPD', 15),
(18, 'Repartição de Saúde Escolar e do Adolescente', 'RSEA', 15),
(19, 'Repartição de Advocacia e Mobilização Comunitária', 'RAMC', 15),
(20, 'Repartição de Prevenção de Abuso de Substâncias', 'RPAS', 16),
(21, 'Repartição de Cuidados de Saúde mental e Atenção Especial', 'RCSMAE', 16),
(22, 'Repartição de Vigilância de Doenças Não Transmissíveis', 'RVDN', 17),
(23, 'Repartição das Doenças Previniveis por Vacina', 'RDPV', 17),
(24, 'Repartição de Prevenção e Controlo das Zoonoses', 'RPCZ', 18),
(25, 'Repartição de Doenças Transmitidas por Vectores', 'RDTV', 18),
(26, 'Repartição de Prevenção de Controle de outras Doenças', 'RPCDC', 18),
(27, 'Repartição de  Controlo de Doenças Cardiovasculares, Diabetes e Cancros', 'RCDCDC', 18),
(28, 'Repartição de Alimentos Seguros', 'RASEG', 19),
(29, 'Repartição de Controlo Sanitário nos Pontos de Entrada', 'Repcspe', 19),
(30, 'Repartição de Higiene e proteccao Ambiental', 'RepHPA', 19),
(31, 'Reartição de Saúde Ocupacional', 'RepSO', 19),
(32, 'Repartição de Qualidade', 'RepQ', 20),
(33, 'Repartição de Microbiologia de Águas e Alimentos', 'RepMAA', 20),
(34, 'Repartição da Qualidade', 'RepQua', 6),
(35, 'Repartição de Quimica de Aguas, Alimentos e Contaminantes Ambientes', 'RepQAQCQ', 21),
(36, 'Repartição de Normas e Procedimentos de Gestão Hospitalar', 'RepMPGH', 23),
(37, 'Repartição de Estatísticas e Arquivos Clínicos', 'RepEAC', 23),
(38, 'Repartição de Hotelaria Hospitalar', 'RepHH', 23),
(39, 'Repartição de Privada', 'RepPri', 23),
(40, 'Repartição de Anestesia, Reanimação e Urgencias Hospitalares', 'RepARUH', 24),
(41, 'Repartição de Normalização e Supervisão practica de Enfermagem', 'RepNSPE', 25),
(42, 'Repartição dos blocos Operatórios', 'RepBO', 25),
(43, 'Repartição de Prevenção e Controlo de Infecções e Segurança do Utente', 'RepPCISU', 25),
(44, 'Repartição de Imagiologia e Radiotrapia', 'RepIR', 26),
(45, 'Repartição de Laboratório Clinico', 'RepLC', 26),
(46, 'Repartição de Medicina Legal', 'RepML', 26),
(47, 'Repartição de Humanização dos Provedores de Saúde', 'RepHPS', 28),
(48, 'Repartição de Apoio do utente e dos Comités de co-gestão', 'RepAUCcg', 28);

-- --------------------------------------------------------

--
-- Estrutura da tabela `tipo_doc`
--

CREATE TABLE IF NOT EXISTS `tipo_doc` (
  `id` int(11) NOT NULL AUTO_INCREMENT,
  `nome` varchar(200) DEFAULT NULL,
  `descricao` varchar(200) DEFAULT NULL,
  PRIMARY KEY (`id`)
) ENGINE=InnoDB  DEFAULT CHARSET=latin1 AUTO_INCREMENT=24 ;

--
-- Extraindo dados da tabela `tipo_doc`
--

INSERT INTO `tipo_doc` (`id`, `nome`, `descricao`) VALUES
(1, 'CARTA', ''),
(2, 'CONVITE', ''),
(3, 'ATA', 'Documento de valor jurídico, que consiste em registro narrativo fidedigno e decisões do que passou em uma assembleia, sessão ou reunião. Pode ser lavrada em livro próprio, autenticado, com páginas num'),
(4, 'ATESTADO', 'Documento firmado por servidor em razão do cargo que ocupa, ou função que exerce, declarando um fato existente, mas que não consta em livros, papéis ou documentos em poder da Administração.'),
(5, 'CERTIDÃO', 'Documento fornecido pela administração ao interessado, afirmando a existência de ato ou assentamentos constantes de processo, livro ou documentos que se encontrem nas repartições públicas. Pode ser de'),
(6, 'COMUNICADO', 'O comunicado é um tipo de aviso ou recado oficial, que é utilizado com o objetivo de passar uma determinada informação. Uma empresa, um colégio, órgãos da administração pública, entre outros costumam '),
(7, 'CIRCULAR', 'Correspondência de caráter interno da Instituição, expedida simultaneamente a diversos destinatários, com o objetivo de transmitir rotinas, orientações, procedimentos, esclarecer o conteúdo de leis, n'),
(8, 'CONVOCAÇÃO', 'Convocação é uma forma de comunicação escrita em que se convida ou chama alguém para uma reunião. Na elaboração do texto, é necessário especificar local, data, finalidade. A garantia da inteligibilida'),
(9, 'CONTRATO', 'Instrumento jurídico em que se firmam direitos e obrigações entre duas ou mais pessoas, sobre objeto lícito e possível, com o fim de adquirir, modificar, extinguir ou resguardar direitos. Contrato adm'),
(10, 'CONVÊNIO', 'Acordo bilateral e multilateral celebrado entre entidades públicas e outra ou outras entidades públicas ou privadas para realização de objetivos de interesse comum dos partícipes. Convênio é acordo, m'),
(11, 'DECISÃO', 'Pronunciamento final de autoridade administrativa competente. É competência dos Conselhos Superiores e Centros Universitários.'),
(12, 'DECLARAÇÃO', 'Documento firmado por servidor em razão do cargo que ocupa, ou função que exerce, declarando um fato existente, que consta em livros, papéis ou documentos em poder da Administração.'),
(13, 'DESPACHO', 'É a decisão proferida pela autoridade administrativa no caso submetido à sua apreciação. Pode ser informativo ou decisório. Usualmente, parte integrante de processo. Quanto ao seu conteúdo pode ser de'),
(14, 'EDITAL', 'Instrumento de comunicação utilizado pela Administração Pública para fins de abertura de concorrência e de concurso público, provimento de cargo público, convocação de servidor, licitações e divulgaçã'),
(15, 'MEMORANDO', 'Comunicação interna utilizada pelas chefias ou servidores autorizados, na qual se expõe qualquer assunto referente à atividade administrativa. Pelas suas características de certa informalidade, o memo'),
(16, 'NORMA DE SERVIÇO', 'Comunicação interna destinada a estabelecer os procedimentos básicos para o funcionamento e fixa a política de ação da Universidade. Aplica as diretrizes e os critérios estabelecidos na legislação e e'),
(17, 'OFÍCIO', ' Comunicação que as autoridades fazem entre si, entre subalternos e superiores, e entre a Administração e particulares, em caráter oficial. É o tipo mais comum de correspondência oficial. Embora norma'),
(18, 'ORDEM DE SERVIÇO', 'Ato interno, através do qual determinam instruções a respeito de procedimentos estabelecidos em Norma de Serviço e Resolução, em obediência à determinação prescrita nestas, ou para esclarecer os seus '),
(19, 'PARECER', 'Estudo minucioso, redigido com clareza, documentado cientificamente, visando esclarecer a dúvida constitutiva do objeto de consulta.'),
(20, 'PROTOCOLO DE INTENÇÕES', 'Acordo bilateral celebrado entre a Universidade e outra entidade pública ou privada que querem fazer alguma parceria ou promover convênios, visando ações nas áreas de ensino, pesquisa e extensão. Assi'),
(21, 'REGULAMENTO', 'Ato normativo que constitui a lei do corpo administrativo a que se destina, sendo regra geral, produto de elaboração e revisão de Comissão instituída pelo Reitor. Constituída por servidores do próprio'),
(22, 'RELATÓRIO', 'Documento onde o servidor expõe a atividade de um órgão/setor ou presta conta de seus atos a uma autoridade, de nível hierárquico superior. Geralmente produzido para expor situações de serviço, result'),
(23, 'NOTA', '');

-- --------------------------------------------------------

--
-- Estrutura da tabela `tipo_pro`
--

CREATE TABLE IF NOT EXISTS `tipo_pro` (
  `id` int(11) NOT NULL AUTO_INCREMENT,
  `nome` varchar(45) DEFAULT NULL,
  PRIMARY KEY (`id`)
) ENGINE=InnoDB DEFAULT CHARSET=latin1 AUTO_INCREMENT=1 ;

-- --------------------------------------------------------

--
-- Estrutura da tabela `tramitar`
--

CREATE TABLE IF NOT EXISTS `tramitar` (
  `id` int(11) NOT NULL AUTO_INCREMENT,
  `correspondencias_id` int(11) NOT NULL,
  `direcoes_id` int(11) NOT NULL,
  `departamentos_id` int(11) DEFAULT '0',
  `reparticoes_id` int(11) DEFAULT '0',
  `observacao` varchar(45) DEFAULT NULL,
  `data_tramitar` varchar(200) DEFAULT NULL,
  `usuarios_id` int(11) NOT NULL,
  PRIMARY KEY (`id`),
  KEY `fk_tramitar_correspondencias` (`correspondencias_id`),
  KEY `fk_tramitar_usuarios` (`usuarios_id`),
  KEY `fk_tramitar_tramitar` (`direcoes_id`)
) ENGINE=InnoDB  DEFAULT CHARSET=latin1 AUTO_INCREMENT=11 ;

--
-- Extraindo dados da tabela `tramitar`
--

INSERT INTO `tramitar` (`id`, `correspondencias_id`, `direcoes_id`, `departamentos_id`, `reparticoes_id`, `observacao`, `data_tramitar`, `usuarios_id`) VALUES
(1, 15, 9, 0, 0, '', '2019-04-26 15:06:29', 2),
(2, 15, 3, 4, 0, 'Destinario fdsadsad', '2019-04-26 15:07:52', 2),
(3, 15, 7, 33, 0, 'sadsadz', '2019-04-26 15:07:52', 2),
(4, 15, 1, 11, 0, 'sadsad', '2019-04-26 15:07:52', 2),
(5, 15, 8, 39, 0, 'sadsa', '2019-04-26 15:07:52', 2),
(6, 15, 10, 0, 0, '', '2019-04-26 15:09:30', 2),
(7, 15, 9, 40, 0, 'dsfdsf', '2019-04-26 15:10:57', 2),
(8, 15, 9, 40, 0, 'dsfds', '2019-04-26 15:10:57', 2),
(9, 15, 7, 0, 0, 'sdfdsf', '2019-04-26 15:10:57', 2),
(10, 15, 2, 18, 24, 'ggfgfgffg', '2019-04-26 15:11:35', 2);

-- --------------------------------------------------------

--
-- Estrutura da tabela `usuarios`
--

CREATE TABLE IF NOT EXISTS `usuarios` (
  `id` int(11) NOT NULL AUTO_INCREMENT,
  `nome` varchar(80) NOT NULL,
  `apelido` varchar(20) DEFAULT NULL,
  `naturalidade` varchar(20) NOT NULL,
  `bairro` varchar(45) DEFAULT NULL,
  `cidade` varchar(45) DEFAULT NULL,
  `email` varchar(80) NOT NULL,
  `senha` varchar(200) NOT NULL,
  `contacto` varchar(20) NOT NULL,
  `cargo` varchar(20) DEFAULT NULL,
  `situacao` tinyint(1) NOT NULL,
  `dataCadastro` date NOT NULL,
  `permissoes_id` int(11) NOT NULL,
  `local` varchar(200) NOT NULL,
  `sexo` varchar(45) DEFAULT NULL,
  `dataNasc` date NOT NULL,
  PRIMARY KEY (`id`),
  KEY `fk_usuarios_permissoes1_idx` (`permissoes_id`)
) ENGINE=InnoDB  DEFAULT CHARSET=latin1 AUTO_INCREMENT=19 ;

--
-- Extraindo dados da tabela `usuarios`
--

INSERT INTO `usuarios` (`id`, `nome`, `apelido`, `naturalidade`, `bairro`, `cidade`, `email`, `senha`, `contacto`, `cargo`, `situacao`, `dataCadastro`, `permissoes_id`, `local`, `sexo`, `dataNasc`) VALUES
(1, 'Momad', 'Sumalgy', 'Nampula', 'krando', 'Maputo', 'msumalgy@misau.gov.mz', '7e51c73a0d5e198d977a94ed0a9063056d881b166843e18d6d14a6e353a0df8e0cab7a9ad2ed64b0e9773ec41c91a68f2c228082e347e51004827eafc2bff22cGD985qdwDIVUOBqr07QZcOspE9qQexkYny510/MdBuw=', '842908735', 'krando', 1, '0000-00-00', 3, 'GM/DTIC', 'Masculino', '1964-03-03'),
(2, 'Armando Arlindo', 'Mavie', 'Maputo', 'Armando', 'Matola', 'amavie@misau.gov.mz', '0437edccaac1316cc0ecd0b303b5269bc71577cd4a879c42c9830a69461f2b07b36c6212201828671dbc509ac92d510b1b1079f1099c22031ed62da3d858ad774pNwxHsTjG6j50auqreHldCVVGb49HRmgXF4hws9rYg=', '848912752', '4159623', 1, '2017-09-10', 1, 'DAF', 'Masculino', '1993-03-24'),
(3, 'Técnico Administrativo', 'Teste', 'Maputo', 'Polana Caniço', 'Maputo', 'tadministrativo_drh@misau.gov.mz', '5139c91d3a89e97aeee4208236615bba95c6c0db0f7b7be3d3fb507fb01f100a5d75d3a5aa93cbfa2ca5600905ef4fe3ae42ea8cddeebbdbc0feef9ef25d75fdnyXeN4WA/KUbQyU6GWv5u9W8KbOQbs9KWtl+C4Rzz78=', '842130858', 'Tecnico Informatico', 1, '0000-00-00', 5, 'DRH', 'Masculino', '1995-02-20'),
(4, 'Chefe da Secretaria', 'Secretaria', 'Mapuo', NULL, 'Matola', 'csecretaria_drh@misau.gov.mz', 'd2d6dda6f9d6382f9b9c1ae2006939a89eeb0b9740dd5bf22a06f00d6a947215b07b3d5dc0fb09b3fbe1f231327dcbda32f73ac3fdaa464bd81eb65182633d40Yw375OCT3kyO6h2aOXI6/PWhE5+A7sW39Gop0trKtIk=', '845189610', NULL, 1, '0000-00-00', 4, 'DRH', 'Masculino', '1980-07-03'),
(5, 'Mévies Esménia', 'Mugabe', 'Mapuo', NULL, 'Maputo', 'mmugabe@misau.gov.mz', '8cfebf6e45e3461c12746f2884eb7bc84c1d4cd568f976d17d4ad3c60f40637aa04e30d136a977f4b842e1ff91170d853ce9b0e8cf1a02aa241348bece3bf69asNMOhyaNddb9OB2WFANSe+F3yNhXYazfAKeC2ph+Kd0=', '842130858', NULL, 1, '0000-00-00', 1, 'DNAM', 'Femenino', '1996-01-30'),
(6, 'Director(a)', 'Director(a)', 'Maputo', NULL, 'Maputo', 'director_drh@misau.gov.mz', 'fbf3e656a917ebb6d05d39b61ee865161fa855c1a65389b3e0e28a1c997bb5db5692dd31b2fbf4b6cecc13e0f44fefc55b728adfd2f9735e2c8fbbaf5e6ab253yKua68Ztty1jIEookxvykc6jkeSdNs7N6j4WlEQNw1A=', '23423', NULL, 1, '0000-00-00', 3, 'DRH', 'Masculino', '1991-03-11'),
(7, 'Tecnico Administrativo', 'GM', 'Maputo', NULL, 'Maputo', 'tadministrativo_gm@misau.gov.mz', '4d89491c0dd25db0b053dea1e5948bf9f2961bc8247a7e48d52d765c996e6de58704a10a0a598afd62ff58bd1069e2a6bcc29c6b785a173f78703025ed0ea6e3FNnzcSAq7SctJPLQ1wIbjx3LVHy+5rQrLl0DoXZ9hcg=', '234324', NULL, 1, '0000-00-00', 5, 'GM', 'Masculino', '1993-11-11'),
(8, 'Chefe de Secretaria', 'GM', 'Maputo', NULL, 'Maputo', 'csecretaria_gm@misau.gov.mz', '8b76a5de7ec54422df9c6590d246d9695e727a0939102de8c4abe460ad59c6ea1875ecdaac46b172f42a3d81a93cd422dbded78d0d7bf5f82ebebaf65880eab8LuAqwiQmMJBSJRoZbXqKPirTgccQkedFoQf92Wi2Y0k=', '511', NULL, 1, '0000-00-00', 4, 'GM', 'Masculino', '1960-01-22'),
(9, 'Director(a)', 'GM', 'Maputo', NULL, 'Maputo', 'director_gm@misau.gov.mz', '471a3c19eb4f67f4a899dd900e10cd621aa521db4346032728547c3ed0071f976b86411ec761bcf4b28d6f47f2d4a7c1448f867f95b86962eeb3da921a1caea1TV+BBTOnrvF3TKyF+IgRdMP+aKEySrxudS7RkE0R3qg=', '115', NULL, 1, '0000-00-00', 3, 'GM', 'Masculino', '2000-04-20'),
(10, 'Tecnico Administrativo', 'IS', 'Maputo', NULL, 'Maputo', 'tadministrativo_is@misau.gov.mz', 'decd01c2bc605a5c5209fba8969ada0d9f23778b196e4b419bd1396347a16a46a4e7f2569064dc323d3557abf100277fae04b6172c2ac53bcbd999f590379d8agQwvMrhy+VDl0tmic9x3kuPgcIJi8QzS2g7vqr9dyKE=', '848912752', NULL, 1, '0000-00-00', 5, 'IS', 'Masculino', '2018-11-15'),
(11, 'Chefe de Secretaria', 'IS', 'Matola', NULL, 'Matola', 'csecretaria_is@misau.gov.mz', '17220aa5d586468090e5f6b69d1524fb6182c4cd7add93b3ee2d34e9b8cb87f65d7b618194feceb9140315639455939adb39884eac6003a55100e7cca69031d3BHdL5GVYlMLnhVbF5x1rNTe82XmVwJVkacfmq01/dPc=', '84751656', NULL, 1, '0000-00-00', 4, 'IS', 'Masculino', '2018-11-08'),
(12, 'Director(a)', 'IS', 'Matola', NULL, 'Matola', 'director_is@misau.gov.mz', '2b323b7e2403744a292b0deb553ed8ab0451ae420e393dfcc0dcefabbbd4b3b22e019693ca17808c36bbe2ed2c2f17ccfb330124460d20ed530ac077c7bb783f24aJ8ZD9b19HNZ5mfR26zPGqu2NPJtD2t/Hg4Lp09Oo=', '84751656', NULL, 1, '0000-00-00', 3, 'IS', 'Masculino', '2018-11-16'),
(13, 'Flora', 'Quitengue', 'Matola', NULL, 'Matola', 'fquitengue@misau.gov.mz', '1161ae0642fde47591e63a9277e920d8fdad8a5c7cdce9cb7feb9c3173c5f24a583ccaf6f0f871f970c033599d51a8a3fd852147c08fd525f1396030fd8ba4c3D/vXVIu8ho22GMSZM+KaINS7Y0kjpaJqJ6VBP6cXAX4=', '84751656', NULL, 1, '0000-00-00', 5, 'DNAM', 'Femenino', '2018-11-15'),
(14, 'Maira', 'Rodrigues', 'Matola', NULL, 'Matola', 'mrodrigues@misau.gov.mz', '7fc8a2e7d0b8f5ff797aa93d718f3b8dbd17ea4be12dfcce4c490f7e32cf21dacc73d004c1d5ce48463ec70d7fcaa34e33c476b95f45616b315e27f3258a4259OkZJeYH63Jig4EPAsmZNYfgp7We661UxhC6mNkzLk3k=', '84751656', NULL, 1, '0000-00-00', 4, 'DNAM', 'Femenino', '2018-11-16'),
(15, 'Director(a)', 'DNAM', 'Matola', NULL, 'Matola', 'director_dnam@misau.gov.mz', 'a2fdb9fd2b66d32df8e40bc92ecf961dd532eae3a3f68fb9f0411f99fdab768d6cdbc5cf2d86d09df2feafa3e6aaf89d7bfa3a687271c4b63c8791bd4d5577791/2kN7UQOxbI5uTV8W211Y/1ru670MlIvMiPviatTI4=', '54645', NULL, 1, '0000-00-00', 3, 'DNAM', 'Masculino', '2018-11-02'),
(16, 'Augusto', 'Fumo', 'Maputo', NULL, 'Maputo', 'afumo@misau.gov.mz', '8cfebf6e45e3461c12746f2884eb7bc84c1d4cd568f976d17d4ad3c60f40637aa04e30d136a977f4b842e1ff91170d853ce9b0e8cf1a02aa241348bece3bf69asNMOhyaNddb9OB2WFANSe+F3yNhXYazfAKeC2ph+Kd0=', '11111111111', NULL, 1, '0000-00-00', 5, 'DAF', 'Masculino', '2131-03-12'),
(17, 'Joaquina', 'Senete', 'Maputo', NULL, 'Maputo', 'jsenete@misau.gov.mz', '63bdd969869ba36ff21135604d5b51a339dedbc723021bbef4325c75a7e929b9bb8d516938e9b712d5dc287b7ab179c83de399b4764d6de658978bcc2b253a8fJ06YTeogds0qBleu8ujLv/GqyXRRtiuSxuTsdcrit1c=', '111111111', NULL, 1, '0000-00-00', 4, 'DAF', 'Femenino', '2019-02-01'),
(18, 'Ana', 'Dengo', 'Maputo', NULL, 'Maputo', 'adengo@misau.gov.mz', '7dc6e6f1c18c45be75e29663801b7c4141fec0a3fe43f8ea3470e342e6801d415b794bda41b37837a442c1cba6c9c1ad422170eb8a94a8f1390c049cd703dfa7HDmws8Aew/pNKs6W4dIyIDlAUoZjf18+thhy/B5eP54=', '11111111', NULL, 1, '0000-00-00', 4, 'DAF', 'Femenino', '0213-03-12');

-- --------------------------------------------------------

--
-- Structure for view `consultarcargo`
--
DROP TABLE IF EXISTS `consultarcargo`;

CREATE ALGORITHM=UNDEFINED DEFINER=`root`@`localhost` SQL SECURITY DEFINER VIEW `consultarcargo` AS select `c`.`nomeCargo` AS `nomeCargo`,`d`.`nomeDestinatario` AS `nomeDestinatario`,`d`.`idDestinatario` AS `idDestinatario` from (`cargo` `c` join `destinatario` `d`) where (`d`.`cargoId` = `c`.`idCargo`);

--
-- Constraints for dumped tables
--

--
-- Limitadores para a tabela `categorias`
--
ALTER TABLE `categorias`
  ADD CONSTRAINT `fk_categorias_estados` FOREIGN KEY (`estados_id`) REFERENCES `estados` (`id`) ON DELETE NO ACTION ON UPDATE NO ACTION;

--
-- Limitadores para a tabela `correspondencias`
--
ALTER TABLE `correspondencias`
  ADD CONSTRAINT `fk_correspondencias_categorias` FOREIGN KEY (`categorias_id`) REFERENCES `categorias` (`id`) ON DELETE NO ACTION ON UPDATE NO ACTION,
  ADD CONSTRAINT `fk_correspondencias_classificador` FOREIGN KEY (`classificacao_id`) REFERENCES `classificacao` (`id`) ON DELETE NO ACTION ON UPDATE NO ACTION,
  ADD CONSTRAINT `fk_correspondencias_prioridades` FOREIGN KEY (`prioridades_id`) REFERENCES `prioridades` (`id`) ON DELETE NO ACTION ON UPDATE NO ACTION,
  ADD CONSTRAINT `fk_correspondencias_pro_direcoes` FOREIGN KEY (`pro_direcoes_id`) REFERENCES `direcoes` (`id`) ON DELETE NO ACTION ON UPDATE NO ACTION,
  ADD CONSTRAINT `fk_correspondencias_tipoDoc` FOREIGN KEY (`tipo_doc_id`) REFERENCES `tipo_doc` (`id`) ON DELETE NO ACTION ON UPDATE NO ACTION,
  ADD CONSTRAINT `fk_correspondencias_usuarios` FOREIGN KEY (`usuarios_id`) REFERENCES `usuarios` (`id`) ON DELETE NO ACTION ON UPDATE NO ACTION;

--
-- Limitadores para a tabela `corre_sigiloso`
--
ALTER TABLE `corre_sigiloso`
  ADD CONSTRAINT `fk_corre_sigiloso_destinatario` FOREIGN KEY (`destinatarioId`) REFERENCES `destinatario` (`idDestinatario`) ON DELETE NO ACTION ON UPDATE NO ACTION;

--
-- Limitadores para a tabela `departamentos`
--
ALTER TABLE `departamentos`
  ADD CONSTRAINT `fk_departamentos_direcoes` FOREIGN KEY (`direcoes_id`) REFERENCES `direcoes` (`id`) ON DELETE NO ACTION ON UPDATE NO ACTION;

--
-- Limitadores para a tabela `despacho`
--
ALTER TABLE `despacho`
  ADD CONSTRAINT `fk_despacho_correspondencia` FOREIGN KEY (`correspondencias_id`) REFERENCES `correspondencias` (`id`) ON DELETE NO ACTION ON UPDATE NO ACTION,
  ADD CONSTRAINT `fk_despacho_usuarios` FOREIGN KEY (`usuarios_id`) REFERENCES `usuarios` (`id`) ON DELETE NO ACTION ON UPDATE NO ACTION;

--
-- Limitadores para a tabela `destinatario`
--
ALTER TABLE `destinatario`
  ADD CONSTRAINT `fk_destinatario_cargo` FOREIGN KEY (`cargoId`) REFERENCES `cargo` (`idCargo`) ON DELETE NO ACTION ON UPDATE NO ACTION;

--
-- Limitadores para a tabela `destino_tramitar`
--
ALTER TABLE `destino_tramitar`
  ADD CONSTRAINT `fk_confirmar_direcoes` FOREIGN KEY (`direcoes_id`) REFERENCES `emitente` (`id`) ON DELETE NO ACTION ON UPDATE NO ACTION;

--
-- Limitadores para a tabela `parecer`
--
ALTER TABLE `parecer`
  ADD CONSTRAINT `fk_parecer_correspondencia` FOREIGN KEY (`correspondencias_id`) REFERENCES `correspondencias` (`id`) ON DELETE NO ACTION ON UPDATE NO ACTION,
  ADD CONSTRAINT `fk_parecer_usuarios` FOREIGN KEY (`usuarios_id`) REFERENCES `usuarios` (`id`) ON DELETE NO ACTION ON UPDATE NO ACTION;

--
-- Limitadores para a tabela `reparticoes`
--
ALTER TABLE `reparticoes`
  ADD CONSTRAINT `fk_reparticoes_departamentos` FOREIGN KEY (`departamentos_id`) REFERENCES `departamentos` (`id`) ON DELETE NO ACTION ON UPDATE NO ACTION;

--
-- Limitadores para a tabela `tramitar`
--
ALTER TABLE `tramitar`
  ADD CONSTRAINT `fk_tramitar_correspondencias` FOREIGN KEY (`correspondencias_id`) REFERENCES `correspondencias` (`id`) ON DELETE NO ACTION ON UPDATE NO ACTION,
  ADD CONSTRAINT `fk_tramitar_usuarios` FOREIGN KEY (`usuarios_id`) REFERENCES `usuarios` (`id`) ON DELETE NO ACTION ON UPDATE NO ACTION;

--
-- Limitadores para a tabela `usuarios`
--
ALTER TABLE `usuarios`
  ADD CONSTRAINT `fk_usuarios_permissoes1` FOREIGN KEY (`permissoes_id`) REFERENCES `permissoes` (`idPermissao`) ON DELETE NO ACTION ON UPDATE NO ACTION;

/*!40101 SET CHARACTER_SET_CLIENT=@OLD_CHARACTER_SET_CLIENT */;
/*!40101 SET CHARACTER_SET_RESULTS=@OLD_CHARACTER_SET_RESULTS */;
/*!40101 SET COLLATION_CONNECTION=@OLD_COLLATION_CONNECTION */;
