-- phpMyAdmin SQL Dump
-- version 4.1.14
-- http://www.phpmyadmin.net
--
-- Host: 127.0.0.1
-- Generation Time: 07-Jun-2019 às 09:24
-- Versão do servidor: 5.6.17
-- PHP Version: 5.5.12

SET SQL_MODE = "NO_AUTO_VALUE_ON_ZERO";
SET time_zone = "+00:00";


/*!40101 SET @OLD_CHARACTER_SET_CLIENT=@@CHARACTER_SET_CLIENT */;
/*!40101 SET @OLD_CHARACTER_SET_RESULTS=@@CHARACTER_SET_RESULTS */;
/*!40101 SET @OLD_COLLATION_CONNECTION=@@COLLATION_CONNECTION */;
/*!40101 SET NAMES utf8 */;

--
-- Database: `sigdoc`
--

-- --------------------------------------------------------

--
-- Estrutura da tabela `cargo`
--

CREATE TABLE IF NOT EXISTS `cargo` (
  `idCargo` int(11) NOT NULL AUTO_INCREMENT,
  `nomeCargo` varchar(45) DEFAULT NULL,
  `descricao` varchar(200) NOT NULL,
  PRIMARY KEY (`idCargo`)
) ENGINE=InnoDB  DEFAULT CHARSET=latin1 AUTO_INCREMENT=6 ;

--
-- Extraindo dados da tabela `cargo`
--

INSERT INTO `cargo` (`idCargo`, `nomeCargo`, `descricao`) VALUES
(1, 'Chefe de DTIC', ''),
(2, 'Tec. Informatico', ''),
(3, 'Tec. Sup.', '      sdfsddfd'),
(4, 'Director', 'sadasdasdasdsadas'),
(5, 'Medico', 'dsfdsfds');

-- --------------------------------------------------------

--
-- Estrutura da tabela `categorias`
--

CREATE TABLE IF NOT EXISTS `categorias` (
  `id` int(11) NOT NULL AUTO_INCREMENT,
  `nome` varchar(200) NOT NULL,
  `data_criacao` varchar(200) DEFAULT NULL,
  `estados_id` int(11) DEFAULT NULL,
  PRIMARY KEY (`id`),
  KEY `fk_categorias_estados` (`estados_id`)
) ENGINE=InnoDB  DEFAULT CHARSET=latin1 AUTO_INCREMENT=3 ;

--
-- Extraindo dados da tabela `categorias`
--

INSERT INTO `categorias` (`id`, `nome`, `data_criacao`, `estados_id`) VALUES
(1, 'Entrada', '31/01/2019', 1),
(2, 'Saida', '31/01/2019', 1);

-- --------------------------------------------------------

--
-- Estrutura da tabela `ci_sessions`
--

CREATE TABLE IF NOT EXISTS `ci_sessions` (
  `id` varchar(128) NOT NULL,
  `ip_address` varchar(45) NOT NULL,
  `timestamp` int(10) unsigned NOT NULL DEFAULT '0',
  `data` blob NOT NULL,
  KEY `ci_sessions_timestamp` (`timestamp`)
) ENGINE=InnoDB DEFAULT CHARSET=latin1;

--
-- Extraindo dados da tabela `ci_sessions`
--

INSERT INTO `ci_sessions` (`id`, `ip_address`, `timestamp`, `data`) VALUES
('m3up69hf4eejpl1ijhahhc8fjpp7hu46', '::1', 1558985387, 0x5f5f63695f6c6173745f726567656e65726174657c693a313535383938353335363b6e6f6d657c733a31343a224d6f6d6164652053756d616c6779223b61627265765f64697265636f65737c733a323a22474d223b61627265765f646570617274616d656e746f737c733a343a2244544943223b61627265765f72657061727469636f65737c613a323a7b733a343a22636f6465223b693a303b733a373a226d657373616765223b733a303a22223b7d6e6f6d655f64697265636f65737c733a32303a22476162696e65746520646f204d696e697374726f223b6e6f6d655f646570617274616d656e746f737c733a35393a22446570617274616d656e746f206465205465636e6f6c6f6769617320646520496e666f726d61c3a7c3a36f206520436f6d756e696361c3a7c3a36f223b6e6f6d655f72657061727469636f65737c613a323a7b733a343a22636f6465223b693a303b733a373a226d657373616765223b733a303a22223b7d6c6f63616c5f64697265636f65737c733a323a223132223b6c6f63616c5f646570617274616d656e746f737c733a313a2231223b6c6f63616c5f72657061727469636f65737c733a313a2230223b656d61696c7c733a32313a226d73756d616c6779406d697361752e676f762e6d7a223b69647c733a313a2232223b7065726d697373616f7c733a313a2231223b6c6f6761646f7c623a313b),
('ahlj1lscqpd1g9eiqru38o5ekud0odjf', '::1', 1558986650, 0x5f5f63695f6c6173745f726567656e65726174657c693a313535383938363432333b6e6f6d657c733a31333a224d6576696573204d7567616265223b61627265765f64697265636f65737c733a343a22444e414d223b61627265765f646570617274616d656e746f737c733a353a224441475553223b61627265765f72657061727469636f65737c733a353a225265704848223b6e6f6d655f64697265636f65737c733a34323a2244697265c3a7c3a36f204e6163696f6e616c20646520417373697374c3aa6e636961204dc3a964696361223b6e6f6d655f646570617274616d656e746f737c733a36353a22446570617274616d656e746f2064652041646d696e6973747261c3a7c3a36f20652047657374c3a36f2064617320556e6964616465732053616e69746172696173223b6e6f6d655f72657061727469636f65737c733a33363a2252657061727469c3a7c3a36f20646520486f74656c6172696120486f73706974616c6172223b6c6f63616c5f64697265636f65737c733a313a2233223b6c6f63616c5f646570617274616d656e746f737c733a323a223233223b6c6f63616c5f72657061727469636f65737c733a323a223338223b656d61696c7c733a32303a226d6d7567616265406d697361752e676f762e6d7a223b69647c733a313a2233223b7065726d697373616f7c733a313a2232223b6c6f6761646f7c623a313b),
('shvj4ngajsrh1ogvenscequmm4vr5aui', '::1', 1558987204, 0x5f5f63695f6c6173745f726567656e65726174657c693a313535383938363935313b6e6f6d657c733a31323a22446f6d6967617320436f6d65223b61627265765f64697265636f65737c733a323a22474d223b61627265765f646570617274616d656e746f737c613a323a7b733a343a22636f6465223b693a303b733a373a226d657373616765223b733a303a22223b7d61627265765f72657061727469636f65737c613a323a7b733a343a22636f6465223b693a303b733a373a226d657373616765223b733a303a22223b7d6e6f6d655f64697265636f65737c733a32303a22476162696e65746520646f204d696e697374726f223b6e6f6d655f646570617274616d656e746f737c613a323a7b733a343a22636f6465223b693a303b733a373a226d657373616765223b733a303a22223b7d6e6f6d655f72657061727469636f65737c613a323a7b733a343a22636f6465223b693a303b733a373a226d657373616765223b733a303a22223b7d6c6f63616c5f64697265636f65737c733a323a223132223b6c6f63616c5f646570617274616d656e746f737c733a313a2230223b6c6f63616c5f72657061727469636f65737c733a313a2230223b656d61696c7c733a31383a2264636f6d65406d697361752e676f762e6d7a223b69647c733a313a2234223b7065726d697373616f7c733a313a2231223b6c6f6761646f7c623a313b),
('0bcdmm8pmm3hfj81gtblipj8v0ado93c', '::1', 1558987339, 0x5f5f63695f6c6173745f726567656e65726174657c693a313535383938373239303b6e6f6d657c733a31323a22446f6d6967617320436f6d65223b61627265765f64697265636f65737c733a323a22474d223b61627265765f646570617274616d656e746f737c613a323a7b733a343a22636f6465223b693a303b733a373a226d657373616765223b733a303a22223b7d61627265765f72657061727469636f65737c613a323a7b733a343a22636f6465223b693a303b733a373a226d657373616765223b733a303a22223b7d6e6f6d655f64697265636f65737c733a32303a22476162696e65746520646f204d696e697374726f223b6e6f6d655f646570617274616d656e746f737c613a323a7b733a343a22636f6465223b693a303b733a373a226d657373616765223b733a303a22223b7d6e6f6d655f72657061727469636f65737c613a323a7b733a343a22636f6465223b693a303b733a373a226d657373616765223b733a303a22223b7d6c6f63616c5f64697265636f65737c733a323a223132223b6c6f63616c5f646570617274616d656e746f737c733a313a2230223b6c6f63616c5f72657061727469636f65737c733a313a2230223b656d61696c7c733a31383a2264636f6d65406d697361752e676f762e6d7a223b69647c733a313a2234223b7065726d697373616f7c733a313a2231223b6c6f6761646f7c623a313b),
('dus5ma5g6mh38og8v65pqp9f83kpi825', '::1', 1558988085, 0x5f5f63695f6c6173745f726567656e65726174657c693a313535383938373830343b6e6f6d657c733a31323a22446f6d6967617320436f6d65223b61627265765f64697265636f65737c733a323a22474d223b61627265765f646570617274616d656e746f737c613a323a7b733a343a22636f6465223b693a303b733a373a226d657373616765223b733a303a22223b7d61627265765f72657061727469636f65737c613a323a7b733a343a22636f6465223b693a303b733a373a226d657373616765223b733a303a22223b7d6e6f6d655f64697265636f65737c733a32303a22476162696e65746520646f204d696e697374726f223b6e6f6d655f646570617274616d656e746f737c613a323a7b733a343a22636f6465223b693a303b733a373a226d657373616765223b733a303a22223b7d6e6f6d655f72657061727469636f65737c613a323a7b733a343a22636f6465223b693a303b733a373a226d657373616765223b733a303a22223b7d6c6f63616c5f64697265636f65737c733a323a223132223b6c6f63616c5f646570617274616d656e746f737c733a313a2230223b6c6f63616c5f72657061727469636f65737c733a313a2230223b656d61696c7c733a31383a2264636f6d65406d697361752e676f762e6d7a223b69647c733a313a2234223b7065726d697373616f7c733a313a2231223b6c6f6761646f7c623a313b737563636573737c733a33303a22506172656365722065666569747561646f20636f6d205375636573736f21223b5f5f63695f766172737c613a313a7b733a373a2273756363657373223b733a333a226f6c64223b7d),
('bgrc5g0u6ui48pmclv0u4qqdv2kbnr8r', '::1', 1558988311, 0x5f5f63695f6c6173745f726567656e65726174657c693a313535383938383138383b6e6f6d657c733a31353a2241726d616e646f2041726c696e646f223b61627265765f64697265636f65737c733a333a22444146223b61627265765f646570617274616d656e746f737c733a323a224341223b61627265765f72657061727469636f65737c733a363a22526570517561223b6e6f6d655f64697265636f65737c733a34303a2244697265c3a7c3a36f2064652041646d696e6973747261c3a7c3a36f20652046696e616ec3a76173223b6e6f6d655f646570617274616d656e746f737c733a32333a2243656e74726f2064652041626173746563696d656e746f223b6e6f6d655f72657061727469636f65737c733a32353a2252657061727469c3a7c3a36f206461205175616c6964616465223b6c6f63616c5f64697265636f65737c733a313a2239223b6c6f63616c5f646570617274616d656e746f737c733a313a2236223b6c6f63616c5f72657061727469636f65737c733a323a223334223b656d61696c7c733a31393a22616d61766965406d697361752e676f762e6d7a223b69647c733a313a2231223b7065726d697373616f7c733a313a2231223b6c6f6761646f7c623a313b),
('cdfe69rq1pstp82biou4uvp1g6nbuboo', '::1', 1558988536, 0x5f5f63695f6c6173745f726567656e65726174657c693a313535383938383533323b6e6f6d657c733a31353a2241726d616e646f2041726c696e646f223b61627265765f64697265636f65737c733a333a22444146223b61627265765f646570617274616d656e746f737c733a323a224341223b61627265765f72657061727469636f65737c733a363a22526570517561223b6e6f6d655f64697265636f65737c733a34303a2244697265c3a7c3a36f2064652041646d696e6973747261c3a7c3a36f20652046696e616ec3a76173223b6e6f6d655f646570617274616d656e746f737c733a32333a2243656e74726f2064652041626173746563696d656e746f223b6e6f6d655f72657061727469636f65737c733a32353a2252657061727469c3a7c3a36f206461205175616c6964616465223b6c6f63616c5f64697265636f65737c733a313a2239223b6c6f63616c5f646570617274616d656e746f737c733a313a2236223b6c6f63616c5f72657061727469636f65737c733a323a223334223b656d61696c7c733a31393a22616d61766965406d697361752e676f762e6d7a223b69647c733a313a2231223b7065726d697373616f7c733a313a2231223b6c6f6761646f7c623a313b),
('rrofhads0puee0ngnec067ndn3dful99', '::1', 1558989007, 0x5f5f63695f6c6173745f726567656e65726174657c693a313535383938383939363b6e6f6d657c733a31323a22446f6d6967617320436f6d65223b61627265765f64697265636f65737c733a323a22474d223b61627265765f646570617274616d656e746f737c613a323a7b733a343a22636f6465223b693a303b733a373a226d657373616765223b733a303a22223b7d61627265765f72657061727469636f65737c613a323a7b733a343a22636f6465223b693a303b733a373a226d657373616765223b733a303a22223b7d6e6f6d655f64697265636f65737c733a32303a22476162696e65746520646f204d696e697374726f223b6e6f6d655f646570617274616d656e746f737c613a323a7b733a343a22636f6465223b693a303b733a373a226d657373616765223b733a303a22223b7d6e6f6d655f72657061727469636f65737c613a323a7b733a343a22636f6465223b693a303b733a373a226d657373616765223b733a303a22223b7d6c6f63616c5f64697265636f65737c733a323a223132223b6c6f63616c5f646570617274616d656e746f737c733a313a2230223b6c6f63616c5f72657061727469636f65737c733a313a2230223b656d61696c7c733a31383a2264636f6d65406d697361752e676f762e6d7a223b69647c733a313a2234223b7065726d697373616f7c733a313a2231223b6c6f6761646f7c623a313b),
('0ccbv7h3ovfslrjrbr1ig3vnvv2h3kb1', '::1', 1558989539, 0x5f5f63695f6c6173745f726567656e65726174657c693a313535383938393532383b6e6f6d657c733a31323a22446f6d6967617320436f6d65223b61627265765f64697265636f65737c733a323a22474d223b61627265765f646570617274616d656e746f737c613a323a7b733a343a22636f6465223b693a303b733a373a226d657373616765223b733a303a22223b7d61627265765f72657061727469636f65737c613a323a7b733a343a22636f6465223b693a303b733a373a226d657373616765223b733a303a22223b7d6e6f6d655f64697265636f65737c733a32303a22476162696e65746520646f204d696e697374726f223b6e6f6d655f646570617274616d656e746f737c613a323a7b733a343a22636f6465223b693a303b733a373a226d657373616765223b733a303a22223b7d6e6f6d655f72657061727469636f65737c613a323a7b733a343a22636f6465223b693a303b733a373a226d657373616765223b733a303a22223b7d6c6f63616c5f64697265636f65737c733a323a223132223b6c6f63616c5f646570617274616d656e746f737c733a313a2230223b6c6f63616c5f72657061727469636f65737c733a313a2230223b656d61696c7c733a31383a2264636f6d65406d697361752e676f762e6d7a223b69647c733a313a2234223b7065726d697373616f7c733a313a2231223b6c6f6761646f7c623a313b737563636573737c733a33303a22506172656365722065666569747561646f20636f6d205375636573736f21223b5f5f63695f766172737c613a313a7b733a373a2273756363657373223b733a333a226f6c64223b7d),
('u3747nph31nlmad0h36mh1qss5sjmh72', '127.0.0.1', 1559074109, 0x5f5f63695f6c6173745f726567656e65726174657c693a313535393037333831363b6e6f6d657c733a31323a22446f6d6967617320436f6d65223b61627265765f64697265636f65737c733a323a22474d223b61627265765f646570617274616d656e746f737c613a323a7b733a343a22636f6465223b693a303b733a373a226d657373616765223b733a303a22223b7d61627265765f72657061727469636f65737c613a323a7b733a343a22636f6465223b693a303b733a373a226d657373616765223b733a303a22223b7d6e6f6d655f64697265636f65737c733a32303a22476162696e65746520646f204d696e697374726f223b6e6f6d655f646570617274616d656e746f737c613a323a7b733a343a22636f6465223b693a303b733a373a226d657373616765223b733a303a22223b7d6e6f6d655f72657061727469636f65737c613a323a7b733a343a22636f6465223b693a303b733a373a226d657373616765223b733a303a22223b7d6c6f63616c5f64697265636f65737c733a323a223132223b6c6f63616c5f646570617274616d656e746f737c733a313a2230223b6c6f63616c5f72657061727469636f65737c733a313a2230223b656d61696c7c733a31383a2264636f6d65406d697361752e676f762e6d7a223b69647c733a313a2234223b7065726d697373616f7c733a313a2231223b6c6f6761646f7c623a313b),
('6aap7qsv1d2t8onsg58lj4o4eh1n8vl9', '127.0.0.1', 1559074410, 0x5f5f63695f6c6173745f726567656e65726174657c693a313535393037343131373b6e6f6d657c733a31323a22446f6d6967617320436f6d65223b61627265765f64697265636f65737c733a323a22474d223b61627265765f646570617274616d656e746f737c613a323a7b733a343a22636f6465223b693a303b733a373a226d657373616765223b733a303a22223b7d61627265765f72657061727469636f65737c613a323a7b733a343a22636f6465223b693a303b733a373a226d657373616765223b733a303a22223b7d6e6f6d655f64697265636f65737c733a32303a22476162696e65746520646f204d696e697374726f223b6e6f6d655f646570617274616d656e746f737c613a323a7b733a343a22636f6465223b693a303b733a373a226d657373616765223b733a303a22223b7d6e6f6d655f72657061727469636f65737c613a323a7b733a343a22636f6465223b693a303b733a373a226d657373616765223b733a303a22223b7d6c6f63616c5f64697265636f65737c733a323a223132223b6c6f63616c5f646570617274616d656e746f737c733a313a2230223b6c6f63616c5f72657061727469636f65737c733a313a2230223b656d61696c7c733a31383a2264636f6d65406d697361752e676f762e6d7a223b69647c733a313a2234223b7065726d697373616f7c733a313a2231223b6c6f6761646f7c623a313b),
('pa3n2i12os645ueikubq7iua7tcff2q6', '127.0.0.1', 1559074570, 0x5f5f63695f6c6173745f726567656e65726174657c693a313535393037343434383b6e6f6d657c733a31343a224d6f6d6164652053756d616c6779223b61627265765f64697265636f65737c733a323a22474d223b61627265765f646570617274616d656e746f737c733a343a2244544943223b61627265765f72657061727469636f65737c613a323a7b733a343a22636f6465223b693a303b733a373a226d657373616765223b733a303a22223b7d6e6f6d655f64697265636f65737c733a32303a22476162696e65746520646f204d696e697374726f223b6e6f6d655f646570617274616d656e746f737c733a35393a22446570617274616d656e746f206465205465636e6f6c6f6769617320646520496e666f726d61c3a7c3a36f206520436f6d756e696361c3a7c3a36f223b6e6f6d655f72657061727469636f65737c613a323a7b733a343a22636f6465223b693a303b733a373a226d657373616765223b733a303a22223b7d6c6f63616c5f64697265636f65737c733a323a223132223b6c6f63616c5f646570617274616d656e746f737c733a313a2231223b6c6f63616c5f72657061727469636f65737c733a313a2230223b656d61696c7c733a32313a226d73756d616c6779406d697361752e676f762e6d7a223b69647c733a313a2232223b7065726d697373616f7c733a313a2231223b6c6f6761646f7c623a313b),
('tdc1adu96mm6mubbcligon7m4l7i2je6', '127.0.0.1', 1559075087, 0x5f5f63695f6c6173745f726567656e65726174657c693a313535393037343831363b6e6f6d657c733a31323a22446f6d6967617320436f6d65223b61627265765f64697265636f65737c733a323a22474d223b61627265765f646570617274616d656e746f737c613a323a7b733a343a22636f6465223b693a303b733a373a226d657373616765223b733a303a22223b7d61627265765f72657061727469636f65737c613a323a7b733a343a22636f6465223b693a303b733a373a226d657373616765223b733a303a22223b7d6e6f6d655f64697265636f65737c733a32303a22476162696e65746520646f204d696e697374726f223b6e6f6d655f646570617274616d656e746f737c613a323a7b733a343a22636f6465223b693a303b733a373a226d657373616765223b733a303a22223b7d6e6f6d655f72657061727469636f65737c613a323a7b733a343a22636f6465223b693a303b733a373a226d657373616765223b733a303a22223b7d6c6f63616c5f64697265636f65737c733a323a223132223b6c6f63616c5f646570617274616d656e746f737c733a313a2230223b6c6f63616c5f72657061727469636f65737c733a313a2230223b656d61696c7c733a31383a2264636f6d65406d697361752e676f762e6d7a223b69647c733a313a2234223b7065726d697373616f7c733a313a2231223b6c6f6761646f7c623a313b),
('rrkpujilg1f5u8f5vb88he5n9eouveg1', '127.0.0.1', 1559075532, 0x5f5f63695f6c6173745f726567656e65726174657c693a313535393037353233383b6e6f6d657c733a31323a22446f6d6967617320436f6d65223b61627265765f64697265636f65737c733a323a22474d223b61627265765f646570617274616d656e746f737c613a323a7b733a343a22636f6465223b693a303b733a373a226d657373616765223b733a303a22223b7d61627265765f72657061727469636f65737c613a323a7b733a343a22636f6465223b693a303b733a373a226d657373616765223b733a303a22223b7d6e6f6d655f64697265636f65737c733a32303a22476162696e65746520646f204d696e697374726f223b6e6f6d655f646570617274616d656e746f737c613a323a7b733a343a22636f6465223b693a303b733a373a226d657373616765223b733a303a22223b7d6e6f6d655f72657061727469636f65737c613a323a7b733a343a22636f6465223b693a303b733a373a226d657373616765223b733a303a22223b7d6c6f63616c5f64697265636f65737c733a323a223132223b6c6f63616c5f646570617274616d656e746f737c733a313a2230223b6c6f63616c5f72657061727469636f65737c733a313a2230223b656d61696c7c733a31383a2264636f6d65406d697361752e676f762e6d7a223b69647c733a313a2234223b7065726d697373616f7c733a313a2231223b6c6f6761646f7c623a313b),
('6roduqr15d25jismo5v8k4rlja666pfl', '127.0.0.1', 1559075672, 0x5f5f63695f6c6173745f726567656e65726174657c693a313535393037353637323b6e6f6d657c733a31323a22446f6d6967617320436f6d65223b61627265765f64697265636f65737c733a323a22474d223b61627265765f646570617274616d656e746f737c613a323a7b733a343a22636f6465223b693a303b733a373a226d657373616765223b733a303a22223b7d61627265765f72657061727469636f65737c613a323a7b733a343a22636f6465223b693a303b733a373a226d657373616765223b733a303a22223b7d6e6f6d655f64697265636f65737c733a32303a22476162696e65746520646f204d696e697374726f223b6e6f6d655f646570617274616d656e746f737c613a323a7b733a343a22636f6465223b693a303b733a373a226d657373616765223b733a303a22223b7d6e6f6d655f72657061727469636f65737c613a323a7b733a343a22636f6465223b693a303b733a373a226d657373616765223b733a303a22223b7d6c6f63616c5f64697265636f65737c733a323a223132223b6c6f63616c5f646570617274616d656e746f737c733a313a2230223b6c6f63616c5f72657061727469636f65737c733a313a2230223b656d61696c7c733a31383a2264636f6d65406d697361752e676f762e6d7a223b69647c733a313a2234223b7065726d697373616f7c733a313a2231223b6c6f6761646f7c623a313b),
('4d1bakhd0ssmcnl36c2307ika9g4i1pg', '127.0.0.1', 1559156141, 0x5f5f63695f6c6173745f726567656e65726174657c693a313535393135363134313b),
('3ncejqd81s55gkccfp64vdfhmvs04kcf', '127.0.0.1', 1559156348, 0x5f5f63695f6c6173745f726567656e65726174657c693a313535393135363134373b6e6f6d657c733a31323a22446f6d6967617320436f6d65223b61627265765f64697265636f65737c733a323a22474d223b61627265765f646570617274616d656e746f737c613a323a7b733a343a22636f6465223b693a303b733a373a226d657373616765223b733a303a22223b7d61627265765f72657061727469636f65737c613a323a7b733a343a22636f6465223b693a303b733a373a226d657373616765223b733a303a22223b7d6e6f6d655f64697265636f65737c733a32303a22476162696e65746520646f204d696e697374726f223b6e6f6d655f646570617274616d656e746f737c613a323a7b733a343a22636f6465223b693a303b733a373a226d657373616765223b733a303a22223b7d6e6f6d655f72657061727469636f65737c613a323a7b733a343a22636f6465223b693a303b733a373a226d657373616765223b733a303a22223b7d6c6f63616c5f64697265636f65737c733a323a223132223b6c6f63616c5f646570617274616d656e746f737c733a313a2230223b6c6f63616c5f72657061727469636f65737c733a313a2230223b656d61696c7c733a31383a2264636f6d65406d697361752e676f762e6d7a223b69647c733a313a2234223b7065726d697373616f7c733a313a2231223b6c6f6761646f7c623a313b),
('b1v8hplr2821gqm2nadaqapgpiqqo862', '127.0.0.1', 1559156873, 0x5f5f63695f6c6173745f726567656e65726174657c693a313535393135363633313b6e6f6d657c733a31323a22446f6d6967617320436f6d65223b61627265765f64697265636f65737c733a323a22474d223b61627265765f646570617274616d656e746f737c613a323a7b733a343a22636f6465223b693a303b733a373a226d657373616765223b733a303a22223b7d61627265765f72657061727469636f65737c613a323a7b733a343a22636f6465223b693a303b733a373a226d657373616765223b733a303a22223b7d6e6f6d655f64697265636f65737c733a32303a22476162696e65746520646f204d696e697374726f223b6e6f6d655f646570617274616d656e746f737c613a323a7b733a343a22636f6465223b693a303b733a373a226d657373616765223b733a303a22223b7d6e6f6d655f72657061727469636f65737c613a323a7b733a343a22636f6465223b693a303b733a373a226d657373616765223b733a303a22223b7d6c6f63616c5f64697265636f65737c733a323a223132223b6c6f63616c5f646570617274616d656e746f737c733a313a2230223b6c6f63616c5f72657061727469636f65737c733a313a2230223b656d61696c7c733a31383a2264636f6d65406d697361752e676f762e6d7a223b69647c733a313a2234223b7065726d697373616f7c733a313a2231223b6c6f6761646f7c623a313b),
('appj8if71hmqqlmfb3vljucjnore91q6', '127.0.0.1', 1559157454, 0x5f5f63695f6c6173745f726567656e65726174657c693a313535393135373430373b6e6f6d657c733a31333a224d6576696573204d7567616265223b61627265765f64697265636f65737c733a343a22444e414d223b61627265765f646570617274616d656e746f737c733a353a224441475553223b61627265765f72657061727469636f65737c733a353a225265704848223b6e6f6d655f64697265636f65737c733a34323a2244697265c3a7c3a36f204e6163696f6e616c20646520417373697374c3aa6e636961204dc3a964696361223b6e6f6d655f646570617274616d656e746f737c733a36353a22446570617274616d656e746f2064652041646d696e6973747261c3a7c3a36f20652047657374c3a36f2064617320556e6964616465732053616e69746172696173223b6e6f6d655f72657061727469636f65737c733a33363a2252657061727469c3a7c3a36f20646520486f74656c6172696120486f73706974616c6172223b6c6f63616c5f64697265636f65737c733a313a2233223b6c6f63616c5f646570617274616d656e746f737c733a323a223233223b6c6f63616c5f72657061727469636f65737c733a323a223338223b656d61696c7c733a32303a226d6d7567616265406d697361752e676f762e6d7a223b69647c733a313a2233223b7065726d697373616f7c733a313a2232223b6c6f6761646f7c623a313b),
('m2dbppeivm7fvob1t9j2c223qcoqec2c', '127.0.0.1', 1559157984, 0x5f5f63695f6c6173745f726567656e65726174657c693a313535393135373937333b6e6f6d657c733a31333a224d6576696573204d7567616265223b61627265765f64697265636f65737c733a343a22444e414d223b61627265765f646570617274616d656e746f737c733a353a224441475553223b61627265765f72657061727469636f65737c733a353a225265704848223b6e6f6d655f64697265636f65737c733a34323a2244697265c3a7c3a36f204e6163696f6e616c20646520417373697374c3aa6e636961204dc3a964696361223b6e6f6d655f646570617274616d656e746f737c733a36353a22446570617274616d656e746f2064652041646d696e6973747261c3a7c3a36f20652047657374c3a36f2064617320556e6964616465732053616e69746172696173223b6e6f6d655f72657061727469636f65737c733a33363a2252657061727469c3a7c3a36f20646520486f74656c6172696120486f73706974616c6172223b6c6f63616c5f64697265636f65737c733a313a2233223b6c6f63616c5f646570617274616d656e746f737c733a323a223233223b6c6f63616c5f72657061727469636f65737c733a323a223338223b656d61696c7c733a32303a226d6d7567616265406d697361752e676f762e6d7a223b69647c733a313a2233223b7065726d697373616f7c733a313a2232223b6c6f6761646f7c623a313b),
('4aqb8dk2k3pf9lc76f7in8k315n241q5', '127.0.0.1', 1559158392, 0x5f5f63695f6c6173745f726567656e65726174657c693a313535393135383338303b6e6f6d657c733a31333a224d6576696573204d7567616265223b61627265765f64697265636f65737c733a343a22444e414d223b61627265765f646570617274616d656e746f737c733a353a224441475553223b61627265765f72657061727469636f65737c733a353a225265704848223b6e6f6d655f64697265636f65737c733a34323a2244697265c3a7c3a36f204e6163696f6e616c20646520417373697374c3aa6e636961204dc3a964696361223b6e6f6d655f646570617274616d656e746f737c733a36353a22446570617274616d656e746f2064652041646d696e6973747261c3a7c3a36f20652047657374c3a36f2064617320556e6964616465732053616e69746172696173223b6e6f6d655f72657061727469636f65737c733a33363a2252657061727469c3a7c3a36f20646520486f74656c6172696120486f73706974616c6172223b6c6f63616c5f64697265636f65737c733a313a2233223b6c6f63616c5f646570617274616d656e746f737c733a323a223233223b6c6f63616c5f72657061727469636f65737c733a323a223338223b656d61696c7c733a32303a226d6d7567616265406d697361752e676f762e6d7a223b69647c733a313a2233223b7065726d697373616f7c733a313a2232223b6c6f6761646f7c623a313b),
('i44fcb3jp9152ngjf11jcn32lpsb6j2t', '127.0.0.1', 1559159355, 0x5f5f63695f6c6173745f726567656e65726174657c693a313535393135383835313b6e6f6d657c733a31333a224d6576696573204d7567616265223b61627265765f64697265636f65737c733a343a22444e414d223b61627265765f646570617274616d656e746f737c733a353a224441475553223b61627265765f72657061727469636f65737c733a353a225265704848223b6e6f6d655f64697265636f65737c733a34323a2244697265c3a7c3a36f204e6163696f6e616c20646520417373697374c3aa6e636961204dc3a964696361223b6e6f6d655f646570617274616d656e746f737c733a36353a22446570617274616d656e746f2064652041646d696e6973747261c3a7c3a36f20652047657374c3a36f2064617320556e6964616465732053616e69746172696173223b6e6f6d655f72657061727469636f65737c733a33363a2252657061727469c3a7c3a36f20646520486f74656c6172696120486f73706974616c6172223b6c6f63616c5f64697265636f65737c733a313a2233223b6c6f63616c5f646570617274616d656e746f737c733a323a223233223b6c6f63616c5f72657061727469636f65737c733a323a223338223b656d61696c7c733a32303a226d6d7567616265406d697361752e676f762e6d7a223b69647c733a313a2233223b7065726d697373616f7c733a313a2232223b6c6f6761646f7c623a313b),
('a48ovb5q90rleahbgnsbmtv0oith1v5g', '127.0.0.1', 1559159536, 0x5f5f63695f6c6173745f726567656e65726174657c693a313535393135393337363b6e6f6d657c733a31333a224d6576696573204d7567616265223b61627265765f64697265636f65737c733a343a22444e414d223b61627265765f646570617274616d656e746f737c733a353a224441475553223b61627265765f72657061727469636f65737c733a353a225265704848223b6e6f6d655f64697265636f65737c733a34323a2244697265c3a7c3a36f204e6163696f6e616c20646520417373697374c3aa6e636961204dc3a964696361223b6e6f6d655f646570617274616d656e746f737c733a36353a22446570617274616d656e746f2064652041646d696e6973747261c3a7c3a36f20652047657374c3a36f2064617320556e6964616465732053616e69746172696173223b6e6f6d655f72657061727469636f65737c733a33363a2252657061727469c3a7c3a36f20646520486f74656c6172696120486f73706974616c6172223b6c6f63616c5f64697265636f65737c733a313a2233223b6c6f63616c5f646570617274616d656e746f737c733a323a223233223b6c6f63616c5f72657061727469636f65737c733a323a223338223b656d61696c7c733a32303a226d6d7567616265406d697361752e676f762e6d7a223b69647c733a313a2233223b7065726d697373616f7c733a313a2232223b6c6f6761646f7c623a313b),
('f9oasts1shgrcgr2jit0i8kp7d74b9e6', '127.0.0.1', 1559159919, 0x5f5f63695f6c6173745f726567656e65726174657c693a313535393135393736313b6e6f6d657c733a31333a224d6576696573204d7567616265223b61627265765f64697265636f65737c733a343a22444e414d223b61627265765f646570617274616d656e746f737c733a353a224441475553223b61627265765f72657061727469636f65737c733a353a225265704848223b6e6f6d655f64697265636f65737c733a34323a2244697265c3a7c3a36f204e6163696f6e616c20646520417373697374c3aa6e636961204dc3a964696361223b6e6f6d655f646570617274616d656e746f737c733a36353a22446570617274616d656e746f2064652041646d696e6973747261c3a7c3a36f20652047657374c3a36f2064617320556e6964616465732053616e69746172696173223b6e6f6d655f72657061727469636f65737c733a33363a2252657061727469c3a7c3a36f20646520486f74656c6172696120486f73706974616c6172223b6c6f63616c5f64697265636f65737c733a313a2233223b6c6f63616c5f646570617274616d656e746f737c733a323a223233223b6c6f63616c5f72657061727469636f65737c733a323a223338223b656d61696c7c733a32303a226d6d7567616265406d697361752e676f762e6d7a223b69647c733a313a2233223b7065726d697373616f7c733a313a2232223b6c6f6761646f7c623a313b),
('5oobs7c42dirung48dd0r4ffd7453riu', '127.0.0.1', 1559160407, 0x5f5f63695f6c6173745f726567656e65726174657c693a313535393136303132373b6e6f6d657c733a31333a224d6576696573204d7567616265223b61627265765f64697265636f65737c733a343a22444e414d223b61627265765f646570617274616d656e746f737c733a353a224441475553223b61627265765f72657061727469636f65737c733a353a225265704848223b6e6f6d655f64697265636f65737c733a34323a2244697265c3a7c3a36f204e6163696f6e616c20646520417373697374c3aa6e636961204dc3a964696361223b6e6f6d655f646570617274616d656e746f737c733a36353a22446570617274616d656e746f2064652041646d696e6973747261c3a7c3a36f20652047657374c3a36f2064617320556e6964616465732053616e69746172696173223b6e6f6d655f72657061727469636f65737c733a33363a2252657061727469c3a7c3a36f20646520486f74656c6172696120486f73706974616c6172223b6c6f63616c5f64697265636f65737c733a313a2233223b6c6f63616c5f646570617274616d656e746f737c733a323a223233223b6c6f63616c5f72657061727469636f65737c733a323a223338223b656d61696c7c733a32303a226d6d7567616265406d697361752e676f762e6d7a223b69647c733a313a2233223b7065726d697373616f7c733a313a2232223b6c6f6761646f7c623a313b),
('5g6atch2pa7m651601pp797lifq2hb12', '127.0.0.1', 1559160689, 0x5f5f63695f6c6173745f726567656e65726174657c693a313535393136303438323b6e6f6d657c733a31333a224d6576696573204d7567616265223b61627265765f64697265636f65737c733a343a22444e414d223b61627265765f646570617274616d656e746f737c733a353a224441475553223b61627265765f72657061727469636f65737c733a353a225265704848223b6e6f6d655f64697265636f65737c733a34323a2244697265c3a7c3a36f204e6163696f6e616c20646520417373697374c3aa6e636961204dc3a964696361223b6e6f6d655f646570617274616d656e746f737c733a36353a22446570617274616d656e746f2064652041646d696e6973747261c3a7c3a36f20652047657374c3a36f2064617320556e6964616465732053616e69746172696173223b6e6f6d655f72657061727469636f65737c733a33363a2252657061727469c3a7c3a36f20646520486f74656c6172696120486f73706974616c6172223b6c6f63616c5f64697265636f65737c733a313a2233223b6c6f63616c5f646570617274616d656e746f737c733a323a223233223b6c6f63616c5f72657061727469636f65737c733a323a223338223b656d61696c7c733a32303a226d6d7567616265406d697361752e676f762e6d7a223b69647c733a313a2233223b7065726d697373616f7c733a313a2232223b6c6f6761646f7c623a313b),
('mtk4rqdq6kovtgefkj77hr6dmds9gebv', '127.0.0.1', 1559160799, 0x5f5f63695f6c6173745f726567656e65726174657c693a313535393136303738333b6e6f6d657c733a31333a224d6576696573204d7567616265223b61627265765f64697265636f65737c733a343a22444e414d223b61627265765f646570617274616d656e746f737c733a353a224441475553223b61627265765f72657061727469636f65737c733a353a225265704848223b6e6f6d655f64697265636f65737c733a34323a2244697265c3a7c3a36f204e6163696f6e616c20646520417373697374c3aa6e636961204dc3a964696361223b6e6f6d655f646570617274616d656e746f737c733a36353a22446570617274616d656e746f2064652041646d696e6973747261c3a7c3a36f20652047657374c3a36f2064617320556e6964616465732053616e69746172696173223b6e6f6d655f72657061727469636f65737c733a33363a2252657061727469c3a7c3a36f20646520486f74656c6172696120486f73706974616c6172223b6c6f63616c5f64697265636f65737c733a313a2233223b6c6f63616c5f646570617274616d656e746f737c733a323a223233223b6c6f63616c5f72657061727469636f65737c733a323a223338223b656d61696c7c733a32303a226d6d7567616265406d697361752e676f762e6d7a223b69647c733a313a2233223b7065726d697373616f7c733a313a2232223b6c6f6761646f7c623a313b),
('t2lop1it1d8lvnqpoituf7qjir5frhov', '127.0.0.1', 1559161546, 0x5f5f63695f6c6173745f726567656e65726174657c693a313535393136313335393b6e6f6d657c733a31333a224d6576696573204d7567616265223b61627265765f64697265636f65737c733a343a22444e414d223b61627265765f646570617274616d656e746f737c733a353a224441475553223b61627265765f72657061727469636f65737c733a353a225265704848223b6e6f6d655f64697265636f65737c733a34323a2244697265c3a7c3a36f204e6163696f6e616c20646520417373697374c3aa6e636961204dc3a964696361223b6e6f6d655f646570617274616d656e746f737c733a36353a22446570617274616d656e746f2064652041646d696e6973747261c3a7c3a36f20652047657374c3a36f2064617320556e6964616465732053616e69746172696173223b6e6f6d655f72657061727469636f65737c733a33363a2252657061727469c3a7c3a36f20646520486f74656c6172696120486f73706974616c6172223b6c6f63616c5f64697265636f65737c733a313a2233223b6c6f63616c5f646570617274616d656e746f737c733a323a223233223b6c6f63616c5f72657061727469636f65737c733a323a223338223b656d61696c7c733a32303a226d6d7567616265406d697361752e676f762e6d7a223b69647c733a313a2233223b7065726d697373616f7c733a313a2232223b6c6f6761646f7c623a313b),
('d8nh7kt3t4mu1gu6bg1dt24jkg126cvb', '127.0.0.1', 1559161851, 0x5f5f63695f6c6173745f726567656e65726174657c693a313535393136313638383b6e6f6d657c733a31333a224d6576696573204d7567616265223b61627265765f64697265636f65737c733a343a22444e414d223b61627265765f646570617274616d656e746f737c733a353a224441475553223b61627265765f72657061727469636f65737c733a353a225265704848223b6e6f6d655f64697265636f65737c733a34323a2244697265c3a7c3a36f204e6163696f6e616c20646520417373697374c3aa6e636961204dc3a964696361223b6e6f6d655f646570617274616d656e746f737c733a36353a22446570617274616d656e746f2064652041646d696e6973747261c3a7c3a36f20652047657374c3a36f2064617320556e6964616465732053616e69746172696173223b6e6f6d655f72657061727469636f65737c733a33363a2252657061727469c3a7c3a36f20646520486f74656c6172696120486f73706974616c6172223b6c6f63616c5f64697265636f65737c733a313a2233223b6c6f63616c5f646570617274616d656e746f737c733a323a223233223b6c6f63616c5f72657061727469636f65737c733a323a223338223b656d61696c7c733a32303a226d6d7567616265406d697361752e676f762e6d7a223b69647c733a313a2233223b7065726d697373616f7c733a313a2232223b6c6f6761646f7c623a313b),
('i22bejsbo6nggs4h9i55q71ttkprvquf', '127.0.0.1', 1559162155, 0x5f5f63695f6c6173745f726567656e65726174657c693a313535393136323030323b6e6f6d657c733a31333a224d6576696573204d7567616265223b61627265765f64697265636f65737c733a343a22444e414d223b61627265765f646570617274616d656e746f737c733a353a224441475553223b61627265765f72657061727469636f65737c733a353a225265704848223b6e6f6d655f64697265636f65737c733a34323a2244697265c3a7c3a36f204e6163696f6e616c20646520417373697374c3aa6e636961204dc3a964696361223b6e6f6d655f646570617274616d656e746f737c733a36353a22446570617274616d656e746f2064652041646d696e6973747261c3a7c3a36f20652047657374c3a36f2064617320556e6964616465732053616e69746172696173223b6e6f6d655f72657061727469636f65737c733a33363a2252657061727469c3a7c3a36f20646520486f74656c6172696120486f73706974616c6172223b6c6f63616c5f64697265636f65737c733a313a2233223b6c6f63616c5f646570617274616d656e746f737c733a323a223233223b6c6f63616c5f72657061727469636f65737c733a323a223338223b656d61696c7c733a32303a226d6d7567616265406d697361752e676f762e6d7a223b69647c733a313a2233223b7065726d697373616f7c733a313a2232223b6c6f6761646f7c623a313b),
('pvv7lkcmqlm5l3o5aa0k06nnj1vecad2', '127.0.0.1', 1559162338, 0x5f5f63695f6c6173745f726567656e65726174657c693a313535393136323331333b6e6f6d657c733a31333a224d6576696573204d7567616265223b61627265765f64697265636f65737c733a343a22444e414d223b61627265765f646570617274616d656e746f737c733a353a224441475553223b61627265765f72657061727469636f65737c733a353a225265704848223b6e6f6d655f64697265636f65737c733a34323a2244697265c3a7c3a36f204e6163696f6e616c20646520417373697374c3aa6e636961204dc3a964696361223b6e6f6d655f646570617274616d656e746f737c733a36353a22446570617274616d656e746f2064652041646d696e6973747261c3a7c3a36f20652047657374c3a36f2064617320556e6964616465732053616e69746172696173223b6e6f6d655f72657061727469636f65737c733a33363a2252657061727469c3a7c3a36f20646520486f74656c6172696120486f73706974616c6172223b6c6f63616c5f64697265636f65737c733a313a2233223b6c6f63616c5f646570617274616d656e746f737c733a323a223233223b6c6f63616c5f72657061727469636f65737c733a323a223338223b656d61696c7c733a32303a226d6d7567616265406d697361752e676f762e6d7a223b69647c733a313a2233223b7065726d697373616f7c733a313a2232223b6c6f6761646f7c623a313b),
('85ldf126dkfn9qb634e4tclj1b15ngme', '127.0.0.1', 1559163729, 0x5f5f63695f6c6173745f726567656e65726174657c693a313535393136333434313b6e6f6d657c733a31333a224d6576696573204d7567616265223b61627265765f64697265636f65737c733a343a22444e414d223b61627265765f646570617274616d656e746f737c733a353a224441475553223b61627265765f72657061727469636f65737c733a353a225265704848223b6e6f6d655f64697265636f65737c733a34323a2244697265c3a7c3a36f204e6163696f6e616c20646520417373697374c3aa6e636961204dc3a964696361223b6e6f6d655f646570617274616d656e746f737c733a36353a22446570617274616d656e746f2064652041646d696e6973747261c3a7c3a36f20652047657374c3a36f2064617320556e6964616465732053616e69746172696173223b6e6f6d655f72657061727469636f65737c733a33363a2252657061727469c3a7c3a36f20646520486f74656c6172696120486f73706974616c6172223b6c6f63616c5f64697265636f65737c733a313a2233223b6c6f63616c5f646570617274616d656e746f737c733a323a223233223b6c6f63616c5f72657061727469636f65737c733a323a223338223b656d61696c7c733a32303a226d6d7567616265406d697361752e676f762e6d7a223b69647c733a313a2233223b7065726d697373616f7c733a313a2232223b6c6f6761646f7c623a313b),
('3dnhjph3ivh9u8km8sjtg3h7abbqsjg6', '127.0.0.1', 1559164121, 0x5f5f63695f6c6173745f726567656e65726174657c693a313535393136333738303b6e6f6d657c733a31333a224d6576696573204d7567616265223b61627265765f64697265636f65737c733a343a22444e414d223b61627265765f646570617274616d656e746f737c733a353a224441475553223b61627265765f72657061727469636f65737c733a353a225265704848223b6e6f6d655f64697265636f65737c733a34323a2244697265c3a7c3a36f204e6163696f6e616c20646520417373697374c3aa6e636961204dc3a964696361223b6e6f6d655f646570617274616d656e746f737c733a36353a22446570617274616d656e746f2064652041646d696e6973747261c3a7c3a36f20652047657374c3a36f2064617320556e6964616465732053616e69746172696173223b6e6f6d655f72657061727469636f65737c733a33363a2252657061727469c3a7c3a36f20646520486f74656c6172696120486f73706974616c6172223b6c6f63616c5f64697265636f65737c733a313a2233223b6c6f63616c5f646570617274616d656e746f737c733a323a223233223b6c6f63616c5f72657061727469636f65737c733a323a223338223b656d61696c7c733a32303a226d6d7567616265406d697361752e676f762e6d7a223b69647c733a313a2233223b7065726d697373616f7c733a313a2232223b6c6f6761646f7c623a313b),
('uu77n5fk6srf3b7m2g2s4nf3iou7d072', '127.0.0.1', 1559164493, 0x5f5f63695f6c6173745f726567656e65726174657c693a313535393136343136373b6e6f6d657c733a31333a224d6576696573204d7567616265223b61627265765f64697265636f65737c733a343a22444e414d223b61627265765f646570617274616d656e746f737c733a353a224441475553223b61627265765f72657061727469636f65737c733a353a225265704848223b6e6f6d655f64697265636f65737c733a34323a2244697265c3a7c3a36f204e6163696f6e616c20646520417373697374c3aa6e636961204dc3a964696361223b6e6f6d655f646570617274616d656e746f737c733a36353a22446570617274616d656e746f2064652041646d696e6973747261c3a7c3a36f20652047657374c3a36f2064617320556e6964616465732053616e69746172696173223b6e6f6d655f72657061727469636f65737c733a33363a2252657061727469c3a7c3a36f20646520486f74656c6172696120486f73706974616c6172223b6c6f63616c5f64697265636f65737c733a313a2233223b6c6f63616c5f646570617274616d656e746f737c733a323a223233223b6c6f63616c5f72657061727469636f65737c733a323a223338223b656d61696c7c733a32303a226d6d7567616265406d697361752e676f762e6d7a223b69647c733a313a2233223b7065726d697373616f7c733a313a2232223b6c6f6761646f7c623a313b),
('6a7hu44klpdsmqlvdgee92llivckc5a9', '127.0.0.1', 1559164591, 0x5f5f63695f6c6173745f726567656e65726174657c693a313535393136343530363b6e6f6d657c733a31333a224d6576696573204d7567616265223b61627265765f64697265636f65737c733a343a22444e414d223b61627265765f646570617274616d656e746f737c733a353a224441475553223b61627265765f72657061727469636f65737c733a353a225265704848223b6e6f6d655f64697265636f65737c733a34323a2244697265c3a7c3a36f204e6163696f6e616c20646520417373697374c3aa6e636961204dc3a964696361223b6e6f6d655f646570617274616d656e746f737c733a36353a22446570617274616d656e746f2064652041646d696e6973747261c3a7c3a36f20652047657374c3a36f2064617320556e6964616465732053616e69746172696173223b6e6f6d655f72657061727469636f65737c733a33363a2252657061727469c3a7c3a36f20646520486f74656c6172696120486f73706974616c6172223b6c6f63616c5f64697265636f65737c733a313a2233223b6c6f63616c5f646570617274616d656e746f737c733a323a223233223b6c6f63616c5f72657061727469636f65737c733a323a223338223b656d61696c7c733a32303a226d6d7567616265406d697361752e676f762e6d7a223b69647c733a313a2233223b7065726d697373616f7c733a313a2232223b6c6f6761646f7c623a313b),
('39spr439nrsgcp9jj9lcl5pdffjbdvk8', '127.0.0.1', 1559199700, 0x5f5f63695f6c6173745f726567656e65726174657c693a313535393139393339363b6e6f6d657c733a31333a224d6576696573204d7567616265223b61627265765f64697265636f65737c733a343a22444e414d223b61627265765f646570617274616d656e746f737c733a353a224441475553223b61627265765f72657061727469636f65737c733a353a225265704848223b6e6f6d655f64697265636f65737c733a34323a2244697265c3a7c3a36f204e6163696f6e616c20646520417373697374c3aa6e636961204dc3a964696361223b6e6f6d655f646570617274616d656e746f737c733a36353a22446570617274616d656e746f2064652041646d696e6973747261c3a7c3a36f20652047657374c3a36f2064617320556e6964616465732053616e69746172696173223b6e6f6d655f72657061727469636f65737c733a33363a2252657061727469c3a7c3a36f20646520486f74656c6172696120486f73706974616c6172223b6c6f63616c5f64697265636f65737c733a313a2233223b6c6f63616c5f646570617274616d656e746f737c733a323a223233223b6c6f63616c5f72657061727469636f65737c733a323a223338223b656d61696c7c733a32303a226d6d7567616265406d697361752e676f762e6d7a223b69647c733a313a2233223b7065726d697373616f7c733a313a2232223b6c6f6761646f7c623a313b),
('lvaqoe28lhn8rtia3ahgbi21e2t5bk55', '127.0.0.1', 1559199988, 0x5f5f63695f6c6173745f726567656e65726174657c693a313535393139393730343b6e6f6d657c733a31333a224d6576696573204d7567616265223b61627265765f64697265636f65737c733a343a22444e414d223b61627265765f646570617274616d656e746f737c733a353a224441475553223b61627265765f72657061727469636f65737c733a353a225265704848223b6e6f6d655f64697265636f65737c733a34323a2244697265c3a7c3a36f204e6163696f6e616c20646520417373697374c3aa6e636961204dc3a964696361223b6e6f6d655f646570617274616d656e746f737c733a36353a22446570617274616d656e746f2064652041646d696e6973747261c3a7c3a36f20652047657374c3a36f2064617320556e6964616465732053616e69746172696173223b6e6f6d655f72657061727469636f65737c733a33363a2252657061727469c3a7c3a36f20646520486f74656c6172696120486f73706974616c6172223b6c6f63616c5f64697265636f65737c733a313a2233223b6c6f63616c5f646570617274616d656e746f737c733a323a223233223b6c6f63616c5f72657061727469636f65737c733a323a223338223b656d61696c7c733a32303a226d6d7567616265406d697361752e676f762e6d7a223b69647c733a313a2233223b7065726d697373616f7c733a313a2232223b6c6f6761646f7c623a313b),
('fh18pasnab6677phu1v3s9vc5ho3p23v', '127.0.0.1', 1559200229, 0x5f5f63695f6c6173745f726567656e65726174657c693a313535393230303232393b6e6f6d657c733a31333a224d6576696573204d7567616265223b61627265765f64697265636f65737c733a343a22444e414d223b61627265765f646570617274616d656e746f737c733a353a224441475553223b61627265765f72657061727469636f65737c733a353a225265704848223b6e6f6d655f64697265636f65737c733a34323a2244697265c3a7c3a36f204e6163696f6e616c20646520417373697374c3aa6e636961204dc3a964696361223b6e6f6d655f646570617274616d656e746f737c733a36353a22446570617274616d656e746f2064652041646d696e6973747261c3a7c3a36f20652047657374c3a36f2064617320556e6964616465732053616e69746172696173223b6e6f6d655f72657061727469636f65737c733a33363a2252657061727469c3a7c3a36f20646520486f74656c6172696120486f73706974616c6172223b6c6f63616c5f64697265636f65737c733a313a2233223b6c6f63616c5f646570617274616d656e746f737c733a323a223233223b6c6f63616c5f72657061727469636f65737c733a323a223338223b656d61696c7c733a32303a226d6d7567616265406d697361752e676f762e6d7a223b69647c733a313a2233223b7065726d697373616f7c733a313a2232223b6c6f6761646f7c623a313b),
('b6n3a61a6rpvhmo8erebs2r0mqu6h49e', '127.0.0.1', 1559200969, 0x5f5f63695f6c6173745f726567656e65726174657c693a313535393230303735343b6e6f6d657c733a31333a224d6576696573204d7567616265223b61627265765f64697265636f65737c733a343a22444e414d223b61627265765f646570617274616d656e746f737c733a353a224441475553223b61627265765f72657061727469636f65737c733a353a225265704848223b6e6f6d655f64697265636f65737c733a34323a2244697265c3a7c3a36f204e6163696f6e616c20646520417373697374c3aa6e636961204dc3a964696361223b6e6f6d655f646570617274616d656e746f737c733a36353a22446570617274616d656e746f2064652041646d696e6973747261c3a7c3a36f20652047657374c3a36f2064617320556e6964616465732053616e69746172696173223b6e6f6d655f72657061727469636f65737c733a33363a2252657061727469c3a7c3a36f20646520486f74656c6172696120486f73706974616c6172223b6c6f63616c5f64697265636f65737c733a313a2233223b6c6f63616c5f646570617274616d656e746f737c733a323a223233223b6c6f63616c5f72657061727469636f65737c733a323a223338223b656d61696c7c733a32303a226d6d7567616265406d697361752e676f762e6d7a223b69647c733a313a2233223b7065726d697373616f7c733a313a2232223b6c6f6761646f7c623a313b),
('68lnsmq648e499lj0q1ibje2vgqmraj8', '127.0.0.1', 1559201363, 0x5f5f63695f6c6173745f726567656e65726174657c693a313535393230313039323b6e6f6d657c733a31333a224d6576696573204d7567616265223b61627265765f64697265636f65737c733a343a22444e414d223b61627265765f646570617274616d656e746f737c733a353a224441475553223b61627265765f72657061727469636f65737c733a353a225265704848223b6e6f6d655f64697265636f65737c733a34323a2244697265c3a7c3a36f204e6163696f6e616c20646520417373697374c3aa6e636961204dc3a964696361223b6e6f6d655f646570617274616d656e746f737c733a36353a22446570617274616d656e746f2064652041646d696e6973747261c3a7c3a36f20652047657374c3a36f2064617320556e6964616465732053616e69746172696173223b6e6f6d655f72657061727469636f65737c733a33363a2252657061727469c3a7c3a36f20646520486f74656c6172696120486f73706974616c6172223b6c6f63616c5f64697265636f65737c733a313a2233223b6c6f63616c5f646570617274616d656e746f737c733a323a223233223b6c6f63616c5f72657061727469636f65737c733a323a223338223b656d61696c7c733a32303a226d6d7567616265406d697361752e676f762e6d7a223b69647c733a313a2233223b7065726d697373616f7c733a313a2232223b6c6f6761646f7c623a313b),
('4bag4794poe4eqg3cgafi4f87rpbfegq', '127.0.0.1', 1559201709, 0x5f5f63695f6c6173745f726567656e65726174657c693a313535393230313431303b6e6f6d657c733a31333a224d6576696573204d7567616265223b61627265765f64697265636f65737c733a343a22444e414d223b61627265765f646570617274616d656e746f737c733a353a224441475553223b61627265765f72657061727469636f65737c733a353a225265704848223b6e6f6d655f64697265636f65737c733a34323a2244697265c3a7c3a36f204e6163696f6e616c20646520417373697374c3aa6e636961204dc3a964696361223b6e6f6d655f646570617274616d656e746f737c733a36353a22446570617274616d656e746f2064652041646d696e6973747261c3a7c3a36f20652047657374c3a36f2064617320556e6964616465732053616e69746172696173223b6e6f6d655f72657061727469636f65737c733a33363a2252657061727469c3a7c3a36f20646520486f74656c6172696120486f73706974616c6172223b6c6f63616c5f64697265636f65737c733a313a2233223b6c6f63616c5f646570617274616d656e746f737c733a323a223233223b6c6f63616c5f72657061727469636f65737c733a323a223338223b656d61696c7c733a32303a226d6d7567616265406d697361752e676f762e6d7a223b69647c733a313a2233223b7065726d697373616f7c733a313a2232223b6c6f6761646f7c623a313b),
('rhaisg0mh02sa5s8q9u48q1n17o2fql1', '127.0.0.1', 1559202014, 0x5f5f63695f6c6173745f726567656e65726174657c693a313535393230313731323b6e6f6d657c733a31333a224d6576696573204d7567616265223b61627265765f64697265636f65737c733a343a22444e414d223b61627265765f646570617274616d656e746f737c733a353a224441475553223b61627265765f72657061727469636f65737c733a353a225265704848223b6e6f6d655f64697265636f65737c733a34323a2244697265c3a7c3a36f204e6163696f6e616c20646520417373697374c3aa6e636961204dc3a964696361223b6e6f6d655f646570617274616d656e746f737c733a36353a22446570617274616d656e746f2064652041646d696e6973747261c3a7c3a36f20652047657374c3a36f2064617320556e6964616465732053616e69746172696173223b6e6f6d655f72657061727469636f65737c733a33363a2252657061727469c3a7c3a36f20646520486f74656c6172696120486f73706974616c6172223b6c6f63616c5f64697265636f65737c733a313a2233223b6c6f63616c5f646570617274616d656e746f737c733a323a223233223b6c6f63616c5f72657061727469636f65737c733a323a223338223b656d61696c7c733a32303a226d6d7567616265406d697361752e676f762e6d7a223b69647c733a313a2233223b7065726d697373616f7c733a313a2232223b6c6f6761646f7c623a313b),
('n83lnrhdc7q3s0ssfh7ejg6rpdoiketd', '127.0.0.1', 1559202157, 0x5f5f63695f6c6173745f726567656e65726174657c693a313535393230323032313b6e6f6d657c733a31333a224d6576696573204d7567616265223b61627265765f64697265636f65737c733a343a22444e414d223b61627265765f646570617274616d656e746f737c733a353a224441475553223b61627265765f72657061727469636f65737c733a353a225265704848223b6e6f6d655f64697265636f65737c733a34323a2244697265c3a7c3a36f204e6163696f6e616c20646520417373697374c3aa6e636961204dc3a964696361223b6e6f6d655f646570617274616d656e746f737c733a36353a22446570617274616d656e746f2064652041646d696e6973747261c3a7c3a36f20652047657374c3a36f2064617320556e6964616465732053616e69746172696173223b6e6f6d655f72657061727469636f65737c733a33363a2252657061727469c3a7c3a36f20646520486f74656c6172696120486f73706974616c6172223b6c6f63616c5f64697265636f65737c733a313a2233223b6c6f63616c5f646570617274616d656e746f737c733a323a223233223b6c6f63616c5f72657061727469636f65737c733a323a223338223b656d61696c7c733a32303a226d6d7567616265406d697361752e676f762e6d7a223b69647c733a313a2233223b7065726d697373616f7c733a313a2232223b6c6f6761646f7c623a313b),
('bfl7n7mmut96f3eha5u3qt87p5luuole', '127.0.0.1', 1559202629, 0x5f5f63695f6c6173745f726567656e65726174657c693a313535393230323334313b6e6f6d657c733a31333a224d6576696573204d7567616265223b61627265765f64697265636f65737c733a343a22444e414d223b61627265765f646570617274616d656e746f737c733a353a224441475553223b61627265765f72657061727469636f65737c733a353a225265704848223b6e6f6d655f64697265636f65737c733a34323a2244697265c3a7c3a36f204e6163696f6e616c20646520417373697374c3aa6e636961204dc3a964696361223b6e6f6d655f646570617274616d656e746f737c733a36353a22446570617274616d656e746f2064652041646d696e6973747261c3a7c3a36f20652047657374c3a36f2064617320556e6964616465732053616e69746172696173223b6e6f6d655f72657061727469636f65737c733a33363a2252657061727469c3a7c3a36f20646520486f74656c6172696120486f73706974616c6172223b6c6f63616c5f64697265636f65737c733a313a2233223b6c6f63616c5f646570617274616d656e746f737c733a323a223233223b6c6f63616c5f72657061727469636f65737c733a323a223338223b656d61696c7c733a32303a226d6d7567616265406d697361752e676f762e6d7a223b69647c733a313a2233223b7065726d697373616f7c733a313a2232223b6c6f6761646f7c623a313b),
('th21aiotnmmh6ps7d88k6me756kham84', '127.0.0.1', 1559203023, 0x5f5f63695f6c6173745f726567656e65726174657c693a313535393230323731383b6e6f6d657c733a31333a224d6576696573204d7567616265223b61627265765f64697265636f65737c733a343a22444e414d223b61627265765f646570617274616d656e746f737c733a353a224441475553223b61627265765f72657061727469636f65737c733a353a225265704848223b6e6f6d655f64697265636f65737c733a34323a2244697265c3a7c3a36f204e6163696f6e616c20646520417373697374c3aa6e636961204dc3a964696361223b6e6f6d655f646570617274616d656e746f737c733a36353a22446570617274616d656e746f2064652041646d696e6973747261c3a7c3a36f20652047657374c3a36f2064617320556e6964616465732053616e69746172696173223b6e6f6d655f72657061727469636f65737c733a33363a2252657061727469c3a7c3a36f20646520486f74656c6172696120486f73706974616c6172223b6c6f63616c5f64697265636f65737c733a313a2233223b6c6f63616c5f646570617274616d656e746f737c733a323a223233223b6c6f63616c5f72657061727469636f65737c733a323a223338223b656d61696c7c733a32303a226d6d7567616265406d697361752e676f762e6d7a223b69647c733a313a2233223b7065726d697373616f7c733a313a2232223b6c6f6761646f7c623a313b),
('l8as30s4csavk6pg34mr7ju08t24k6el', '127.0.0.1', 1559203100, ''),
('rl99cdd3couk1ickhi4bnhb1ribmp7u1', '127.0.0.1', 1559203314, 0x5f5f63695f6c6173745f726567656e65726174657c693a313535393230333132343b6e6f6d657c733a31333a224d6576696573204d7567616265223b61627265765f64697265636f65737c733a343a22444e414d223b61627265765f646570617274616d656e746f737c733a353a224441475553223b61627265765f72657061727469636f65737c733a353a225265704848223b6e6f6d655f64697265636f65737c733a34323a2244697265c3a7c3a36f204e6163696f6e616c20646520417373697374c3aa6e636961204dc3a964696361223b6e6f6d655f646570617274616d656e746f737c733a36353a22446570617274616d656e746f2064652041646d696e6973747261c3a7c3a36f20652047657374c3a36f2064617320556e6964616465732053616e69746172696173223b6e6f6d655f72657061727469636f65737c733a33363a2252657061727469c3a7c3a36f20646520486f74656c6172696120486f73706974616c6172223b6c6f63616c5f64697265636f65737c733a313a2233223b6c6f63616c5f646570617274616d656e746f737c733a323a223233223b6c6f63616c5f72657061727469636f65737c733a323a223338223b656d61696c7c733a32303a226d6d7567616265406d697361752e676f762e6d7a223b69647c733a313a2233223b7065726d697373616f7c733a313a2232223b6c6f6761646f7c623a313b);
INSERT INTO `ci_sessions` (`id`, `ip_address`, `timestamp`, `data`) VALUES
('ndi4bqbvfpdrev7q01iarl5jlbp2d90g', '127.0.0.1', 1559204065, 0x5f5f63695f6c6173745f726567656e65726174657c693a313535393230333836343b6e6f6d657c733a31333a224d6576696573204d7567616265223b61627265765f64697265636f65737c733a343a22444e414d223b61627265765f646570617274616d656e746f737c733a353a224441475553223b61627265765f72657061727469636f65737c733a353a225265704848223b6e6f6d655f64697265636f65737c733a34323a2244697265c3a7c3a36f204e6163696f6e616c20646520417373697374c3aa6e636961204dc3a964696361223b6e6f6d655f646570617274616d656e746f737c733a36353a22446570617274616d656e746f2064652041646d696e6973747261c3a7c3a36f20652047657374c3a36f2064617320556e6964616465732053616e69746172696173223b6e6f6d655f72657061727469636f65737c733a33363a2252657061727469c3a7c3a36f20646520486f74656c6172696120486f73706974616c6172223b6c6f63616c5f64697265636f65737c733a313a2233223b6c6f63616c5f646570617274616d656e746f737c733a323a223233223b6c6f63616c5f72657061727469636f65737c733a323a223338223b656d61696c7c733a32303a226d6d7567616265406d697361752e676f762e6d7a223b69647c733a313a2233223b7065726d697373616f7c733a313a2232223b6c6f6761646f7c623a313b),
('fkrov5guohl4g7j9lk514lbvijtc43s2', '127.0.0.1', 1559204496, 0x5f5f63695f6c6173745f726567656e65726174657c693a313535393230343230323b6e6f6d657c733a31333a224d6576696573204d7567616265223b61627265765f64697265636f65737c733a343a22444e414d223b61627265765f646570617274616d656e746f737c733a353a224441475553223b61627265765f72657061727469636f65737c733a353a225265704848223b6e6f6d655f64697265636f65737c733a34323a2244697265c3a7c3a36f204e6163696f6e616c20646520417373697374c3aa6e636961204dc3a964696361223b6e6f6d655f646570617274616d656e746f737c733a36353a22446570617274616d656e746f2064652041646d696e6973747261c3a7c3a36f20652047657374c3a36f2064617320556e6964616465732053616e69746172696173223b6e6f6d655f72657061727469636f65737c733a33363a2252657061727469c3a7c3a36f20646520486f74656c6172696120486f73706974616c6172223b6c6f63616c5f64697265636f65737c733a313a2233223b6c6f63616c5f646570617274616d656e746f737c733a323a223233223b6c6f63616c5f72657061727469636f65737c733a323a223338223b656d61696c7c733a32303a226d6d7567616265406d697361752e676f762e6d7a223b69647c733a313a2233223b7065726d697373616f7c733a313a2232223b6c6f6761646f7c623a313b),
('vgo1tmduioecvg3lvafr33fku486np4c', '127.0.0.1', 1559204637, 0x5f5f63695f6c6173745f726567656e65726174657c693a313535393230343537383b6e6f6d657c733a31333a224d6576696573204d7567616265223b61627265765f64697265636f65737c733a343a22444e414d223b61627265765f646570617274616d656e746f737c733a353a224441475553223b61627265765f72657061727469636f65737c733a353a225265704848223b6e6f6d655f64697265636f65737c733a34323a2244697265c3a7c3a36f204e6163696f6e616c20646520417373697374c3aa6e636961204dc3a964696361223b6e6f6d655f646570617274616d656e746f737c733a36353a22446570617274616d656e746f2064652041646d696e6973747261c3a7c3a36f20652047657374c3a36f2064617320556e6964616465732053616e69746172696173223b6e6f6d655f72657061727469636f65737c733a33363a2252657061727469c3a7c3a36f20646520486f74656c6172696120486f73706974616c6172223b6c6f63616c5f64697265636f65737c733a313a2233223b6c6f63616c5f646570617274616d656e746f737c733a323a223233223b6c6f63616c5f72657061727469636f65737c733a323a223338223b656d61696c7c733a32303a226d6d7567616265406d697361752e676f762e6d7a223b69647c733a313a2233223b7065726d697373616f7c733a313a2232223b6c6f6761646f7c623a313b),
('88vo472ejr2pnd5pngnaeq1n6unijk0a', '127.0.0.1', 1559205260, 0x5f5f63695f6c6173745f726567656e65726174657c693a313535393230353235333b6e6f6d657c733a31333a224d6576696573204d7567616265223b61627265765f64697265636f65737c733a343a22444e414d223b61627265765f646570617274616d656e746f737c733a353a224441475553223b61627265765f72657061727469636f65737c733a353a225265704848223b6e6f6d655f64697265636f65737c733a34323a2244697265c3a7c3a36f204e6163696f6e616c20646520417373697374c3aa6e636961204dc3a964696361223b6e6f6d655f646570617274616d656e746f737c733a36353a22446570617274616d656e746f2064652041646d696e6973747261c3a7c3a36f20652047657374c3a36f2064617320556e6964616465732053616e69746172696173223b6e6f6d655f72657061727469636f65737c733a33363a2252657061727469c3a7c3a36f20646520486f74656c6172696120486f73706974616c6172223b6c6f63616c5f64697265636f65737c733a313a2233223b6c6f63616c5f646570617274616d656e746f737c733a323a223233223b6c6f63616c5f72657061727469636f65737c733a323a223338223b656d61696c7c733a32303a226d6d7567616265406d697361752e676f762e6d7a223b69647c733a313a2233223b7065726d697373616f7c733a313a2232223b6c6f6761646f7c623a313b),
('6m057qrc94jjl9nsi3f003mvjp80740g', '127.0.0.1', 1559507203, 0x5f5f63695f6c6173745f726567656e65726174657c693a313535393530363938363b6e6f6d657c733a31333a224d6576696573204d7567616265223b61627265765f64697265636f65737c733a343a22444e414d223b61627265765f646570617274616d656e746f737c733a353a224441475553223b61627265765f72657061727469636f65737c733a353a225265704848223b6e6f6d655f64697265636f65737c733a34323a2244697265c3a7c3a36f204e6163696f6e616c20646520417373697374c3aa6e636961204dc3a964696361223b6e6f6d655f646570617274616d656e746f737c733a36353a22446570617274616d656e746f2064652041646d696e6973747261c3a7c3a36f20652047657374c3a36f2064617320556e6964616465732053616e69746172696173223b6e6f6d655f72657061727469636f65737c733a33363a2252657061727469c3a7c3a36f20646520486f74656c6172696120486f73706974616c6172223b6c6f63616c5f64697265636f65737c733a313a2233223b6c6f63616c5f646570617274616d656e746f737c733a323a223233223b6c6f63616c5f72657061727469636f65737c733a323a223338223b656d61696c7c733a32303a226d6d7567616265406d697361752e676f762e6d7a223b69647c733a313a2233223b7065726d697373616f7c733a313a2232223b6c6f6761646f7c623a313b),
('u80fsjvc3acqqeiqc7ug7i4sgh33vgpf', '127.0.0.1', 1559507983, 0x5f5f63695f6c6173745f726567656e65726174657c693a313535393530373633313b6e6f6d657c733a31333a224d6576696573204d7567616265223b61627265765f64697265636f65737c733a343a22444e414d223b61627265765f646570617274616d656e746f737c733a353a224441475553223b61627265765f72657061727469636f65737c733a353a225265704848223b6e6f6d655f64697265636f65737c733a34323a2244697265c3a7c3a36f204e6163696f6e616c20646520417373697374c3aa6e636961204dc3a964696361223b6e6f6d655f646570617274616d656e746f737c733a36353a22446570617274616d656e746f2064652041646d696e6973747261c3a7c3a36f20652047657374c3a36f2064617320556e6964616465732053616e69746172696173223b6e6f6d655f72657061727469636f65737c733a33363a2252657061727469c3a7c3a36f20646520486f74656c6172696120486f73706974616c6172223b6c6f63616c5f64697265636f65737c733a313a2233223b6c6f63616c5f646570617274616d656e746f737c733a323a223233223b6c6f63616c5f72657061727469636f65737c733a323a223338223b656d61696c7c733a32303a226d6d7567616265406d697361752e676f762e6d7a223b69647c733a313a2233223b7065726d697373616f7c733a313a2232223b6c6f6761646f7c623a313b),
('8ob1pntml8ej7oiqsl485u1dl3e1i8pg', '127.0.0.1', 1559508164, 0x5f5f63695f6c6173745f726567656e65726174657c693a313535393530373938353b6e6f6d657c733a31333a224d6576696573204d7567616265223b61627265765f64697265636f65737c733a343a22444e414d223b61627265765f646570617274616d656e746f737c733a353a224441475553223b61627265765f72657061727469636f65737c733a353a225265704848223b6e6f6d655f64697265636f65737c733a34323a2244697265c3a7c3a36f204e6163696f6e616c20646520417373697374c3aa6e636961204dc3a964696361223b6e6f6d655f646570617274616d656e746f737c733a36353a22446570617274616d656e746f2064652041646d696e6973747261c3a7c3a36f20652047657374c3a36f2064617320556e6964616465732053616e69746172696173223b6e6f6d655f72657061727469636f65737c733a33363a2252657061727469c3a7c3a36f20646520486f74656c6172696120486f73706974616c6172223b6c6f63616c5f64697265636f65737c733a313a2233223b6c6f63616c5f646570617274616d656e746f737c733a323a223233223b6c6f63616c5f72657061727469636f65737c733a323a223338223b656d61696c7c733a32303a226d6d7567616265406d697361752e676f762e6d7a223b69647c733a313a2233223b7065726d697373616f7c733a313a2232223b6c6f6761646f7c623a313b),
('gdma92an7t4me3q95bkscflhru84btpq', '127.0.0.1', 1559508552, 0x5f5f63695f6c6173745f726567656e65726174657c693a313535393530383337363b6e6f6d657c733a31333a224d6576696573204d7567616265223b61627265765f64697265636f65737c733a343a22444e414d223b61627265765f646570617274616d656e746f737c733a353a224441475553223b61627265765f72657061727469636f65737c733a353a225265704848223b6e6f6d655f64697265636f65737c733a34323a2244697265c3a7c3a36f204e6163696f6e616c20646520417373697374c3aa6e636961204dc3a964696361223b6e6f6d655f646570617274616d656e746f737c733a36353a22446570617274616d656e746f2064652041646d696e6973747261c3a7c3a36f20652047657374c3a36f2064617320556e6964616465732053616e69746172696173223b6e6f6d655f72657061727469636f65737c733a33363a2252657061727469c3a7c3a36f20646520486f74656c6172696120486f73706974616c6172223b6c6f63616c5f64697265636f65737c733a313a2233223b6c6f63616c5f646570617274616d656e746f737c733a323a223233223b6c6f63616c5f72657061727469636f65737c733a323a223338223b656d61696c7c733a32303a226d6d7567616265406d697361752e676f762e6d7a223b69647c733a313a2233223b7065726d697373616f7c733a313a2232223b6c6f6761646f7c623a313b),
('asrmnm85hiddqv78t25u39lim0bhel8r', '127.0.0.1', 1559509290, 0x5f5f63695f6c6173745f726567656e65726174657c693a313535393530393038383b6e6f6d657c733a31333a224d6576696573204d7567616265223b6c6f63616c7c4e3b6469726563616f7c733a313a2233223b646570617274616d656e746f7c733a323a223233223b7265706172746963616f7c733a323a223338223b656d61696c7c733a32303a226d6d7567616265406d697361752e676f762e6d7a223b69647c733a313a2233223b7065726d697373616f7c733a313a2232223b6c6f6761646f7c623a313b6e6f6d655f64697265636f65737c733a34323a2244697265c3a7c3a36f204e6163696f6e616c20646520417373697374c3aa6e636961204dc3a964696361223b6e6f6d655f646570617274616d656e746f737c733a36353a22446570617274616d656e746f2064652041646d696e6973747261c3a7c3a36f20652047657374c3a36f2064617320556e6964616465732053616e69746172696173223b6e6f6d655f72657061727469636f65737c733a33363a2252657061727469c3a7c3a36f20646520486f74656c6172696120486f73706974616c6172223b6c6f63616c5f64697265636f65737c733a313a2233223b6c6f63616c5f646570617274616d656e746f737c733a323a223233223b6c6f63616c5f72657061727469636f65737c733a323a223338223b),
('e3vd1toe6n9kehtuva4roi1v2otufi55', '127.0.0.1', 1559510300, 0x5f5f63695f6c6173745f726567656e65726174657c693a313535393530393939343b6e6f6d657c733a31333a224d6576696573204d7567616265223b6c6f63616c7c4e3b6469726563616f7c733a313a2233223b646570617274616d656e746f7c733a323a223233223b7265706172746963616f7c733a323a223338223b656d61696c7c733a32303a226d6d7567616265406d697361752e676f762e6d7a223b69647c733a313a2233223b7065726d697373616f7c733a313a2232223b6c6f6761646f7c623a313b6e6f6d655f64697265636f65737c733a34323a2244697265c3a7c3a36f204e6163696f6e616c20646520417373697374c3aa6e636961204dc3a964696361223b6e6f6d655f646570617274616d656e746f737c733a36353a22446570617274616d656e746f2064652041646d696e6973747261c3a7c3a36f20652047657374c3a36f2064617320556e6964616465732053616e69746172696173223b6e6f6d655f72657061727469636f65737c733a33363a2252657061727469c3a7c3a36f20646520486f74656c6172696120486f73706974616c6172223b6c6f63616c5f64697265636f65737c733a313a2233223b6c6f63616c5f646570617274616d656e746f737c733a323a223233223b6c6f63616c5f72657061727469636f65737c733a323a223338223b),
('8mbm98um41shg7f1g40ir7da1nf0l1ql', '127.0.0.1', 1559510743, 0x5f5f63695f6c6173745f726567656e65726174657c693a313535393531303433303b6e6f6d657c733a31333a224d6576696573204d7567616265223b6c6f63616c7c4e3b6469726563616f7c733a313a2233223b646570617274616d656e746f7c733a323a223233223b7265706172746963616f7c733a323a223338223b656d61696c7c733a32303a226d6d7567616265406d697361752e676f762e6d7a223b69647c733a313a2233223b7065726d697373616f7c733a313a2232223b6c6f6761646f7c623a313b6e6f6d655f64697265636f65737c733a34323a2244697265c3a7c3a36f204e6163696f6e616c20646520417373697374c3aa6e636961204dc3a964696361223b6e6f6d655f646570617274616d656e746f737c733a36353a22446570617274616d656e746f2064652041646d696e6973747261c3a7c3a36f20652047657374c3a36f2064617320556e6964616465732053616e69746172696173223b6e6f6d655f72657061727469636f65737c733a33363a2252657061727469c3a7c3a36f20646520486f74656c6172696120486f73706974616c6172223b6c6f63616c5f64697265636f65737c733a313a2233223b6c6f63616c5f646570617274616d656e746f737c733a323a223233223b6c6f63616c5f72657061727469636f65737c733a323a223338223b),
('89pk74d194ok2n5m9bjeg5385t2vu316', '127.0.0.1', 1559511111, 0x5f5f63695f6c6173745f726567656e65726174657c693a313535393531303933343b6e6f6d657c733a31333a224d6576696573204d7567616265223b6c6f63616c7c4e3b6469726563616f7c733a313a2233223b646570617274616d656e746f7c733a323a223233223b7265706172746963616f7c733a323a223338223b656d61696c7c733a32303a226d6d7567616265406d697361752e676f762e6d7a223b69647c733a313a2233223b7065726d697373616f7c733a313a2232223b6c6f6761646f7c623a313b6e6f6d655f64697265636f65737c733a34323a2244697265c3a7c3a36f204e6163696f6e616c20646520417373697374c3aa6e636961204dc3a964696361223b6e6f6d655f646570617274616d656e746f737c733a36353a22446570617274616d656e746f2064652041646d696e6973747261c3a7c3a36f20652047657374c3a36f2064617320556e6964616465732053616e69746172696173223b6e6f6d655f72657061727469636f65737c733a33363a2252657061727469c3a7c3a36f20646520486f74656c6172696120486f73706974616c6172223b6c6f63616c5f64697265636f65737c733a313a2233223b6c6f63616c5f646570617274616d656e746f737c733a323a223233223b6c6f63616c5f72657061727469636f65737c733a323a223338223b),
('4a67hs2m834tiqlme7618gbaottfu47c', '127.0.0.1', 1559511526, 0x5f5f63695f6c6173745f726567656e65726174657c693a313535393531313330383b6e6f6d657c733a31333a224d6576696573204d7567616265223b6c6f63616c7c4e3b6469726563616f7c733a313a2233223b646570617274616d656e746f7c733a323a223233223b7265706172746963616f7c733a323a223338223b656d61696c7c733a32303a226d6d7567616265406d697361752e676f762e6d7a223b69647c733a313a2233223b7065726d697373616f7c733a313a2232223b6c6f6761646f7c623a313b6e6f6d655f64697265636f65737c733a34323a2244697265c3a7c3a36f204e6163696f6e616c20646520417373697374c3aa6e636961204dc3a964696361223b6e6f6d655f646570617274616d656e746f737c733a36353a22446570617274616d656e746f2064652041646d696e6973747261c3a7c3a36f20652047657374c3a36f2064617320556e6964616465732053616e69746172696173223b6e6f6d655f72657061727469636f65737c733a33363a2252657061727469c3a7c3a36f20646520486f74656c6172696120486f73706974616c6172223b6c6f63616c5f64697265636f65737c733a313a2233223b6c6f63616c5f646570617274616d656e746f737c733a323a223233223b6c6f63616c5f72657061727469636f65737c733a323a223338223b),
('dk2rld4chc9codod5g8vvtvfe803nfjt', '127.0.0.1', 1559540111, 0x5f5f63695f6c6173745f726567656e65726174657c693a313535393533393737383b6e6f6d657c733a31333a224d6576696573204d7567616265223b61627265765f64697265636f65737c733a343a22444e414d223b61627265765f646570617274616d656e746f737c733a353a224441475553223b61627265765f72657061727469636f65737c733a353a225265704848223b6e6f6d655f64697265636f65737c733a34323a2244697265c3a7c3a36f204e6163696f6e616c20646520417373697374c3aa6e636961204dc3a964696361223b6e6f6d655f646570617274616d656e746f737c733a36353a22446570617274616d656e746f2064652041646d696e6973747261c3a7c3a36f20652047657374c3a36f2064617320556e6964616465732053616e69746172696173223b6e6f6d655f72657061727469636f65737c733a33363a2252657061727469c3a7c3a36f20646520486f74656c6172696120486f73706974616c6172223b6c6f63616c5f64697265636f65737c733a313a2233223b6c6f63616c5f646570617274616d656e746f737c733a323a223233223b6c6f63616c5f72657061727469636f65737c733a323a223338223b656d61696c7c733a32303a226d6d7567616265406d697361752e676f762e6d7a223b69647c733a313a2233223b7065726d697373616f7c733a313a2232223b6c6f6761646f7c623a313b),
('678r5b8lq21k46o56fv3aoc2krgu35n8', '127.0.0.1', 1559540877, 0x5f5f63695f6c6173745f726567656e65726174657c693a313535393534303132323b6e6f6d657c733a31333a224d6576696573204d7567616265223b61627265765f64697265636f65737c733a343a22444e414d223b61627265765f646570617274616d656e746f737c733a353a224441475553223b61627265765f72657061727469636f65737c733a353a225265704848223b6e6f6d655f64697265636f65737c733a34323a2244697265c3a7c3a36f204e6163696f6e616c20646520417373697374c3aa6e636961204dc3a964696361223b6e6f6d655f646570617274616d656e746f737c733a36353a22446570617274616d656e746f2064652041646d696e6973747261c3a7c3a36f20652047657374c3a36f2064617320556e6964616465732053616e69746172696173223b6e6f6d655f72657061727469636f65737c733a33363a2252657061727469c3a7c3a36f20646520486f74656c6172696120486f73706974616c6172223b6c6f63616c5f64697265636f65737c733a313a2233223b6c6f63616c5f646570617274616d656e746f737c733a323a223233223b6c6f63616c5f72657061727469636f65737c733a323a223338223b656d61696c7c733a32303a226d6d7567616265406d697361752e676f762e6d7a223b69647c733a313a2233223b7065726d697373616f7c733a313a2232223b6c6f6761646f7c623a313b),
('345o2kg7clfqalpdr7ir68mo208jkegs', '127.0.0.1', 1559541248, 0x5f5f63695f6c6173745f726567656e65726174657c693a313535393534303934363b6e6f6d657c733a31333a224d6576696573204d7567616265223b61627265765f64697265636f65737c733a343a22444e414d223b61627265765f646570617274616d656e746f737c733a353a224441475553223b61627265765f72657061727469636f65737c733a353a225265704848223b6e6f6d655f64697265636f65737c733a34323a2244697265c3a7c3a36f204e6163696f6e616c20646520417373697374c3aa6e636961204dc3a964696361223b6e6f6d655f646570617274616d656e746f737c733a36353a22446570617274616d656e746f2064652041646d696e6973747261c3a7c3a36f20652047657374c3a36f2064617320556e6964616465732053616e69746172696173223b6e6f6d655f72657061727469636f65737c733a33363a2252657061727469c3a7c3a36f20646520486f74656c6172696120486f73706974616c6172223b6c6f63616c5f64697265636f65737c733a313a2233223b6c6f63616c5f646570617274616d656e746f737c733a323a223233223b6c6f63616c5f72657061727469636f65737c733a323a223338223b656d61696c7c733a32303a226d6d7567616265406d697361752e676f762e6d7a223b69647c733a313a2233223b7065726d697373616f7c733a313a2232223b6c6f6761646f7c623a313b),
('r7bjqub1dero5t4tndbsjrqd7mlld8nv', '127.0.0.1', 1559541511, 0x5f5f63695f6c6173745f726567656e65726174657c693a313535393534313235323b6e6f6d657c733a31333a224d6576696573204d7567616265223b61627265765f64697265636f65737c733a343a22444e414d223b61627265765f646570617274616d656e746f737c733a353a224441475553223b61627265765f72657061727469636f65737c733a353a225265704848223b6e6f6d655f64697265636f65737c733a34323a2244697265c3a7c3a36f204e6163696f6e616c20646520417373697374c3aa6e636961204dc3a964696361223b6e6f6d655f646570617274616d656e746f737c733a36353a22446570617274616d656e746f2064652041646d696e6973747261c3a7c3a36f20652047657374c3a36f2064617320556e6964616465732053616e69746172696173223b6e6f6d655f72657061727469636f65737c733a33363a2252657061727469c3a7c3a36f20646520486f74656c6172696120486f73706974616c6172223b6c6f63616c5f64697265636f65737c733a313a2233223b6c6f63616c5f646570617274616d656e746f737c733a323a223233223b6c6f63616c5f72657061727469636f65737c733a323a223338223b656d61696c7c733a32303a226d6d7567616265406d697361752e676f762e6d7a223b69647c733a313a2233223b7065726d697373616f7c733a313a2232223b6c6f6761646f7c623a313b),
('t0smikv53bnlbu8rang0pgcjphsa6l8c', '127.0.0.1', 1559541781, 0x5f5f63695f6c6173745f726567656e65726174657c693a313535393534313535333b6e6f6d657c733a31333a224d6576696573204d7567616265223b61627265765f64697265636f65737c733a343a22444e414d223b61627265765f646570617274616d656e746f737c733a353a224441475553223b61627265765f72657061727469636f65737c733a353a225265704848223b6e6f6d655f64697265636f65737c733a34323a2244697265c3a7c3a36f204e6163696f6e616c20646520417373697374c3aa6e636961204dc3a964696361223b6e6f6d655f646570617274616d656e746f737c733a36353a22446570617274616d656e746f2064652041646d696e6973747261c3a7c3a36f20652047657374c3a36f2064617320556e6964616465732053616e69746172696173223b6e6f6d655f72657061727469636f65737c733a33363a2252657061727469c3a7c3a36f20646520486f74656c6172696120486f73706974616c6172223b6c6f63616c5f64697265636f65737c733a313a2233223b6c6f63616c5f646570617274616d656e746f737c733a323a223233223b6c6f63616c5f72657061727469636f65737c733a323a223338223b656d61696c7c733a32303a226d6d7567616265406d697361752e676f762e6d7a223b69647c733a313a2233223b7065726d697373616f7c733a313a2232223b6c6f6761646f7c623a313b),
('5lu1qp399876ju5rukgg9hrofh0br21n', '127.0.0.1', 1559542386, 0x5f5f63695f6c6173745f726567656e65726174657c693a313535393534323038313b6e6f6d657c733a31333a224d6576696573204d7567616265223b61627265765f64697265636f65737c733a343a22444e414d223b61627265765f646570617274616d656e746f737c733a353a224441475553223b61627265765f72657061727469636f65737c733a353a225265704848223b6e6f6d655f64697265636f65737c733a34323a2244697265c3a7c3a36f204e6163696f6e616c20646520417373697374c3aa6e636961204dc3a964696361223b6e6f6d655f646570617274616d656e746f737c733a36353a22446570617274616d656e746f2064652041646d696e6973747261c3a7c3a36f20652047657374c3a36f2064617320556e6964616465732053616e69746172696173223b6e6f6d655f72657061727469636f65737c733a33363a2252657061727469c3a7c3a36f20646520486f74656c6172696120486f73706974616c6172223b6c6f63616c5f64697265636f65737c733a313a2233223b6c6f63616c5f646570617274616d656e746f737c733a323a223233223b6c6f63616c5f72657061727469636f65737c733a323a223338223b656d61696c7c733a32303a226d6d7567616265406d697361752e676f762e6d7a223b69647c733a313a2233223b7065726d697373616f7c733a313a2232223b6c6f6761646f7c623a313b),
('qvamub5380ohbatns5dtsi67vl5cqo7g', '127.0.0.1', 1559542644, 0x5f5f63695f6c6173745f726567656e65726174657c693a313535393534323433353b6e6f6d657c733a31333a224d6576696573204d7567616265223b61627265765f64697265636f65737c733a343a22444e414d223b61627265765f646570617274616d656e746f737c733a353a224441475553223b61627265765f72657061727469636f65737c733a353a225265704848223b6e6f6d655f64697265636f65737c733a34323a2244697265c3a7c3a36f204e6163696f6e616c20646520417373697374c3aa6e636961204dc3a964696361223b6e6f6d655f646570617274616d656e746f737c733a36353a22446570617274616d656e746f2064652041646d696e6973747261c3a7c3a36f20652047657374c3a36f2064617320556e6964616465732053616e69746172696173223b6e6f6d655f72657061727469636f65737c733a33363a2252657061727469c3a7c3a36f20646520486f74656c6172696120486f73706974616c6172223b6c6f63616c5f64697265636f65737c733a313a2233223b6c6f63616c5f646570617274616d656e746f737c733a323a223233223b6c6f63616c5f72657061727469636f65737c733a323a223338223b656d61696c7c733a32303a226d6d7567616265406d697361752e676f762e6d7a223b69647c733a313a2233223b7065726d697373616f7c733a313a2232223b6c6f6761646f7c623a313b),
('c1kn02vn8ii68ff2e5lap0nrf8kfa22o', '127.0.0.1', 1559543039, 0x5f5f63695f6c6173745f726567656e65726174657c693a313535393534323735383b6e6f6d657c733a31333a224d6576696573204d7567616265223b61627265765f64697265636f65737c733a343a22444e414d223b61627265765f646570617274616d656e746f737c733a353a224441475553223b61627265765f72657061727469636f65737c733a353a225265704848223b6e6f6d655f64697265636f65737c733a34323a2244697265c3a7c3a36f204e6163696f6e616c20646520417373697374c3aa6e636961204dc3a964696361223b6e6f6d655f646570617274616d656e746f737c733a36353a22446570617274616d656e746f2064652041646d696e6973747261c3a7c3a36f20652047657374c3a36f2064617320556e6964616465732053616e69746172696173223b6e6f6d655f72657061727469636f65737c733a33363a2252657061727469c3a7c3a36f20646520486f74656c6172696120486f73706974616c6172223b6c6f63616c5f64697265636f65737c733a313a2233223b6c6f63616c5f646570617274616d656e746f737c733a323a223233223b6c6f63616c5f72657061727469636f65737c733a323a223338223b656d61696c7c733a32303a226d6d7567616265406d697361752e676f762e6d7a223b69647c733a313a2233223b7065726d697373616f7c733a313a2232223b6c6f6761646f7c623a313b),
('mi4rvbvr95ugl9le89fjafqeo7fvg72c', '127.0.0.1', 1559543409, 0x5f5f63695f6c6173745f726567656e65726174657c693a313535393534333130353b6e6f6d657c733a31333a224d6576696573204d7567616265223b61627265765f64697265636f65737c733a343a22444e414d223b61627265765f646570617274616d656e746f737c733a353a224441475553223b61627265765f72657061727469636f65737c733a353a225265704848223b6e6f6d655f64697265636f65737c733a34323a2244697265c3a7c3a36f204e6163696f6e616c20646520417373697374c3aa6e636961204dc3a964696361223b6e6f6d655f646570617274616d656e746f737c733a36353a22446570617274616d656e746f2064652041646d696e6973747261c3a7c3a36f20652047657374c3a36f2064617320556e6964616465732053616e69746172696173223b6e6f6d655f72657061727469636f65737c733a33363a2252657061727469c3a7c3a36f20646520486f74656c6172696120486f73706974616c6172223b6c6f63616c5f64697265636f65737c733a313a2233223b6c6f63616c5f646570617274616d656e746f737c733a323a223233223b6c6f63616c5f72657061727469636f65737c733a323a223338223b656d61696c7c733a32303a226d6d7567616265406d697361752e676f762e6d7a223b69647c733a313a2233223b7065726d697373616f7c733a313a2232223b6c6f6761646f7c623a313b),
('5kc4k1rrq666j1vn28fjtjme1of0nejf', '127.0.0.1', 1559543727, 0x5f5f63695f6c6173745f726567656e65726174657c693a313535393534333437393b6e6f6d657c733a31333a224d6576696573204d7567616265223b61627265765f64697265636f65737c733a343a22444e414d223b61627265765f646570617274616d656e746f737c733a353a224441475553223b61627265765f72657061727469636f65737c733a353a225265704848223b6e6f6d655f64697265636f65737c733a34323a2244697265c3a7c3a36f204e6163696f6e616c20646520417373697374c3aa6e636961204dc3a964696361223b6e6f6d655f646570617274616d656e746f737c733a36353a22446570617274616d656e746f2064652041646d696e6973747261c3a7c3a36f20652047657374c3a36f2064617320556e6964616465732053616e69746172696173223b6e6f6d655f72657061727469636f65737c733a33363a2252657061727469c3a7c3a36f20646520486f74656c6172696120486f73706974616c6172223b6c6f63616c5f64697265636f65737c733a313a2233223b6c6f63616c5f646570617274616d656e746f737c733a323a223233223b6c6f63616c5f72657061727469636f65737c733a323a223338223b656d61696c7c733a32303a226d6d7567616265406d697361752e676f762e6d7a223b69647c733a313a2233223b7065726d697373616f7c733a313a2232223b6c6f6761646f7c623a313b),
('f3r9k7f5f02g762fq3gheitq7gurf5l7', '127.0.0.1', 1559544037, 0x5f5f63695f6c6173745f726567656e65726174657c693a313535393534333739343b6e6f6d657c733a31333a224d6576696573204d7567616265223b61627265765f64697265636f65737c733a343a22444e414d223b61627265765f646570617274616d656e746f737c733a353a224441475553223b61627265765f72657061727469636f65737c733a353a225265704848223b6e6f6d655f64697265636f65737c733a34323a2244697265c3a7c3a36f204e6163696f6e616c20646520417373697374c3aa6e636961204dc3a964696361223b6e6f6d655f646570617274616d656e746f737c733a36353a22446570617274616d656e746f2064652041646d696e6973747261c3a7c3a36f20652047657374c3a36f2064617320556e6964616465732053616e69746172696173223b6e6f6d655f72657061727469636f65737c733a33363a2252657061727469c3a7c3a36f20646520486f74656c6172696120486f73706974616c6172223b6c6f63616c5f64697265636f65737c733a313a2233223b6c6f63616c5f646570617274616d656e746f737c733a323a223233223b6c6f63616c5f72657061727469636f65737c733a323a223338223b656d61696c7c733a32303a226d6d7567616265406d697361752e676f762e6d7a223b69647c733a313a2233223b7065726d697373616f7c733a313a2232223b6c6f6761646f7c623a313b),
('ha2vc19dpio0ivj63g7fiudkqfjstqs4', '127.0.0.1', 1559544412, 0x5f5f63695f6c6173745f726567656e65726174657c693a313535393534343132363b6e6f6d657c733a31333a224d6576696573204d7567616265223b61627265765f64697265636f65737c733a343a22444e414d223b61627265765f646570617274616d656e746f737c733a353a224441475553223b61627265765f72657061727469636f65737c733a353a225265704848223b6e6f6d655f64697265636f65737c733a34323a2244697265c3a7c3a36f204e6163696f6e616c20646520417373697374c3aa6e636961204dc3a964696361223b6e6f6d655f646570617274616d656e746f737c733a36353a22446570617274616d656e746f2064652041646d696e6973747261c3a7c3a36f20652047657374c3a36f2064617320556e6964616465732053616e69746172696173223b6e6f6d655f72657061727469636f65737c733a33363a2252657061727469c3a7c3a36f20646520486f74656c6172696120486f73706974616c6172223b6c6f63616c5f64697265636f65737c733a313a2233223b6c6f63616c5f646570617274616d656e746f737c733a323a223233223b6c6f63616c5f72657061727469636f65737c733a323a223338223b656d61696c7c733a32303a226d6d7567616265406d697361752e676f762e6d7a223b69647c733a313a2233223b7065726d697373616f7c733a313a2232223b6c6f6761646f7c623a313b),
('92j2o19r4995umdliaccisqvcau4aa84', '127.0.0.1', 1559544616, 0x5f5f63695f6c6173745f726567656e65726174657c693a313535393534343530333b6e6f6d657c733a31333a224d6576696573204d7567616265223b61627265765f64697265636f65737c733a343a22444e414d223b61627265765f646570617274616d656e746f737c733a353a224441475553223b61627265765f72657061727469636f65737c733a353a225265704848223b6e6f6d655f64697265636f65737c733a34323a2244697265c3a7c3a36f204e6163696f6e616c20646520417373697374c3aa6e636961204dc3a964696361223b6e6f6d655f646570617274616d656e746f737c733a36353a22446570617274616d656e746f2064652041646d696e6973747261c3a7c3a36f20652047657374c3a36f2064617320556e6964616465732053616e69746172696173223b6e6f6d655f72657061727469636f65737c733a33363a2252657061727469c3a7c3a36f20646520486f74656c6172696120486f73706974616c6172223b6c6f63616c5f64697265636f65737c733a313a2233223b6c6f63616c5f646570617274616d656e746f737c733a323a223233223b6c6f63616c5f72657061727469636f65737c733a323a223338223b656d61696c7c733a32303a226d6d7567616265406d697361752e676f762e6d7a223b69647c733a313a2233223b7065726d697373616f7c733a313a2232223b6c6f6761646f7c623a313b),
('lj2j39qq00dteq19llqkp2vpb0c8is12', '127.0.0.1', 1559550238, 0x5f5f63695f6c6173745f726567656e65726174657c693a313535393534393933383b6e6f6d657c733a31333a224d6576696573204d7567616265223b61627265765f64697265636f65737c733a343a22444e414d223b61627265765f646570617274616d656e746f737c733a353a224441475553223b61627265765f72657061727469636f65737c733a353a225265704848223b6e6f6d655f64697265636f65737c733a34323a2244697265c3a7c3a36f204e6163696f6e616c20646520417373697374c3aa6e636961204dc3a964696361223b6e6f6d655f646570617274616d656e746f737c733a36353a22446570617274616d656e746f2064652041646d696e6973747261c3a7c3a36f20652047657374c3a36f2064617320556e6964616465732053616e69746172696173223b6e6f6d655f72657061727469636f65737c733a33363a2252657061727469c3a7c3a36f20646520486f74656c6172696120486f73706974616c6172223b6c6f63616c5f64697265636f65737c733a313a2233223b6c6f63616c5f646570617274616d656e746f737c733a323a223233223b6c6f63616c5f72657061727469636f65737c733a323a223338223b656d61696c7c733a32303a226d6d7567616265406d697361752e676f762e6d7a223b69647c733a313a2233223b7065726d697373616f7c733a313a2232223b6c6f6761646f7c623a313b),
('b7f9v4couh0v70qq4v16mlrm092e8mj8', '127.0.0.1', 1559550624, 0x5f5f63695f6c6173745f726567656e65726174657c693a313535393535303234303b6e6f6d657c733a31333a224d6576696573204d7567616265223b61627265765f64697265636f65737c733a343a22444e414d223b61627265765f646570617274616d656e746f737c733a353a224441475553223b61627265765f72657061727469636f65737c733a353a225265704848223b6e6f6d655f64697265636f65737c733a34323a2244697265c3a7c3a36f204e6163696f6e616c20646520417373697374c3aa6e636961204dc3a964696361223b6e6f6d655f646570617274616d656e746f737c733a36353a22446570617274616d656e746f2064652041646d696e6973747261c3a7c3a36f20652047657374c3a36f2064617320556e6964616465732053616e69746172696173223b6e6f6d655f72657061727469636f65737c733a33363a2252657061727469c3a7c3a36f20646520486f74656c6172696120486f73706974616c6172223b6c6f63616c5f64697265636f65737c733a313a2233223b6c6f63616c5f646570617274616d656e746f737c733a323a223233223b6c6f63616c5f72657061727469636f65737c733a323a223338223b656d61696c7c733a32303a226d6d7567616265406d697361752e676f762e6d7a223b69647c733a313a2233223b7065726d697373616f7c733a313a2232223b6c6f6761646f7c623a313b),
('3lluu8ju2hdlj1ach2d0irs778ebsc9i', '127.0.0.1', 1559550926, 0x5f5f63695f6c6173745f726567656e65726174657c693a313535393535303633323b6e6f6d657c733a31333a224d6576696573204d7567616265223b61627265765f64697265636f65737c733a343a22444e414d223b61627265765f646570617274616d656e746f737c733a353a224441475553223b61627265765f72657061727469636f65737c733a353a225265704848223b6e6f6d655f64697265636f65737c733a34323a2244697265c3a7c3a36f204e6163696f6e616c20646520417373697374c3aa6e636961204dc3a964696361223b6e6f6d655f646570617274616d656e746f737c733a36353a22446570617274616d656e746f2064652041646d696e6973747261c3a7c3a36f20652047657374c3a36f2064617320556e6964616465732053616e69746172696173223b6e6f6d655f72657061727469636f65737c733a33363a2252657061727469c3a7c3a36f20646520486f74656c6172696120486f73706974616c6172223b6c6f63616c5f64697265636f65737c733a313a2233223b6c6f63616c5f646570617274616d656e746f737c733a323a223233223b6c6f63616c5f72657061727469636f65737c733a323a223338223b656d61696c7c733a32303a226d6d7567616265406d697361752e676f762e6d7a223b69647c733a313a2233223b7065726d697373616f7c733a313a2232223b6c6f6761646f7c623a313b),
('vv0ben85kj63aj5fiho9dvk6g8rcmj6h', '127.0.0.1', 1559550956, 0x5f5f63695f6c6173745f726567656e65726174657c693a313535393535303935333b6e6f6d657c733a31333a224d6576696573204d7567616265223b61627265765f64697265636f65737c733a343a22444e414d223b61627265765f646570617274616d656e746f737c733a353a224441475553223b61627265765f72657061727469636f65737c733a353a225265704848223b6e6f6d655f64697265636f65737c733a34323a2244697265c3a7c3a36f204e6163696f6e616c20646520417373697374c3aa6e636961204dc3a964696361223b6e6f6d655f646570617274616d656e746f737c733a36353a22446570617274616d656e746f2064652041646d696e6973747261c3a7c3a36f20652047657374c3a36f2064617320556e6964616465732053616e69746172696173223b6e6f6d655f72657061727469636f65737c733a33363a2252657061727469c3a7c3a36f20646520486f74656c6172696120486f73706974616c6172223b6c6f63616c5f64697265636f65737c733a313a2233223b6c6f63616c5f646570617274616d656e746f737c733a323a223233223b6c6f63616c5f72657061727469636f65737c733a323a223338223b656d61696c7c733a32303a226d6d7567616265406d697361752e676f762e6d7a223b69647c733a313a2233223b7065726d697373616f7c733a313a2232223b6c6f6761646f7c623a313b),
('ig23m6k00p8h2jjaa48bpip3pcb1pu6c', '::1', 1559585021, 0x5f5f63695f6c6173745f726567656e65726174657c693a313535393538343832393b6e6f6d657c733a31333a224d6576696573204d7567616265223b61627265765f64697265636f65737c733a343a22444e414d223b61627265765f646570617274616d656e746f737c733a353a224441475553223b61627265765f72657061727469636f65737c733a353a225265704848223b6e6f6d655f64697265636f65737c733a34323a2244697265c3a7c3a36f204e6163696f6e616c20646520417373697374c3aa6e636961204dc3a964696361223b6e6f6d655f646570617274616d656e746f737c733a36353a22446570617274616d656e746f2064652041646d696e6973747261c3a7c3a36f20652047657374c3a36f2064617320556e6964616465732053616e69746172696173223b6e6f6d655f72657061727469636f65737c733a33363a2252657061727469c3a7c3a36f20646520486f74656c6172696120486f73706974616c6172223b6c6f63616c5f64697265636f65737c733a313a2233223b6c6f63616c5f646570617274616d656e746f737c733a323a223233223b6c6f63616c5f72657061727469636f65737c733a323a223338223b656d61696c7c733a32303a226d6d7567616265406d697361752e676f762e6d7a223b69647c733a313a2233223b7065726d697373616f7c733a313a2232223b6c6f6761646f7c623a313b),
('lm4kdfdvcu88e35kajuk569vdammivdp', '::1', 1559585541, 0x5f5f63695f6c6173745f726567656e65726174657c693a313535393538353235333b6e6f6d657c733a31333a224d6576696573204d7567616265223b61627265765f64697265636f65737c733a343a22444e414d223b61627265765f646570617274616d656e746f737c733a353a224441475553223b61627265765f72657061727469636f65737c733a353a225265704848223b6e6f6d655f64697265636f65737c733a34323a2244697265c3a7c3a36f204e6163696f6e616c20646520417373697374c3aa6e636961204dc3a964696361223b6e6f6d655f646570617274616d656e746f737c733a36353a22446570617274616d656e746f2064652041646d696e6973747261c3a7c3a36f20652047657374c3a36f2064617320556e6964616465732053616e69746172696173223b6e6f6d655f72657061727469636f65737c733a33363a2252657061727469c3a7c3a36f20646520486f74656c6172696120486f73706974616c6172223b6c6f63616c5f64697265636f65737c733a313a2233223b6c6f63616c5f646570617274616d656e746f737c733a323a223233223b6c6f63616c5f72657061727469636f65737c733a323a223338223b656d61696c7c733a32303a226d6d7567616265406d697361752e676f762e6d7a223b69647c733a313a2233223b7065726d697373616f7c733a313a2232223b6c6f6761646f7c623a313b),
('mqq5nar8r9jfg3k2hu1jprm4ne11q91s', '::1', 1559586098, 0x5f5f63695f6c6173745f726567656e65726174657c693a313535393538353933343b6e6f6d657c733a31333a224d6576696573204d7567616265223b61627265765f64697265636f65737c733a343a22444e414d223b61627265765f646570617274616d656e746f737c733a353a224441475553223b61627265765f72657061727469636f65737c733a353a225265704848223b6e6f6d655f64697265636f65737c733a34323a2244697265c3a7c3a36f204e6163696f6e616c20646520417373697374c3aa6e636961204dc3a964696361223b6e6f6d655f646570617274616d656e746f737c733a36353a22446570617274616d656e746f2064652041646d696e6973747261c3a7c3a36f20652047657374c3a36f2064617320556e6964616465732053616e69746172696173223b6e6f6d655f72657061727469636f65737c733a33363a2252657061727469c3a7c3a36f20646520486f74656c6172696120486f73706974616c6172223b6c6f63616c5f64697265636f65737c733a313a2233223b6c6f63616c5f646570617274616d656e746f737c733a323a223233223b6c6f63616c5f72657061727469636f65737c733a323a223338223b656d61696c7c733a32303a226d6d7567616265406d697361752e676f762e6d7a223b69647c733a313a2233223b7065726d697373616f7c733a313a2232223b6c6f6761646f7c623a313b),
('vs2gkve3jgf43u9hlmitn1tk9rmnjfpa', '::1', 1559586887, 0x5f5f63695f6c6173745f726567656e65726174657c693a313535393538363838353b6e6f6d657c733a31333a224d6576696573204d7567616265223b61627265765f64697265636f65737c733a343a22444e414d223b61627265765f646570617274616d656e746f737c733a353a224441475553223b61627265765f72657061727469636f65737c733a353a225265704848223b6e6f6d655f64697265636f65737c733a34323a2244697265c3a7c3a36f204e6163696f6e616c20646520417373697374c3aa6e636961204dc3a964696361223b6e6f6d655f646570617274616d656e746f737c733a36353a22446570617274616d656e746f2064652041646d696e6973747261c3a7c3a36f20652047657374c3a36f2064617320556e6964616465732053616e69746172696173223b6e6f6d655f72657061727469636f65737c733a33363a2252657061727469c3a7c3a36f20646520486f74656c6172696120486f73706974616c6172223b6c6f63616c5f64697265636f65737c733a313a2233223b6c6f63616c5f646570617274616d656e746f737c733a323a223233223b6c6f63616c5f72657061727469636f65737c733a323a223338223b656d61696c7c733a32303a226d6d7567616265406d697361752e676f762e6d7a223b69647c733a313a2233223b7065726d697373616f7c733a313a2232223b6c6f6761646f7c623a313b),
('inkp5iuda06k2cscadv90ebm1jda55ob', '::1', 1559588395, 0x5f5f63695f6c6173745f726567656e65726174657c693a313535393538383137303b6e6f6d657c733a31333a224d6576696573204d7567616265223b61627265765f64697265636f65737c733a343a22444e414d223b61627265765f646570617274616d656e746f737c733a353a224441475553223b61627265765f72657061727469636f65737c733a353a225265704848223b6e6f6d655f64697265636f65737c733a34323a2244697265c3a7c3a36f204e6163696f6e616c20646520417373697374c3aa6e636961204dc3a964696361223b6e6f6d655f646570617274616d656e746f737c733a36353a22446570617274616d656e746f2064652041646d696e6973747261c3a7c3a36f20652047657374c3a36f2064617320556e6964616465732053616e69746172696173223b6e6f6d655f72657061727469636f65737c733a33363a2252657061727469c3a7c3a36f20646520486f74656c6172696120486f73706974616c6172223b6c6f63616c5f64697265636f65737c733a313a2233223b6c6f63616c5f646570617274616d656e746f737c733a323a223233223b6c6f63616c5f72657061727469636f65737c733a323a223338223b656d61696c7c733a32303a226d6d7567616265406d697361752e676f762e6d7a223b69647c733a313a2233223b7065726d697373616f7c733a313a2232223b6c6f6761646f7c623a313b),
('e01fmfme08du2ufruvp8hi6racd95esd', '::1', 1559589693, 0x5f5f63695f6c6173745f726567656e65726174657c693a313535393538393431373b6e6f6d657c733a31333a224d6576696573204d7567616265223b61627265765f64697265636f65737c733a343a22444e414d223b61627265765f646570617274616d656e746f737c733a353a224441475553223b61627265765f72657061727469636f65737c733a353a225265704848223b6e6f6d655f64697265636f65737c733a34323a2244697265c3a7c3a36f204e6163696f6e616c20646520417373697374c3aa6e636961204dc3a964696361223b6e6f6d655f646570617274616d656e746f737c733a36353a22446570617274616d656e746f2064652041646d696e6973747261c3a7c3a36f20652047657374c3a36f2064617320556e6964616465732053616e69746172696173223b6e6f6d655f72657061727469636f65737c733a33363a2252657061727469c3a7c3a36f20646520486f74656c6172696120486f73706974616c6172223b6c6f63616c5f64697265636f65737c733a313a2233223b6c6f63616c5f646570617274616d656e746f737c733a323a223233223b6c6f63616c5f72657061727469636f65737c733a323a223338223b656d61696c7c733a32303a226d6d7567616265406d697361752e676f762e6d7a223b69647c733a313a2233223b7065726d697373616f7c733a313a2232223b6c6f6761646f7c623a313b),
('4nc2gtpb629dq55t9ti6se83g8p9ph9i', '::1', 1559590097, 0x5f5f63695f6c6173745f726567656e65726174657c693a313535393538393837363b6e6f6d657c733a31333a224d6576696573204d7567616265223b61627265765f64697265636f65737c733a343a22444e414d223b61627265765f646570617274616d656e746f737c733a353a224441475553223b61627265765f72657061727469636f65737c733a353a225265704848223b6e6f6d655f64697265636f65737c733a34323a2244697265c3a7c3a36f204e6163696f6e616c20646520417373697374c3aa6e636961204dc3a964696361223b6e6f6d655f646570617274616d656e746f737c733a36353a22446570617274616d656e746f2064652041646d696e6973747261c3a7c3a36f20652047657374c3a36f2064617320556e6964616465732053616e69746172696173223b6e6f6d655f72657061727469636f65737c733a33363a2252657061727469c3a7c3a36f20646520486f74656c6172696120486f73706974616c6172223b6c6f63616c5f64697265636f65737c733a313a2233223b6c6f63616c5f646570617274616d656e746f737c733a323a223233223b6c6f63616c5f72657061727469636f65737c733a323a223338223b656d61696c7c733a32303a226d6d7567616265406d697361752e676f762e6d7a223b69647c733a313a2233223b7065726d697373616f7c733a313a2232223b6c6f6761646f7c623a313b),
('0bvhtci287i5otrm3aui6g61uu2397t5', '::1', 1559590308, 0x5f5f63695f6c6173745f726567656e65726174657c693a313535393539303138303b6e6f6d657c733a31333a224d6576696573204d7567616265223b61627265765f64697265636f65737c733a343a22444e414d223b61627265765f646570617274616d656e746f737c733a353a224441475553223b61627265765f72657061727469636f65737c733a353a225265704848223b6e6f6d655f64697265636f65737c733a34323a2244697265c3a7c3a36f204e6163696f6e616c20646520417373697374c3aa6e636961204dc3a964696361223b6e6f6d655f646570617274616d656e746f737c733a36353a22446570617274616d656e746f2064652041646d696e6973747261c3a7c3a36f20652047657374c3a36f2064617320556e6964616465732053616e69746172696173223b6e6f6d655f72657061727469636f65737c733a33363a2252657061727469c3a7c3a36f20646520486f74656c6172696120486f73706974616c6172223b6c6f63616c5f64697265636f65737c733a313a2233223b6c6f63616c5f646570617274616d656e746f737c733a323a223233223b6c6f63616c5f72657061727469636f65737c733a323a223338223b656d61696c7c733a32303a226d6d7567616265406d697361752e676f762e6d7a223b69647c733a313a2233223b7065726d697373616f7c733a313a2232223b6c6f6761646f7c623a313b),
('2trsjgneums47sbni9tk2ijbp3tj7rbd', '::1', 1559590684, 0x5f5f63695f6c6173745f726567656e65726174657c693a313535393539303537323b6e6f6d657c733a31333a224d6576696573204d7567616265223b61627265765f64697265636f65737c733a343a22444e414d223b61627265765f646570617274616d656e746f737c733a353a224441475553223b61627265765f72657061727469636f65737c733a353a225265704848223b6e6f6d655f64697265636f65737c733a34323a2244697265c3a7c3a36f204e6163696f6e616c20646520417373697374c3aa6e636961204dc3a964696361223b6e6f6d655f646570617274616d656e746f737c733a36353a22446570617274616d656e746f2064652041646d696e6973747261c3a7c3a36f20652047657374c3a36f2064617320556e6964616465732053616e69746172696173223b6e6f6d655f72657061727469636f65737c733a33363a2252657061727469c3a7c3a36f20646520486f74656c6172696120486f73706974616c6172223b6c6f63616c5f64697265636f65737c733a313a2233223b6c6f63616c5f646570617274616d656e746f737c733a323a223233223b6c6f63616c5f72657061727469636f65737c733a323a223338223b656d61696c7c733a32303a226d6d7567616265406d697361752e676f762e6d7a223b69647c733a313a2233223b7065726d697373616f7c733a313a2232223b6c6f6761646f7c623a313b),
('s2ddr3dl90q9526gjd5lqtfuf5kne4d1', '::1', 1559590927, 0x5f5f63695f6c6173745f726567656e65726174657c693a313535393539303839313b6e6f6d657c733a31333a224d6576696573204d7567616265223b61627265765f64697265636f65737c733a343a22444e414d223b61627265765f646570617274616d656e746f737c733a353a224441475553223b61627265765f72657061727469636f65737c733a353a225265704848223b6e6f6d655f64697265636f65737c733a34323a2244697265c3a7c3a36f204e6163696f6e616c20646520417373697374c3aa6e636961204dc3a964696361223b6e6f6d655f646570617274616d656e746f737c733a36353a22446570617274616d656e746f2064652041646d696e6973747261c3a7c3a36f20652047657374c3a36f2064617320556e6964616465732053616e69746172696173223b6e6f6d655f72657061727469636f65737c733a33363a2252657061727469c3a7c3a36f20646520486f74656c6172696120486f73706974616c6172223b6c6f63616c5f64697265636f65737c733a313a2233223b6c6f63616c5f646570617274616d656e746f737c733a323a223233223b6c6f63616c5f72657061727469636f65737c733a323a223338223b656d61696c7c733a32303a226d6d7567616265406d697361752e676f762e6d7a223b69647c733a313a2233223b7065726d697373616f7c733a313a2232223b6c6f6761646f7c623a313b),
('qrl5ln7dnp3lv71hu7oh8rgh9h76hni5', '::1', 1559591583, 0x5f5f63695f6c6173745f726567656e65726174657c693a313535393539313431353b6e6f6d657c733a31333a224d6576696573204d7567616265223b61627265765f64697265636f65737c733a343a22444e414d223b61627265765f646570617274616d656e746f737c733a353a224441475553223b61627265765f72657061727469636f65737c733a353a225265704848223b6e6f6d655f64697265636f65737c733a34323a2244697265c3a7c3a36f204e6163696f6e616c20646520417373697374c3aa6e636961204dc3a964696361223b6e6f6d655f646570617274616d656e746f737c733a36353a22446570617274616d656e746f2064652041646d696e6973747261c3a7c3a36f20652047657374c3a36f2064617320556e6964616465732053616e69746172696173223b6e6f6d655f72657061727469636f65737c733a33363a2252657061727469c3a7c3a36f20646520486f74656c6172696120486f73706974616c6172223b6c6f63616c5f64697265636f65737c733a313a2233223b6c6f63616c5f646570617274616d656e746f737c733a323a223233223b6c6f63616c5f72657061727469636f65737c733a323a223338223b656d61696c7c733a32303a226d6d7567616265406d697361752e676f762e6d7a223b69647c733a313a2233223b7065726d697373616f7c733a313a2232223b6c6f6761646f7c623a313b),
('5v6b3htssrj3eu5pcemth019g3te1tjt', '::1', 1559592059, 0x5f5f63695f6c6173745f726567656e65726174657c693a313535393539323031373b6e6f6d657c733a31323a22446f6d6967617320436f6d65223b61627265765f64697265636f65737c733a323a22474d223b61627265765f646570617274616d656e746f737c613a323a7b733a343a22636f6465223b693a303b733a373a226d657373616765223b733a303a22223b7d61627265765f72657061727469636f65737c613a323a7b733a343a22636f6465223b693a303b733a373a226d657373616765223b733a303a22223b7d6e6f6d655f64697265636f65737c733a32303a22476162696e65746520646f204d696e697374726f223b6e6f6d655f646570617274616d656e746f737c613a323a7b733a343a22636f6465223b693a303b733a373a226d657373616765223b733a303a22223b7d6e6f6d655f72657061727469636f65737c613a323a7b733a343a22636f6465223b693a303b733a373a226d657373616765223b733a303a22223b7d6c6f63616c5f64697265636f65737c733a323a223132223b6c6f63616c5f646570617274616d656e746f737c733a313a2230223b6c6f63616c5f72657061727469636f65737c733a313a2230223b656d61696c7c733a31383a2264636f6d65406d697361752e676f762e6d7a223b69647c733a313a2234223b7065726d697373616f7c733a313a2231223b6c6f6761646f7c623a313b),
('abtvksh535seitd3bh4orki18134vltt', '::1', 1559593066, 0x5f5f63695f6c6173745f726567656e65726174657c693a313535393539333036333b6e6f6d657c733a31323a22446f6d6967617320436f6d65223b61627265765f64697265636f65737c733a323a22474d223b61627265765f646570617274616d656e746f737c613a323a7b733a343a22636f6465223b693a303b733a373a226d657373616765223b733a303a22223b7d61627265765f72657061727469636f65737c613a323a7b733a343a22636f6465223b693a303b733a373a226d657373616765223b733a303a22223b7d6e6f6d655f64697265636f65737c733a32303a22476162696e65746520646f204d696e697374726f223b6e6f6d655f646570617274616d656e746f737c613a323a7b733a343a22636f6465223b693a303b733a373a226d657373616765223b733a303a22223b7d6e6f6d655f72657061727469636f65737c613a323a7b733a343a22636f6465223b693a303b733a373a226d657373616765223b733a303a22223b7d6c6f63616c5f64697265636f65737c733a323a223132223b6c6f63616c5f646570617274616d656e746f737c733a313a2230223b6c6f63616c5f72657061727469636f65737c733a313a2230223b656d61696c7c733a31383a2264636f6d65406d697361752e676f762e6d7a223b69647c733a313a2234223b7065726d697373616f7c733a313a2231223b6c6f6761646f7c623a313b),
('sv3h4g9ln60jk5dtf15klstlkmjjcrtc', '127.0.0.1', 1559715038, 0x5f5f63695f6c6173745f726567656e65726174657c693a313535393731343834303b6e6f6d657c733a31353a2241726d616e646f2041726c696e646f223b61627265765f64697265636f65737c733a333a22444146223b61627265765f646570617274616d656e746f737c613a323a7b733a343a22636f6465223b693a303b733a373a226d657373616765223b733a303a22223b7d61627265765f72657061727469636f65737c613a323a7b733a343a22636f6465223b693a303b733a373a226d657373616765223b733a303a22223b7d6e6f6d655f64697265636f65737c733a34303a2244697265c3a7c3a36f2064652041646d696e6973747261c3a7c3a36f20652046696e616ec3a76173223b6e6f6d655f646570617274616d656e746f737c613a323a7b733a343a22636f6465223b693a303b733a373a226d657373616765223b733a303a22223b7d6e6f6d655f72657061727469636f65737c613a323a7b733a343a22636f6465223b693a303b733a373a226d657373616765223b733a303a22223b7d6c6f63616c5f64697265636f65737c733a313a2239223b6c6f63616c5f646570617274616d656e746f737c733a313a2230223b6c6f63616c5f72657061727469636f65737c733a313a2230223b656d61696c7c733a31393a22616d61766965406d697361752e676f762e6d7a223b69647c733a313a2231223b7065726d697373616f7c733a313a2231223b6c6f6761646f7c623a313b),
('vtkck135aetpospqi1ue5hoco9ufh2l9', '::1', 1559714843, 0x5f5f63695f6c6173745f726567656e65726174657c693a313535393731343834333b),
('etfrvpn2rfm68pnfut705t0hop46sgkh', '127.0.0.1', 1559715384, 0x5f5f63695f6c6173745f726567656e65726174657c693a313535393731353138383b6e6f6d657c733a31353a2241726d616e646f2041726c696e646f223b61627265765f64697265636f65737c733a333a22444146223b61627265765f646570617274616d656e746f737c613a323a7b733a343a22636f6465223b693a303b733a373a226d657373616765223b733a303a22223b7d61627265765f72657061727469636f65737c613a323a7b733a343a22636f6465223b693a303b733a373a226d657373616765223b733a303a22223b7d6e6f6d655f64697265636f65737c733a34303a2244697265c3a7c3a36f2064652041646d696e6973747261c3a7c3a36f20652046696e616ec3a76173223b6e6f6d655f646570617274616d656e746f737c613a323a7b733a343a22636f6465223b693a303b733a373a226d657373616765223b733a303a22223b7d6e6f6d655f72657061727469636f65737c613a323a7b733a343a22636f6465223b693a303b733a373a226d657373616765223b733a303a22223b7d6c6f63616c5f64697265636f65737c733a313a2239223b6c6f63616c5f646570617274616d656e746f737c733a313a2230223b6c6f63616c5f72657061727469636f65737c733a313a2230223b656d61696c7c733a31393a22616d61766965406d697361752e676f762e6d7a223b69647c733a313a2231223b7065726d697373616f7c733a313a2231223b6c6f6761646f7c623a313b);
INSERT INTO `ci_sessions` (`id`, `ip_address`, `timestamp`, `data`) VALUES
('db5h0u4uhr44s31b76ct89pm44anqvbg', '127.0.0.1', 1559715833, 0x5f5f63695f6c6173745f726567656e65726174657c693a313535393731353533333b6e6f6d657c733a31353a2241726d616e646f2041726c696e646f223b61627265765f64697265636f65737c733a333a22444146223b61627265765f646570617274616d656e746f737c613a323a7b733a343a22636f6465223b693a303b733a373a226d657373616765223b733a303a22223b7d61627265765f72657061727469636f65737c613a323a7b733a343a22636f6465223b693a303b733a373a226d657373616765223b733a303a22223b7d6e6f6d655f64697265636f65737c733a34303a2244697265c3a7c3a36f2064652041646d696e6973747261c3a7c3a36f20652046696e616ec3a76173223b6e6f6d655f646570617274616d656e746f737c613a323a7b733a343a22636f6465223b693a303b733a373a226d657373616765223b733a303a22223b7d6e6f6d655f72657061727469636f65737c613a323a7b733a343a22636f6465223b693a303b733a373a226d657373616765223b733a303a22223b7d6c6f63616c5f64697265636f65737c733a313a2239223b6c6f63616c5f646570617274616d656e746f737c733a313a2230223b6c6f63616c5f72657061727469636f65737c733a313a2230223b656d61696c7c733a31393a22616d61766965406d697361752e676f762e6d7a223b69647c733a313a2231223b7065726d697373616f7c733a313a2231223b6c6f6761646f7c623a313b),
('squk6e8tgqh03e869sss93pa1t1c9aor', '127.0.0.1', 1559716083, 0x5f5f63695f6c6173745f726567656e65726174657c693a313535393731353834313b6e6f6d657c733a31353a2241726d616e646f2041726c696e646f223b61627265765f64697265636f65737c733a333a22444146223b61627265765f646570617274616d656e746f737c613a323a7b733a343a22636f6465223b693a303b733a373a226d657373616765223b733a303a22223b7d61627265765f72657061727469636f65737c613a323a7b733a343a22636f6465223b693a303b733a373a226d657373616765223b733a303a22223b7d6e6f6d655f64697265636f65737c733a34303a2244697265c3a7c3a36f2064652041646d696e6973747261c3a7c3a36f20652046696e616ec3a76173223b6e6f6d655f646570617274616d656e746f737c613a323a7b733a343a22636f6465223b693a303b733a373a226d657373616765223b733a303a22223b7d6e6f6d655f72657061727469636f65737c613a323a7b733a343a22636f6465223b693a303b733a373a226d657373616765223b733a303a22223b7d6c6f63616c5f64697265636f65737c733a313a2239223b6c6f63616c5f646570617274616d656e746f737c733a313a2230223b6c6f63616c5f72657061727469636f65737c733a313a2230223b656d61696c7c733a31393a22616d61766965406d697361752e676f762e6d7a223b69647c733a313a2231223b7065726d697373616f7c733a313a2231223b6c6f6761646f7c623a313b),
('nfho45cato5d83jio061shjnce1b9coi', '127.0.0.1', 1559716469, 0x5f5f63695f6c6173745f726567656e65726174657c693a313535393731363137343b6e6f6d657c733a31353a2241726d616e646f2041726c696e646f223b61627265765f64697265636f65737c733a333a22444146223b61627265765f646570617274616d656e746f737c613a323a7b733a343a22636f6465223b693a303b733a373a226d657373616765223b733a303a22223b7d61627265765f72657061727469636f65737c613a323a7b733a343a22636f6465223b693a303b733a373a226d657373616765223b733a303a22223b7d6e6f6d655f64697265636f65737c733a34303a2244697265c3a7c3a36f2064652041646d696e6973747261c3a7c3a36f20652046696e616ec3a76173223b6e6f6d655f646570617274616d656e746f737c613a323a7b733a343a22636f6465223b693a303b733a373a226d657373616765223b733a303a22223b7d6e6f6d655f72657061727469636f65737c613a323a7b733a343a22636f6465223b693a303b733a373a226d657373616765223b733a303a22223b7d6c6f63616c5f64697265636f65737c733a313a2239223b6c6f63616c5f646570617274616d656e746f737c733a313a2230223b6c6f63616c5f72657061727469636f65737c733a313a2230223b656d61696c7c733a31393a22616d61766965406d697361752e676f762e6d7a223b69647c733a313a2231223b7065726d697373616f7c733a313a2231223b6c6f6761646f7c623a313b),
('8o2bkm5g3hrb0d5ic6n5r99fmeiaaus0', '127.0.0.1', 1559716747, 0x5f5f63695f6c6173745f726567656e65726174657c693a313535393731363531393b6e6f6d657c733a31353a2241726d616e646f2041726c696e646f223b61627265765f64697265636f65737c733a333a22444146223b61627265765f646570617274616d656e746f737c613a323a7b733a343a22636f6465223b693a303b733a373a226d657373616765223b733a303a22223b7d61627265765f72657061727469636f65737c613a323a7b733a343a22636f6465223b693a303b733a373a226d657373616765223b733a303a22223b7d6e6f6d655f64697265636f65737c733a34303a2244697265c3a7c3a36f2064652041646d696e6973747261c3a7c3a36f20652046696e616ec3a76173223b6e6f6d655f646570617274616d656e746f737c613a323a7b733a343a22636f6465223b693a303b733a373a226d657373616765223b733a303a22223b7d6e6f6d655f72657061727469636f65737c613a323a7b733a343a22636f6465223b693a303b733a373a226d657373616765223b733a303a22223b7d6c6f63616c5f64697265636f65737c733a313a2239223b6c6f63616c5f646570617274616d656e746f737c733a313a2230223b6c6f63616c5f72657061727469636f65737c733a313a2230223b656d61696c7c733a31393a22616d61766965406d697361752e676f762e6d7a223b69647c733a313a2231223b7065726d697373616f7c733a313a2231223b6c6f6761646f7c623a313b),
('j9sqbt0g1l9omgqedfi9fkikrjkdv1sl', '127.0.0.1', 1559717194, 0x5f5f63695f6c6173745f726567656e65726174657c693a313535393731363930313b6e6f6d657c733a31353a2241726d616e646f2041726c696e646f223b61627265765f64697265636f65737c733a333a22444146223b61627265765f646570617274616d656e746f737c613a323a7b733a343a22636f6465223b693a303b733a373a226d657373616765223b733a303a22223b7d61627265765f72657061727469636f65737c613a323a7b733a343a22636f6465223b693a303b733a373a226d657373616765223b733a303a22223b7d6e6f6d655f64697265636f65737c733a34303a2244697265c3a7c3a36f2064652041646d696e6973747261c3a7c3a36f20652046696e616ec3a76173223b6e6f6d655f646570617274616d656e746f737c613a323a7b733a343a22636f6465223b693a303b733a373a226d657373616765223b733a303a22223b7d6e6f6d655f72657061727469636f65737c613a323a7b733a343a22636f6465223b693a303b733a373a226d657373616765223b733a303a22223b7d6c6f63616c5f64697265636f65737c733a313a2239223b6c6f63616c5f646570617274616d656e746f737c733a313a2230223b6c6f63616c5f72657061727469636f65737c733a313a2230223b656d61696c7c733a31393a22616d61766965406d697361752e676f762e6d7a223b69647c733a313a2231223b7065726d697373616f7c733a313a2231223b6c6f6761646f7c623a313b),
('qqb22qn9ikdbqju35h8mpk87loqt4a1m', '127.0.0.1', 1559717447, 0x5f5f63695f6c6173745f726567656e65726174657c693a313535393731373235303b6e6f6d657c733a31353a2241726d616e646f2041726c696e646f223b61627265765f64697265636f65737c733a333a22444146223b61627265765f646570617274616d656e746f737c613a323a7b733a343a22636f6465223b693a303b733a373a226d657373616765223b733a303a22223b7d61627265765f72657061727469636f65737c613a323a7b733a343a22636f6465223b693a303b733a373a226d657373616765223b733a303a22223b7d6e6f6d655f64697265636f65737c733a34303a2244697265c3a7c3a36f2064652041646d696e6973747261c3a7c3a36f20652046696e616ec3a76173223b6e6f6d655f646570617274616d656e746f737c613a323a7b733a343a22636f6465223b693a303b733a373a226d657373616765223b733a303a22223b7d6e6f6d655f72657061727469636f65737c613a323a7b733a343a22636f6465223b693a303b733a373a226d657373616765223b733a303a22223b7d6c6f63616c5f64697265636f65737c733a313a2239223b6c6f63616c5f646570617274616d656e746f737c733a313a2230223b6c6f63616c5f72657061727469636f65737c733a313a2230223b656d61696c7c733a31393a22616d61766965406d697361752e676f762e6d7a223b69647c733a313a2231223b7065726d697373616f7c733a313a2231223b6c6f6761646f7c623a313b),
('5aekomeecp7ec94l64mt2o7rubv83v62', '127.0.0.1', 1559718199, 0x5f5f63695f6c6173745f726567656e65726174657c693a313535393731373935303b6e6f6d657c733a31353a2241726d616e646f2041726c696e646f223b61627265765f64697265636f65737c733a333a22444146223b61627265765f646570617274616d656e746f737c613a323a7b733a343a22636f6465223b693a303b733a373a226d657373616765223b733a303a22223b7d61627265765f72657061727469636f65737c613a323a7b733a343a22636f6465223b693a303b733a373a226d657373616765223b733a303a22223b7d6e6f6d655f64697265636f65737c733a34303a2244697265c3a7c3a36f2064652041646d696e6973747261c3a7c3a36f20652046696e616ec3a76173223b6e6f6d655f646570617274616d656e746f737c613a323a7b733a343a22636f6465223b693a303b733a373a226d657373616765223b733a303a22223b7d6e6f6d655f72657061727469636f65737c613a323a7b733a343a22636f6465223b693a303b733a373a226d657373616765223b733a303a22223b7d6c6f63616c5f64697265636f65737c733a313a2239223b6c6f63616c5f646570617274616d656e746f737c733a313a2230223b6c6f63616c5f72657061727469636f65737c733a313a2230223b656d61696c7c733a31393a22616d61766965406d697361752e676f762e6d7a223b69647c733a313a2231223b7065726d697373616f7c733a313a2231223b6c6f6761646f7c623a313b),
('hjt36jqch44c7vlcgdrvhdb13ieoeldj', '127.0.0.1', 1559718563, 0x5f5f63695f6c6173745f726567656e65726174657c693a313535393731383239363b6e6f6d657c733a31353a2241726d616e646f2041726c696e646f223b61627265765f64697265636f65737c733a333a22444146223b61627265765f646570617274616d656e746f737c613a323a7b733a343a22636f6465223b693a303b733a373a226d657373616765223b733a303a22223b7d61627265765f72657061727469636f65737c613a323a7b733a343a22636f6465223b693a303b733a373a226d657373616765223b733a303a22223b7d6e6f6d655f64697265636f65737c733a34303a2244697265c3a7c3a36f2064652041646d696e6973747261c3a7c3a36f20652046696e616ec3a76173223b6e6f6d655f646570617274616d656e746f737c613a323a7b733a343a22636f6465223b693a303b733a373a226d657373616765223b733a303a22223b7d6e6f6d655f72657061727469636f65737c613a323a7b733a343a22636f6465223b693a303b733a373a226d657373616765223b733a303a22223b7d6c6f63616c5f64697265636f65737c733a313a2239223b6c6f63616c5f646570617274616d656e746f737c733a313a2230223b6c6f63616c5f72657061727469636f65737c733a313a2230223b656d61696c7c733a31393a22616d61766965406d697361752e676f762e6d7a223b69647c733a313a2231223b7065726d697373616f7c733a313a2231223b6c6f6761646f7c623a313b),
('bqvd76h63mmaume20vdltudgguu49bd2', '127.0.0.1', 1559718804, 0x5f5f63695f6c6173745f726567656e65726174657c693a313535393731383630323b6e6f6d657c733a31353a2241726d616e646f2041726c696e646f223b61627265765f64697265636f65737c733a333a22444146223b61627265765f646570617274616d656e746f737c613a323a7b733a343a22636f6465223b693a303b733a373a226d657373616765223b733a303a22223b7d61627265765f72657061727469636f65737c613a323a7b733a343a22636f6465223b693a303b733a373a226d657373616765223b733a303a22223b7d6e6f6d655f64697265636f65737c733a34303a2244697265c3a7c3a36f2064652041646d696e6973747261c3a7c3a36f20652046696e616ec3a76173223b6e6f6d655f646570617274616d656e746f737c613a323a7b733a343a22636f6465223b693a303b733a373a226d657373616765223b733a303a22223b7d6e6f6d655f72657061727469636f65737c613a323a7b733a343a22636f6465223b693a303b733a373a226d657373616765223b733a303a22223b7d6c6f63616c5f64697265636f65737c733a313a2239223b6c6f63616c5f646570617274616d656e746f737c733a313a2230223b6c6f63616c5f72657061727469636f65737c733a313a2230223b656d61696c7c733a31393a22616d61766965406d697361752e676f762e6d7a223b69647c733a313a2231223b7065726d697373616f7c733a313a2231223b6c6f6761646f7c623a313b),
('2fcihbeg53llttbu4sc77728p3tdrlp7', '127.0.0.1', 1559719347, 0x5f5f63695f6c6173745f726567656e65726174657c693a313535393731393034393b6e6f6d657c733a31353a2241726d616e646f2041726c696e646f223b61627265765f64697265636f65737c733a333a22444146223b61627265765f646570617274616d656e746f737c613a323a7b733a343a22636f6465223b693a303b733a373a226d657373616765223b733a303a22223b7d61627265765f72657061727469636f65737c613a323a7b733a343a22636f6465223b693a303b733a373a226d657373616765223b733a303a22223b7d6e6f6d655f64697265636f65737c733a34303a2244697265c3a7c3a36f2064652041646d696e6973747261c3a7c3a36f20652046696e616ec3a76173223b6e6f6d655f646570617274616d656e746f737c613a323a7b733a343a22636f6465223b693a303b733a373a226d657373616765223b733a303a22223b7d6e6f6d655f72657061727469636f65737c613a323a7b733a343a22636f6465223b693a303b733a373a226d657373616765223b733a303a22223b7d6c6f63616c5f64697265636f65737c733a313a2239223b6c6f63616c5f646570617274616d656e746f737c733a313a2230223b6c6f63616c5f72657061727469636f65737c733a313a2230223b656d61696c7c733a31393a22616d61766965406d697361752e676f762e6d7a223b69647c733a313a2231223b7065726d697373616f7c733a313a2231223b6c6f6761646f7c623a313b),
('tenr7fajlbo025uiq3n0u1j67mnppf4m', '127.0.0.1', 1559719630, 0x5f5f63695f6c6173745f726567656e65726174657c693a313535393731393335373b6e6f6d657c733a31353a2241726d616e646f2041726c696e646f223b61627265765f64697265636f65737c733a333a22444146223b61627265765f646570617274616d656e746f737c613a323a7b733a343a22636f6465223b693a303b733a373a226d657373616765223b733a303a22223b7d61627265765f72657061727469636f65737c613a323a7b733a343a22636f6465223b693a303b733a373a226d657373616765223b733a303a22223b7d6e6f6d655f64697265636f65737c733a34303a2244697265c3a7c3a36f2064652041646d696e6973747261c3a7c3a36f20652046696e616ec3a76173223b6e6f6d655f646570617274616d656e746f737c613a323a7b733a343a22636f6465223b693a303b733a373a226d657373616765223b733a303a22223b7d6e6f6d655f72657061727469636f65737c613a323a7b733a343a22636f6465223b693a303b733a373a226d657373616765223b733a303a22223b7d6c6f63616c5f64697265636f65737c733a313a2239223b6c6f63616c5f646570617274616d656e746f737c733a313a2230223b6c6f63616c5f72657061727469636f65737c733a313a2230223b656d61696c7c733a31393a22616d61766965406d697361752e676f762e6d7a223b69647c733a313a2231223b7065726d697373616f7c733a313a2231223b6c6f6761646f7c623a313b),
('9nm98kcr38vp71lrbp9qbu2pcle4mnb3', '127.0.0.1', 1559720174, 0x5f5f63695f6c6173745f726567656e65726174657c693a313535393731393830373b6e6f6d657c733a31353a2241726d616e646f2041726c696e646f223b61627265765f64697265636f65737c733a333a22444146223b61627265765f646570617274616d656e746f737c613a323a7b733a343a22636f6465223b693a303b733a373a226d657373616765223b733a303a22223b7d61627265765f72657061727469636f65737c613a323a7b733a343a22636f6465223b693a303b733a373a226d657373616765223b733a303a22223b7d6e6f6d655f64697265636f65737c733a34303a2244697265c3a7c3a36f2064652041646d696e6973747261c3a7c3a36f20652046696e616ec3a76173223b6e6f6d655f646570617274616d656e746f737c613a323a7b733a343a22636f6465223b693a303b733a373a226d657373616765223b733a303a22223b7d6e6f6d655f72657061727469636f65737c613a323a7b733a343a22636f6465223b693a303b733a373a226d657373616765223b733a303a22223b7d6c6f63616c5f64697265636f65737c733a313a2239223b6c6f63616c5f646570617274616d656e746f737c733a313a2230223b6c6f63616c5f72657061727469636f65737c733a313a2230223b656d61696c7c733a31393a22616d61766965406d697361752e676f762e6d7a223b69647c733a313a2231223b7065726d697373616f7c733a313a2231223b6c6f6761646f7c623a313b),
('hkf8u7t6582pa3nqeu2p6nqjughaomqq', '127.0.0.1', 1559720420, 0x5f5f63695f6c6173745f726567656e65726174657c693a313535393732303138373b6e6f6d657c733a31353a2241726d616e646f2041726c696e646f223b61627265765f64697265636f65737c733a333a22444146223b61627265765f646570617274616d656e746f737c613a323a7b733a343a22636f6465223b693a303b733a373a226d657373616765223b733a303a22223b7d61627265765f72657061727469636f65737c613a323a7b733a343a22636f6465223b693a303b733a373a226d657373616765223b733a303a22223b7d6e6f6d655f64697265636f65737c733a34303a2244697265c3a7c3a36f2064652041646d696e6973747261c3a7c3a36f20652046696e616ec3a76173223b6e6f6d655f646570617274616d656e746f737c613a323a7b733a343a22636f6465223b693a303b733a373a226d657373616765223b733a303a22223b7d6e6f6d655f72657061727469636f65737c613a323a7b733a343a22636f6465223b693a303b733a373a226d657373616765223b733a303a22223b7d6c6f63616c5f64697265636f65737c733a313a2239223b6c6f63616c5f646570617274616d656e746f737c733a313a2230223b6c6f63616c5f72657061727469636f65737c733a313a2230223b656d61696c7c733a31393a22616d61766965406d697361752e676f762e6d7a223b69647c733a313a2231223b7065726d697373616f7c733a313a2231223b6c6f6761646f7c623a313b),
('67emb4ki5nrkreb1l8tfe9tko3l0jtus', '127.0.0.1', 1559721824, 0x5f5f63695f6c6173745f726567656e65726174657c693a313535393732313534383b6e6f6d657c733a31353a2241726d616e646f2041726c696e646f223b61627265765f64697265636f65737c733a333a22444146223b61627265765f646570617274616d656e746f737c613a323a7b733a343a22636f6465223b693a303b733a373a226d657373616765223b733a303a22223b7d61627265765f72657061727469636f65737c613a323a7b733a343a22636f6465223b693a303b733a373a226d657373616765223b733a303a22223b7d6e6f6d655f64697265636f65737c733a34303a2244697265c3a7c3a36f2064652041646d696e6973747261c3a7c3a36f20652046696e616ec3a76173223b6e6f6d655f646570617274616d656e746f737c613a323a7b733a343a22636f6465223b693a303b733a373a226d657373616765223b733a303a22223b7d6e6f6d655f72657061727469636f65737c613a323a7b733a343a22636f6465223b693a303b733a373a226d657373616765223b733a303a22223b7d6c6f63616c5f64697265636f65737c733a313a2239223b6c6f63616c5f646570617274616d656e746f737c733a313a2230223b6c6f63616c5f72657061727469636f65737c733a313a2230223b656d61696c7c733a31393a22616d61766965406d697361752e676f762e6d7a223b69647c733a313a2231223b7065726d697373616f7c733a313a2231223b6c6f6761646f7c623a313b),
('u3r4gheddnpaat5vjne4q0hlkjknhq01', '127.0.0.1', 1559722081, 0x5f5f63695f6c6173745f726567656e65726174657c693a313535393732313938363b6e6f6d657c733a31353a2241726d616e646f2041726c696e646f223b61627265765f64697265636f65737c733a333a22444146223b61627265765f646570617274616d656e746f737c613a323a7b733a343a22636f6465223b693a303b733a373a226d657373616765223b733a303a22223b7d61627265765f72657061727469636f65737c613a323a7b733a343a22636f6465223b693a303b733a373a226d657373616765223b733a303a22223b7d6e6f6d655f64697265636f65737c733a34303a2244697265c3a7c3a36f2064652041646d696e6973747261c3a7c3a36f20652046696e616ec3a76173223b6e6f6d655f646570617274616d656e746f737c613a323a7b733a343a22636f6465223b693a303b733a373a226d657373616765223b733a303a22223b7d6e6f6d655f72657061727469636f65737c613a323a7b733a343a22636f6465223b693a303b733a373a226d657373616765223b733a303a22223b7d6c6f63616c5f64697265636f65737c733a313a2239223b6c6f63616c5f646570617274616d656e746f737c733a313a2230223b6c6f63616c5f72657061727469636f65737c733a313a2230223b656d61696c7c733a31393a22616d61766965406d697361752e676f762e6d7a223b69647c733a313a2231223b7065726d697373616f7c733a313a2231223b6c6f6761646f7c623a313b),
('l8dg3m4h9k0tse0u90efvlg0ahgfua15', '127.0.0.1', 1559723970, 0x5f5f63695f6c6173745f726567656e65726174657c693a313535393732333738323b6e6f6d657c733a31353a2241726d616e646f2041726c696e646f223b61627265765f64697265636f65737c733a333a22444146223b61627265765f646570617274616d656e746f737c613a323a7b733a343a22636f6465223b693a303b733a373a226d657373616765223b733a303a22223b7d61627265765f72657061727469636f65737c613a323a7b733a343a22636f6465223b693a303b733a373a226d657373616765223b733a303a22223b7d6e6f6d655f64697265636f65737c733a34303a2244697265c3a7c3a36f2064652041646d696e6973747261c3a7c3a36f20652046696e616ec3a76173223b6e6f6d655f646570617274616d656e746f737c613a323a7b733a343a22636f6465223b693a303b733a373a226d657373616765223b733a303a22223b7d6e6f6d655f72657061727469636f65737c613a323a7b733a343a22636f6465223b693a303b733a373a226d657373616765223b733a303a22223b7d6c6f63616c5f64697265636f65737c733a313a2239223b6c6f63616c5f646570617274616d656e746f737c733a313a2230223b6c6f63616c5f72657061727469636f65737c733a313a2230223b656d61696c7c733a31393a22616d61766965406d697361752e676f762e6d7a223b69647c733a313a2231223b7065726d697373616f7c733a313a2231223b6c6f6761646f7c623a313b),
('uns1e5gm2jmi1ro5h07r6ifpkdtvtd8u', '127.0.0.1', 1559803647, 0x5f5f63695f6c6173745f726567656e65726174657c693a313535393830333334393b6e6f6d657c733a31353a2241726d616e646f2041726c696e646f223b61627265765f64697265636f65737c733a333a22444146223b61627265765f646570617274616d656e746f737c613a323a7b733a343a22636f6465223b693a303b733a373a226d657373616765223b733a303a22223b7d61627265765f72657061727469636f65737c613a323a7b733a343a22636f6465223b693a303b733a373a226d657373616765223b733a303a22223b7d6e6f6d655f64697265636f65737c733a34303a2244697265c3a7c3a36f2064652041646d696e6973747261c3a7c3a36f20652046696e616ec3a76173223b6e6f6d655f646570617274616d656e746f737c613a323a7b733a343a22636f6465223b693a303b733a373a226d657373616765223b733a303a22223b7d6e6f6d655f72657061727469636f65737c613a323a7b733a343a22636f6465223b693a303b733a373a226d657373616765223b733a303a22223b7d6c6f63616c5f64697265636f65737c733a313a2239223b6c6f63616c5f646570617274616d656e746f737c733a313a2230223b6c6f63616c5f72657061727469636f65737c733a313a2230223b656d61696c7c733a31393a22616d61766965406d697361752e676f762e6d7a223b69647c733a313a2231223b7065726d697373616f7c733a313a2231223b6c6f6761646f7c623a313b),
('qoujjc245nckp4l71gs5i1lln7bqubhg', '127.0.0.1', 1559803831, 0x5f5f63695f6c6173745f726567656e65726174657c693a313535393830333637323b6e6f6d657c733a31353a2241726d616e646f2041726c696e646f223b61627265765f64697265636f65737c733a333a22444146223b61627265765f646570617274616d656e746f737c613a323a7b733a343a22636f6465223b693a303b733a373a226d657373616765223b733a303a22223b7d61627265765f72657061727469636f65737c613a323a7b733a343a22636f6465223b693a303b733a373a226d657373616765223b733a303a22223b7d6e6f6d655f64697265636f65737c733a34303a2244697265c3a7c3a36f2064652041646d696e6973747261c3a7c3a36f20652046696e616ec3a76173223b6e6f6d655f646570617274616d656e746f737c613a323a7b733a343a22636f6465223b693a303b733a373a226d657373616765223b733a303a22223b7d6e6f6d655f72657061727469636f65737c613a323a7b733a343a22636f6465223b693a303b733a373a226d657373616765223b733a303a22223b7d6c6f63616c5f64697265636f65737c733a313a2239223b6c6f63616c5f646570617274616d656e746f737c733a313a2230223b6c6f63616c5f72657061727469636f65737c733a313a2230223b656d61696c7c733a31393a22616d61766965406d697361752e676f762e6d7a223b69647c733a313a2231223b7065726d697373616f7c733a313a2231223b6c6f6761646f7c623a313b),
('mdoq0am75etvr7a4th3iksuqbdbgv70i', '127.0.0.1', 1559804175, 0x5f5f63695f6c6173745f726567656e65726174657c693a313535393830343031353b6e6f6d657c733a31353a2241726d616e646f2041726c696e646f223b61627265765f64697265636f65737c733a333a22444146223b61627265765f646570617274616d656e746f737c613a323a7b733a343a22636f6465223b693a303b733a373a226d657373616765223b733a303a22223b7d61627265765f72657061727469636f65737c613a323a7b733a343a22636f6465223b693a303b733a373a226d657373616765223b733a303a22223b7d6e6f6d655f64697265636f65737c733a34303a2244697265c3a7c3a36f2064652041646d696e6973747261c3a7c3a36f20652046696e616ec3a76173223b6e6f6d655f646570617274616d656e746f737c613a323a7b733a343a22636f6465223b693a303b733a373a226d657373616765223b733a303a22223b7d6e6f6d655f72657061727469636f65737c613a323a7b733a343a22636f6465223b693a303b733a373a226d657373616765223b733a303a22223b7d6c6f63616c5f64697265636f65737c733a313a2239223b6c6f63616c5f646570617274616d656e746f737c733a313a2230223b6c6f63616c5f72657061727469636f65737c733a313a2230223b656d61696c7c733a31393a22616d61766965406d697361752e676f762e6d7a223b69647c733a313a2231223b7065726d697373616f7c733a313a2231223b6c6f6761646f7c623a313b),
('69p9hj3mhomesboesrm67s51omu7as8r', '::1', 1559804201, 0x5f5f63695f6c6173745f726567656e65726174657c693a313535393830343230313b),
('au400thpgvvie4tco53r6d3kr6vfl071', '::1', 1559804236, 0x5f5f63695f6c6173745f726567656e65726174657c693a313535393830343230313b6e6f6d657c733a31343a224d6f6d6164652053756d616c6779223b61627265765f64697265636f65737c733a323a22474d223b61627265765f646570617274616d656e746f737c733a343a2244544943223b61627265765f72657061727469636f65737c613a323a7b733a343a22636f6465223b693a303b733a373a226d657373616765223b733a303a22223b7d6e6f6d655f64697265636f65737c733a32303a22476162696e65746520646f204d696e697374726f223b6e6f6d655f646570617274616d656e746f737c733a35393a22446570617274616d656e746f206465205465636e6f6c6f6769617320646520496e666f726d61c3a7c3a36f206520436f6d756e696361c3a7c3a36f223b6e6f6d655f72657061727469636f65737c613a323a7b733a343a22636f6465223b693a303b733a373a226d657373616765223b733a303a22223b7d6c6f63616c5f64697265636f65737c733a323a223132223b6c6f63616c5f646570617274616d656e746f737c733a313a2231223b6c6f63616c5f72657061727469636f65737c733a313a2230223b656d61696c7c733a32313a226d73756d616c6779406d697361752e676f762e6d7a223b69647c733a313a2232223b7065726d697373616f7c733a313a2231223b6c6f6761646f7c623a313b),
('bgs6kk25ej680ovkk25lep51iravmnq9', '127.0.0.1', 1559804882, 0x5f5f63695f6c6173745f726567656e65726174657c693a313535393830343632383b6e6f6d657c733a31353a2241726d616e646f2041726c696e646f223b61627265765f64697265636f65737c733a333a22444146223b61627265765f646570617274616d656e746f737c613a323a7b733a343a22636f6465223b693a303b733a373a226d657373616765223b733a303a22223b7d61627265765f72657061727469636f65737c613a323a7b733a343a22636f6465223b693a303b733a373a226d657373616765223b733a303a22223b7d6e6f6d655f64697265636f65737c733a34303a2244697265c3a7c3a36f2064652041646d696e6973747261c3a7c3a36f20652046696e616ec3a76173223b6e6f6d655f646570617274616d656e746f737c613a323a7b733a343a22636f6465223b693a303b733a373a226d657373616765223b733a303a22223b7d6e6f6d655f72657061727469636f65737c613a323a7b733a343a22636f6465223b693a303b733a373a226d657373616765223b733a303a22223b7d6c6f63616c5f64697265636f65737c733a313a2239223b6c6f63616c5f646570617274616d656e746f737c733a313a2230223b6c6f63616c5f72657061727469636f65737c733a313a2230223b656d61696c7c733a31393a22616d61766965406d697361752e676f762e6d7a223b69647c733a313a2231223b7065726d697373616f7c733a313a2231223b6c6f6761646f7c623a313b),
('m09jgi4ahc41t6tr2ektqv2v5t41kam2', '::1', 1559804757, 0x5f5f63695f6c6173745f726567656e65726174657c693a313535393830343638363b6e6f6d657c733a31343a224d6f6d6164652053756d616c6779223b61627265765f64697265636f65737c733a323a22474d223b61627265765f646570617274616d656e746f737c733a343a2244544943223b61627265765f72657061727469636f65737c613a323a7b733a343a22636f6465223b693a303b733a373a226d657373616765223b733a303a22223b7d6e6f6d655f64697265636f65737c733a32303a22476162696e65746520646f204d696e697374726f223b6e6f6d655f646570617274616d656e746f737c733a35393a22446570617274616d656e746f206465205465636e6f6c6f6769617320646520496e666f726d61c3a7c3a36f206520436f6d756e696361c3a7c3a36f223b6e6f6d655f72657061727469636f65737c613a323a7b733a343a22636f6465223b693a303b733a373a226d657373616765223b733a303a22223b7d6c6f63616c5f64697265636f65737c733a323a223132223b6c6f63616c5f646570617274616d656e746f737c733a313a2231223b6c6f63616c5f72657061727469636f65737c733a313a2230223b656d61696c7c733a32313a226d73756d616c6779406d697361752e676f762e6d7a223b69647c733a313a2232223b7065726d697373616f7c733a313a2231223b6c6f6761646f7c623a313b),
('tvp70vrckc1av4s75jdmp76sfb0sc9p9', '127.0.0.1', 1559804939, 0x5f5f63695f6c6173745f726567656e65726174657c693a313535393830343933333b6e6f6d657c733a31353a2241726d616e646f2041726c696e646f223b61627265765f64697265636f65737c733a333a22444146223b61627265765f646570617274616d656e746f737c613a323a7b733a343a22636f6465223b693a303b733a373a226d657373616765223b733a303a22223b7d61627265765f72657061727469636f65737c613a323a7b733a343a22636f6465223b693a303b733a373a226d657373616765223b733a303a22223b7d6e6f6d655f64697265636f65737c733a34303a2244697265c3a7c3a36f2064652041646d696e6973747261c3a7c3a36f20652046696e616ec3a76173223b6e6f6d655f646570617274616d656e746f737c613a323a7b733a343a22636f6465223b693a303b733a373a226d657373616765223b733a303a22223b7d6e6f6d655f72657061727469636f65737c613a323a7b733a343a22636f6465223b693a303b733a373a226d657373616765223b733a303a22223b7d6c6f63616c5f64697265636f65737c733a313a2239223b6c6f63616c5f646570617274616d656e746f737c733a313a2230223b6c6f63616c5f72657061727469636f65737c733a313a2230223b656d61696c7c733a31393a22616d61766965406d697361752e676f762e6d7a223b69647c733a313a2231223b7065726d697373616f7c733a313a2231223b6c6f6761646f7c623a313b),
('5jdh61ndi12bgvckah6kiu5sqegng5el', '127.0.0.1', 1559805265, 0x5f5f63695f6c6173745f726567656e65726174657c693a313535393830353233363b6e6f6d657c733a31353a2241726d616e646f2041726c696e646f223b61627265765f64697265636f65737c733a333a22444146223b61627265765f646570617274616d656e746f737c613a323a7b733a343a22636f6465223b693a303b733a373a226d657373616765223b733a303a22223b7d61627265765f72657061727469636f65737c613a323a7b733a343a22636f6465223b693a303b733a373a226d657373616765223b733a303a22223b7d6e6f6d655f64697265636f65737c733a34303a2244697265c3a7c3a36f2064652041646d696e6973747261c3a7c3a36f20652046696e616ec3a76173223b6e6f6d655f646570617274616d656e746f737c613a323a7b733a343a22636f6465223b693a303b733a373a226d657373616765223b733a303a22223b7d6e6f6d655f72657061727469636f65737c613a323a7b733a343a22636f6465223b693a303b733a373a226d657373616765223b733a303a22223b7d6c6f63616c5f64697265636f65737c733a313a2239223b6c6f63616c5f646570617274616d656e746f737c733a313a2230223b6c6f63616c5f72657061727469636f65737c733a313a2230223b656d61696c7c733a31393a22616d61766965406d697361752e676f762e6d7a223b69647c733a313a2231223b7065726d697373616f7c733a313a2231223b6c6f6761646f7c623a313b),
('vf6r6ao961kldga1b187rg6lr0d7e7bj', '127.0.0.1', 1559805833, 0x5f5f63695f6c6173745f726567656e65726174657c693a313535393830353538343b6e6f6d657c733a31353a2241726d616e646f2041726c696e646f223b61627265765f64697265636f65737c733a333a22444146223b61627265765f646570617274616d656e746f737c613a323a7b733a343a22636f6465223b693a303b733a373a226d657373616765223b733a303a22223b7d61627265765f72657061727469636f65737c613a323a7b733a343a22636f6465223b693a303b733a373a226d657373616765223b733a303a22223b7d6e6f6d655f64697265636f65737c733a34303a2244697265c3a7c3a36f2064652041646d696e6973747261c3a7c3a36f20652046696e616ec3a76173223b6e6f6d655f646570617274616d656e746f737c613a323a7b733a343a22636f6465223b693a303b733a373a226d657373616765223b733a303a22223b7d6e6f6d655f72657061727469636f65737c613a323a7b733a343a22636f6465223b693a303b733a373a226d657373616765223b733a303a22223b7d6c6f63616c5f64697265636f65737c733a313a2239223b6c6f63616c5f646570617274616d656e746f737c733a313a2230223b6c6f63616c5f72657061727469636f65737c733a313a2230223b656d61696c7c733a31393a22616d61766965406d697361752e676f762e6d7a223b69647c733a313a2231223b7065726d697373616f7c733a313a2231223b6c6f6761646f7c623a313b),
('clt1o1vegpkub90a4e3akkcd9jpkc7hq', '127.0.0.1', 1559805940, 0x5f5f63695f6c6173745f726567656e65726174657c693a313535393830353931363b6e6f6d657c733a31353a2241726d616e646f2041726c696e646f223b61627265765f64697265636f65737c733a333a22444146223b61627265765f646570617274616d656e746f737c613a323a7b733a343a22636f6465223b693a303b733a373a226d657373616765223b733a303a22223b7d61627265765f72657061727469636f65737c613a323a7b733a343a22636f6465223b693a303b733a373a226d657373616765223b733a303a22223b7d6e6f6d655f64697265636f65737c733a34303a2244697265c3a7c3a36f2064652041646d696e6973747261c3a7c3a36f20652046696e616ec3a76173223b6e6f6d655f646570617274616d656e746f737c613a323a7b733a343a22636f6465223b693a303b733a373a226d657373616765223b733a303a22223b7d6e6f6d655f72657061727469636f65737c613a323a7b733a343a22636f6465223b693a303b733a373a226d657373616765223b733a303a22223b7d6c6f63616c5f64697265636f65737c733a313a2239223b6c6f63616c5f646570617274616d656e746f737c733a313a2230223b6c6f63616c5f72657061727469636f65737c733a313a2230223b656d61696c7c733a31393a22616d61766965406d697361752e676f762e6d7a223b69647c733a313a2231223b7065726d697373616f7c733a313a2231223b6c6f6761646f7c623a313b),
('7l8bnskcadk4uvst3nbakfo5c34hhahu', '127.0.0.1', 1559806364, 0x5f5f63695f6c6173745f726567656e65726174657c693a313535393830363334333b6e6f6d657c733a31353a2241726d616e646f2041726c696e646f223b61627265765f64697265636f65737c733a333a22444146223b61627265765f646570617274616d656e746f737c613a323a7b733a343a22636f6465223b693a303b733a373a226d657373616765223b733a303a22223b7d61627265765f72657061727469636f65737c613a323a7b733a343a22636f6465223b693a303b733a373a226d657373616765223b733a303a22223b7d6e6f6d655f64697265636f65737c733a34303a2244697265c3a7c3a36f2064652041646d696e6973747261c3a7c3a36f20652046696e616ec3a76173223b6e6f6d655f646570617274616d656e746f737c613a323a7b733a343a22636f6465223b693a303b733a373a226d657373616765223b733a303a22223b7d6e6f6d655f72657061727469636f65737c613a323a7b733a343a22636f6465223b693a303b733a373a226d657373616765223b733a303a22223b7d6c6f63616c5f64697265636f65737c733a313a2239223b6c6f63616c5f646570617274616d656e746f737c733a313a2230223b6c6f63616c5f72657061727469636f65737c733a313a2230223b656d61696c7c733a31393a22616d61766965406d697361752e676f762e6d7a223b69647c733a313a2231223b7065726d697373616f7c733a313a2231223b6c6f6761646f7c623a313b),
('7llped6orvjrvpk1s7322glq8974ppoe', '127.0.0.1', 1559806950, 0x5f5f63695f6c6173745f726567656e65726174657c693a313535393830363635373b6e6f6d657c733a31353a2241726d616e646f2041726c696e646f223b61627265765f64697265636f65737c733a333a22444146223b61627265765f646570617274616d656e746f737c613a323a7b733a343a22636f6465223b693a303b733a373a226d657373616765223b733a303a22223b7d61627265765f72657061727469636f65737c613a323a7b733a343a22636f6465223b693a303b733a373a226d657373616765223b733a303a22223b7d6e6f6d655f64697265636f65737c733a34303a2244697265c3a7c3a36f2064652041646d696e6973747261c3a7c3a36f20652046696e616ec3a76173223b6e6f6d655f646570617274616d656e746f737c613a323a7b733a343a22636f6465223b693a303b733a373a226d657373616765223b733a303a22223b7d6e6f6d655f72657061727469636f65737c613a323a7b733a343a22636f6465223b693a303b733a373a226d657373616765223b733a303a22223b7d6c6f63616c5f64697265636f65737c733a313a2239223b6c6f63616c5f646570617274616d656e746f737c733a313a2230223b6c6f63616c5f72657061727469636f65737c733a313a2230223b656d61696c7c733a31393a22616d61766965406d697361752e676f762e6d7a223b69647c733a313a2231223b7065726d697373616f7c733a313a2231223b6c6f6761646f7c623a313b),
('nialr5dsnmqaapvvrkdce5v3n2kai36j', '127.0.0.1', 1559807122, 0x5f5f63695f6c6173745f726567656e65726174657c693a313535393830373038393b6e6f6d657c733a31353a2241726d616e646f2041726c696e646f223b61627265765f64697265636f65737c733a333a22444146223b61627265765f646570617274616d656e746f737c613a323a7b733a343a22636f6465223b693a303b733a373a226d657373616765223b733a303a22223b7d61627265765f72657061727469636f65737c613a323a7b733a343a22636f6465223b693a303b733a373a226d657373616765223b733a303a22223b7d6e6f6d655f64697265636f65737c733a34303a2244697265c3a7c3a36f2064652041646d696e6973747261c3a7c3a36f20652046696e616ec3a76173223b6e6f6d655f646570617274616d656e746f737c613a323a7b733a343a22636f6465223b693a303b733a373a226d657373616765223b733a303a22223b7d6e6f6d655f72657061727469636f65737c613a323a7b733a343a22636f6465223b693a303b733a373a226d657373616765223b733a303a22223b7d6c6f63616c5f64697265636f65737c733a313a2239223b6c6f63616c5f646570617274616d656e746f737c733a313a2230223b6c6f63616c5f72657061727469636f65737c733a313a2230223b656d61696c7c733a31393a22616d61766965406d697361752e676f762e6d7a223b69647c733a313a2231223b7065726d697373616f7c733a313a2231223b6c6f6761646f7c623a313b),
('gulnuk2da4f1cs1gegfl3oqtn7nabspk', '127.0.0.1', 1559807773, 0x5f5f63695f6c6173745f726567656e65726174657c693a313535393830373533363b6e6f6d657c733a31353a2241726d616e646f2041726c696e646f223b61627265765f64697265636f65737c733a333a22444146223b61627265765f646570617274616d656e746f737c613a323a7b733a343a22636f6465223b693a303b733a373a226d657373616765223b733a303a22223b7d61627265765f72657061727469636f65737c613a323a7b733a343a22636f6465223b693a303b733a373a226d657373616765223b733a303a22223b7d6e6f6d655f64697265636f65737c733a34303a2244697265c3a7c3a36f2064652041646d696e6973747261c3a7c3a36f20652046696e616ec3a76173223b6e6f6d655f646570617274616d656e746f737c613a323a7b733a343a22636f6465223b693a303b733a373a226d657373616765223b733a303a22223b7d6e6f6d655f72657061727469636f65737c613a323a7b733a343a22636f6465223b693a303b733a373a226d657373616765223b733a303a22223b7d6c6f63616c5f64697265636f65737c733a313a2239223b6c6f63616c5f646570617274616d656e746f737c733a313a2230223b6c6f63616c5f72657061727469636f65737c733a313a2230223b656d61696c7c733a31393a22616d61766965406d697361752e676f762e6d7a223b69647c733a313a2231223b7065726d697373616f7c733a313a2231223b6c6f6761646f7c623a313b),
('q0smnqer3fll4v96vl6a1lbburbqo8ba', '127.0.0.1', 1559808504, 0x5f5f63695f6c6173745f726567656e65726174657c693a313535393830383530343b6e6f6d657c733a31353a2241726d616e646f2041726c696e646f223b61627265765f64697265636f65737c733a333a22444146223b61627265765f646570617274616d656e746f737c613a323a7b733a343a22636f6465223b693a303b733a373a226d657373616765223b733a303a22223b7d61627265765f72657061727469636f65737c613a323a7b733a343a22636f6465223b693a303b733a373a226d657373616765223b733a303a22223b7d6e6f6d655f64697265636f65737c733a34303a2244697265c3a7c3a36f2064652041646d696e6973747261c3a7c3a36f20652046696e616ec3a76173223b6e6f6d655f646570617274616d656e746f737c613a323a7b733a343a22636f6465223b693a303b733a373a226d657373616765223b733a303a22223b7d6e6f6d655f72657061727469636f65737c613a323a7b733a343a22636f6465223b693a303b733a373a226d657373616765223b733a303a22223b7d6c6f63616c5f64697265636f65737c733a313a2239223b6c6f63616c5f646570617274616d656e746f737c733a313a2230223b6c6f63616c5f72657061727469636f65737c733a313a2230223b656d61696c7c733a31393a22616d61766965406d697361752e676f762e6d7a223b69647c733a313a2231223b7065726d697373616f7c733a313a2231223b6c6f6761646f7c623a313b),
('h5p65i3v34tmifngo1sgpnvq08q7ft4b', '127.0.0.1', 1559809208, 0x5f5f63695f6c6173745f726567656e65726174657c693a313535393830393230383b6e6f6d657c733a31353a2241726d616e646f2041726c696e646f223b61627265765f64697265636f65737c733a333a22444146223b61627265765f646570617274616d656e746f737c613a323a7b733a343a22636f6465223b693a303b733a373a226d657373616765223b733a303a22223b7d61627265765f72657061727469636f65737c613a323a7b733a343a22636f6465223b693a303b733a373a226d657373616765223b733a303a22223b7d6e6f6d655f64697265636f65737c733a34303a2244697265c3a7c3a36f2064652041646d696e6973747261c3a7c3a36f20652046696e616ec3a76173223b6e6f6d655f646570617274616d656e746f737c613a323a7b733a343a22636f6465223b693a303b733a373a226d657373616765223b733a303a22223b7d6e6f6d655f72657061727469636f65737c613a323a7b733a343a22636f6465223b693a303b733a373a226d657373616765223b733a303a22223b7d6c6f63616c5f64697265636f65737c733a313a2239223b6c6f63616c5f646570617274616d656e746f737c733a313a2230223b6c6f63616c5f72657061727469636f65737c733a313a2230223b656d61696c7c733a31393a22616d61766965406d697361752e676f762e6d7a223b69647c733a313a2231223b7065726d697373616f7c733a313a2231223b6c6f6761646f7c623a313b),
('7f0iapf01ipmu772pvfot7c126isrfva', '127.0.0.1', 1559809803, 0x5f5f63695f6c6173745f726567656e65726174657c693a313535393830393632353b6e6f6d657c733a31353a2241726d616e646f2041726c696e646f223b61627265765f64697265636f65737c733a333a22444146223b61627265765f646570617274616d656e746f737c613a323a7b733a343a22636f6465223b693a303b733a373a226d657373616765223b733a303a22223b7d61627265765f72657061727469636f65737c613a323a7b733a343a22636f6465223b693a303b733a373a226d657373616765223b733a303a22223b7d6e6f6d655f64697265636f65737c733a34303a2244697265c3a7c3a36f2064652041646d696e6973747261c3a7c3a36f20652046696e616ec3a76173223b6e6f6d655f646570617274616d656e746f737c613a323a7b733a343a22636f6465223b693a303b733a373a226d657373616765223b733a303a22223b7d6e6f6d655f72657061727469636f65737c613a323a7b733a343a22636f6465223b693a303b733a373a226d657373616765223b733a303a22223b7d6c6f63616c5f64697265636f65737c733a313a2239223b6c6f63616c5f646570617274616d656e746f737c733a313a2230223b6c6f63616c5f72657061727469636f65737c733a313a2230223b656d61696c7c733a31393a22616d61766965406d697361752e676f762e6d7a223b69647c733a313a2231223b7065726d697373616f7c733a313a2231223b6c6f6761646f7c623a313b),
('euu2vt0jf3h0gdjequknbipvpinmg337', '::1', 1559809934, 0x5f5f63695f6c6173745f726567656e65726174657c693a313535393830393835353b6e6f6d657c733a31323a22446f6d6967617320436f6d65223b61627265765f64697265636f65737c733a323a22474d223b61627265765f646570617274616d656e746f737c613a323a7b733a343a22636f6465223b693a303b733a373a226d657373616765223b733a303a22223b7d61627265765f72657061727469636f65737c613a323a7b733a343a22636f6465223b693a303b733a373a226d657373616765223b733a303a22223b7d6e6f6d655f64697265636f65737c733a32303a22476162696e65746520646f204d696e697374726f223b6e6f6d655f646570617274616d656e746f737c613a323a7b733a343a22636f6465223b693a303b733a373a226d657373616765223b733a303a22223b7d6e6f6d655f72657061727469636f65737c613a323a7b733a343a22636f6465223b693a303b733a373a226d657373616765223b733a303a22223b7d6c6f63616c5f64697265636f65737c733a323a223132223b6c6f63616c5f646570617274616d656e746f737c733a313a2230223b6c6f63616c5f72657061727469636f65737c733a313a2230223b656d61696c7c733a31383a2264636f6d65406d697361752e676f762e6d7a223b69647c733a313a2234223b7065726d697373616f7c733a313a2231223b6c6f6761646f7c623a313b),
('e9i5ee4smanf270porin6eamatv588e2', '127.0.0.1', 1559810011, 0x5f5f63695f6c6173745f726567656e65726174657c693a313535393830393933383b6e6f6d657c733a31353a2241726d616e646f2041726c696e646f223b61627265765f64697265636f65737c733a333a22444146223b61627265765f646570617274616d656e746f737c613a323a7b733a343a22636f6465223b693a303b733a373a226d657373616765223b733a303a22223b7d61627265765f72657061727469636f65737c613a323a7b733a343a22636f6465223b693a303b733a373a226d657373616765223b733a303a22223b7d6e6f6d655f64697265636f65737c733a34303a2244697265c3a7c3a36f2064652041646d696e6973747261c3a7c3a36f20652046696e616ec3a76173223b6e6f6d655f646570617274616d656e746f737c613a323a7b733a343a22636f6465223b693a303b733a373a226d657373616765223b733a303a22223b7d6e6f6d655f72657061727469636f65737c613a323a7b733a343a22636f6465223b693a303b733a373a226d657373616765223b733a303a22223b7d6c6f63616c5f64697265636f65737c733a313a2239223b6c6f63616c5f646570617274616d656e746f737c733a313a2230223b6c6f63616c5f72657061727469636f65737c733a313a2230223b656d61696c7c733a31393a22616d61766965406d697361752e676f762e6d7a223b69647c733a313a2231223b7065726d697373616f7c733a313a2231223b6c6f6761646f7c623a313b),
('9p8uilgiik16kph3juesbsr7seikdg1h', '::1', 1559847742, 0x5f5f63695f6c6173745f726567656e65726174657c693a313535393834373734323b),
('92katggircahqr9ni6rjtu2m3vii7ar5', '::1', 1559847806, 0x5f5f63695f6c6173745f726567656e65726174657c693a313535393834373734323b6e6f6d657c733a31353a2241726d616e646f2041726c696e646f223b61627265765f64697265636f65737c733a333a22444146223b61627265765f646570617274616d656e746f737c613a323a7b733a343a22636f6465223b693a303b733a373a226d657373616765223b733a303a22223b7d61627265765f72657061727469636f65737c613a323a7b733a343a22636f6465223b693a303b733a373a226d657373616765223b733a303a22223b7d6e6f6d655f64697265636f65737c733a34303a2244697265c3a7c3a36f2064652041646d696e6973747261c3a7c3a36f20652046696e616ec3a76173223b6e6f6d655f646570617274616d656e746f737c613a323a7b733a343a22636f6465223b693a303b733a373a226d657373616765223b733a303a22223b7d6e6f6d655f72657061727469636f65737c613a323a7b733a343a22636f6465223b693a303b733a373a226d657373616765223b733a303a22223b7d6c6f63616c5f64697265636f65737c733a313a2239223b6c6f63616c5f646570617274616d656e746f737c733a313a2230223b6c6f63616c5f72657061727469636f65737c733a313a2230223b656d61696c7c733a31393a22616d61766965406d697361752e676f762e6d7a223b69647c733a313a2231223b7065726d697373616f7c733a313a2231223b6c6f6761646f7c623a313b),
('ikplbsalumpumvukb8gg7nnbj7m8oocv', '::1', 1559848687, 0x5f5f63695f6c6173745f726567656e65726174657c693a313535393834383638373b),
('jsebtms03vb9lthabftn61kvc20hl6vg', '::1', 1559850550, 0x5f5f63695f6c6173745f726567656e65726174657c693a313535393835303336333b6e6f6d657c733a31353a2241726d616e646f2041726c696e646f223b61627265765f64697265636f65737c733a333a22444146223b61627265765f646570617274616d656e746f737c613a323a7b733a343a22636f6465223b693a303b733a373a226d657373616765223b733a303a22223b7d61627265765f72657061727469636f65737c613a323a7b733a343a22636f6465223b693a303b733a373a226d657373616765223b733a303a22223b7d6e6f6d655f64697265636f65737c733a34303a2244697265c3a7c3a36f2064652041646d696e6973747261c3a7c3a36f20652046696e616ec3a76173223b6e6f6d655f646570617274616d656e746f737c613a323a7b733a343a22636f6465223b693a303b733a373a226d657373616765223b733a303a22223b7d6e6f6d655f72657061727469636f65737c613a323a7b733a343a22636f6465223b693a303b733a373a226d657373616765223b733a303a22223b7d6c6f63616c5f64697265636f65737c733a313a2239223b6c6f63616c5f646570617274616d656e746f737c733a313a2230223b6c6f63616c5f72657061727469636f65737c733a313a2230223b656d61696c7c733a31393a22616d61766965406d697361752e676f762e6d7a223b69647c733a313a2231223b7065726d697373616f7c733a313a2231223b6c6f6761646f7c623a313b),
('1lrmr0jrokr5bevoj6696b2bul6vdug3', '::1', 1559850955, 0x5f5f63695f6c6173745f726567656e65726174657c693a313535393835303732323b6e6f6d657c733a31353a2241726d616e646f2041726c696e646f223b61627265765f64697265636f65737c733a333a22444146223b61627265765f646570617274616d656e746f737c613a323a7b733a343a22636f6465223b693a303b733a373a226d657373616765223b733a303a22223b7d61627265765f72657061727469636f65737c613a323a7b733a343a22636f6465223b693a303b733a373a226d657373616765223b733a303a22223b7d6e6f6d655f64697265636f65737c733a34303a2244697265c3a7c3a36f2064652041646d696e6973747261c3a7c3a36f20652046696e616ec3a76173223b6e6f6d655f646570617274616d656e746f737c613a323a7b733a343a22636f6465223b693a303b733a373a226d657373616765223b733a303a22223b7d6e6f6d655f72657061727469636f65737c613a323a7b733a343a22636f6465223b693a303b733a373a226d657373616765223b733a303a22223b7d6c6f63616c5f64697265636f65737c733a313a2239223b6c6f63616c5f646570617274616d656e746f737c733a313a2230223b6c6f63616c5f72657061727469636f65737c733a313a2230223b656d61696c7c733a31393a22616d61766965406d697361752e676f762e6d7a223b69647c733a313a2231223b7065726d697373616f7c733a313a2231223b6c6f6761646f7c623a313b),
('ca84u61nu0aa4i32a8k27usupiqnupel', '::1', 1559851432, 0x5f5f63695f6c6173745f726567656e65726174657c693a313535393835313133343b6e6f6d657c733a31353a2241726d616e646f2041726c696e646f223b61627265765f64697265636f65737c733a333a22444146223b61627265765f646570617274616d656e746f737c613a323a7b733a343a22636f6465223b693a303b733a373a226d657373616765223b733a303a22223b7d61627265765f72657061727469636f65737c613a323a7b733a343a22636f6465223b693a303b733a373a226d657373616765223b733a303a22223b7d6e6f6d655f64697265636f65737c733a34303a2244697265c3a7c3a36f2064652041646d696e6973747261c3a7c3a36f20652046696e616ec3a76173223b6e6f6d655f646570617274616d656e746f737c613a323a7b733a343a22636f6465223b693a303b733a373a226d657373616765223b733a303a22223b7d6e6f6d655f72657061727469636f65737c613a323a7b733a343a22636f6465223b693a303b733a373a226d657373616765223b733a303a22223b7d6c6f63616c5f64697265636f65737c733a313a2239223b6c6f63616c5f646570617274616d656e746f737c733a313a2230223b6c6f63616c5f72657061727469636f65737c733a313a2230223b656d61696c7c733a31393a22616d61766965406d697361752e676f762e6d7a223b69647c733a313a2231223b7065726d697373616f7c733a313a2231223b6c6f6761646f7c623a313b),
('7hh8fl0b2vok4qcsrtlui84tfa2k20lc', '::1', 1559851692, 0x5f5f63695f6c6173745f726567656e65726174657c693a313535393835313436373b6e6f6d657c733a31353a2241726d616e646f2041726c696e646f223b61627265765f64697265636f65737c733a333a22444146223b61627265765f646570617274616d656e746f737c613a323a7b733a343a22636f6465223b693a303b733a373a226d657373616765223b733a303a22223b7d61627265765f72657061727469636f65737c613a323a7b733a343a22636f6465223b693a303b733a373a226d657373616765223b733a303a22223b7d6e6f6d655f64697265636f65737c733a34303a2244697265c3a7c3a36f2064652041646d696e6973747261c3a7c3a36f20652046696e616ec3a76173223b6e6f6d655f646570617274616d656e746f737c613a323a7b733a343a22636f6465223b693a303b733a373a226d657373616765223b733a303a22223b7d6e6f6d655f72657061727469636f65737c613a323a7b733a343a22636f6465223b693a303b733a373a226d657373616765223b733a303a22223b7d6c6f63616c5f64697265636f65737c733a313a2239223b6c6f63616c5f646570617274616d656e746f737c733a313a2230223b6c6f63616c5f72657061727469636f65737c733a313a2230223b656d61696c7c733a31393a22616d61766965406d697361752e676f762e6d7a223b69647c733a313a2231223b7065726d697373616f7c733a313a2231223b6c6f6761646f7c623a313b),
('ck63r4n8j4urk5520n6ns1taq1pggb2e', '::1', 1559851873, 0x5f5f63695f6c6173745f726567656e65726174657c693a313535393835313736383b6e6f6d657c733a31353a2241726d616e646f2041726c696e646f223b61627265765f64697265636f65737c733a333a22444146223b61627265765f646570617274616d656e746f737c613a323a7b733a343a22636f6465223b693a303b733a373a226d657373616765223b733a303a22223b7d61627265765f72657061727469636f65737c613a323a7b733a343a22636f6465223b693a303b733a373a226d657373616765223b733a303a22223b7d6e6f6d655f64697265636f65737c733a34303a2244697265c3a7c3a36f2064652041646d696e6973747261c3a7c3a36f20652046696e616ec3a76173223b6e6f6d655f646570617274616d656e746f737c613a323a7b733a343a22636f6465223b693a303b733a373a226d657373616765223b733a303a22223b7d6e6f6d655f72657061727469636f65737c613a323a7b733a343a22636f6465223b693a303b733a373a226d657373616765223b733a303a22223b7d6c6f63616c5f64697265636f65737c733a313a2239223b6c6f63616c5f646570617274616d656e746f737c733a313a2230223b6c6f63616c5f72657061727469636f65737c733a313a2230223b656d61696c7c733a31393a22616d61766965406d697361752e676f762e6d7a223b69647c733a313a2231223b7065726d697373616f7c733a313a2231223b6c6f6761646f7c623a313b737563636573737c733a34343a2250726f76696e69656e6369612045787465726e61206361646173747261646120636f6d207375636573736f21223b5f5f63695f766172737c613a313a7b733a373a2273756363657373223b733a333a226f6c64223b7d),
('75jdtpes88ml71rc61slqa6jv4836td6', '::1', 1559852356, 0x5f5f63695f6c6173745f726567656e65726174657c693a313535393835323136343b6e6f6d657c733a31353a2241726d616e646f2041726c696e646f223b61627265765f64697265636f65737c733a333a22444146223b61627265765f646570617274616d656e746f737c613a323a7b733a343a22636f6465223b693a303b733a373a226d657373616765223b733a303a22223b7d61627265765f72657061727469636f65737c613a323a7b733a343a22636f6465223b693a303b733a373a226d657373616765223b733a303a22223b7d6e6f6d655f64697265636f65737c733a34303a2244697265c3a7c3a36f2064652041646d696e6973747261c3a7c3a36f20652046696e616ec3a76173223b6e6f6d655f646570617274616d656e746f737c613a323a7b733a343a22636f6465223b693a303b733a373a226d657373616765223b733a303a22223b7d6e6f6d655f72657061727469636f65737c613a323a7b733a343a22636f6465223b693a303b733a373a226d657373616765223b733a303a22223b7d6c6f63616c5f64697265636f65737c733a313a2239223b6c6f63616c5f646570617274616d656e746f737c733a313a2230223b6c6f63616c5f72657061727469636f65737c733a313a2230223b656d61696c7c733a31393a22616d61766965406d697361752e676f762e6d7a223b69647c733a313a2231223b7065726d697373616f7c733a313a2231223b6c6f6761646f7c623a313b),
('3nf892hr5lpo9ie13dh6tusesbm89mvv', '::1', 1559852913, 0x5f5f63695f6c6173745f726567656e65726174657c693a313535393835323632303b6e6f6d657c733a31353a2241726d616e646f2041726c696e646f223b61627265765f64697265636f65737c733a333a22444146223b61627265765f646570617274616d656e746f737c613a323a7b733a343a22636f6465223b693a303b733a373a226d657373616765223b733a303a22223b7d61627265765f72657061727469636f65737c613a323a7b733a343a22636f6465223b693a303b733a373a226d657373616765223b733a303a22223b7d6e6f6d655f64697265636f65737c733a34303a2244697265c3a7c3a36f2064652041646d696e6973747261c3a7c3a36f20652046696e616ec3a76173223b6e6f6d655f646570617274616d656e746f737c613a323a7b733a343a22636f6465223b693a303b733a373a226d657373616765223b733a303a22223b7d6e6f6d655f72657061727469636f65737c613a323a7b733a343a22636f6465223b693a303b733a373a226d657373616765223b733a303a22223b7d6c6f63616c5f64697265636f65737c733a313a2239223b6c6f63616c5f646570617274616d656e746f737c733a313a2230223b6c6f63616c5f72657061727469636f65737c733a313a2230223b656d61696c7c733a31393a22616d61766965406d697361752e676f762e6d7a223b69647c733a313a2231223b7065726d697373616f7c733a313a2231223b6c6f6761646f7c623a313b);
INSERT INTO `ci_sessions` (`id`, `ip_address`, `timestamp`, `data`) VALUES
('dj46tdqqa0la9kgtua0mk1rdvlbi172m', '::1', 1559853217, 0x5f5f63695f6c6173745f726567656e65726174657c693a313535393835323936353b6e6f6d657c733a31353a2241726d616e646f2041726c696e646f223b61627265765f64697265636f65737c733a333a22444146223b61627265765f646570617274616d656e746f737c613a323a7b733a343a22636f6465223b693a303b733a373a226d657373616765223b733a303a22223b7d61627265765f72657061727469636f65737c613a323a7b733a343a22636f6465223b693a303b733a373a226d657373616765223b733a303a22223b7d6e6f6d655f64697265636f65737c733a34303a2244697265c3a7c3a36f2064652041646d696e6973747261c3a7c3a36f20652046696e616ec3a76173223b6e6f6d655f646570617274616d656e746f737c613a323a7b733a343a22636f6465223b693a303b733a373a226d657373616765223b733a303a22223b7d6e6f6d655f72657061727469636f65737c613a323a7b733a343a22636f6465223b693a303b733a373a226d657373616765223b733a303a22223b7d6c6f63616c5f64697265636f65737c733a313a2239223b6c6f63616c5f646570617274616d656e746f737c733a313a2230223b6c6f63616c5f72657061727469636f65737c733a313a2230223b656d61696c7c733a31393a22616d61766965406d697361752e676f762e6d7a223b69647c733a313a2231223b7065726d697373616f7c733a313a2231223b6c6f6761646f7c623a313b),
('n32d1265h0o9mlpgilp1k4qfjh2e55u4', '::1', 1559853609, 0x5f5f63695f6c6173745f726567656e65726174657c693a313535393835333333343b6e6f6d657c733a31353a2241726d616e646f2041726c696e646f223b61627265765f64697265636f65737c733a333a22444146223b61627265765f646570617274616d656e746f737c613a323a7b733a343a22636f6465223b693a303b733a373a226d657373616765223b733a303a22223b7d61627265765f72657061727469636f65737c613a323a7b733a343a22636f6465223b693a303b733a373a226d657373616765223b733a303a22223b7d6e6f6d655f64697265636f65737c733a34303a2244697265c3a7c3a36f2064652041646d696e6973747261c3a7c3a36f20652046696e616ec3a76173223b6e6f6d655f646570617274616d656e746f737c613a323a7b733a343a22636f6465223b693a303b733a373a226d657373616765223b733a303a22223b7d6e6f6d655f72657061727469636f65737c613a323a7b733a343a22636f6465223b693a303b733a373a226d657373616765223b733a303a22223b7d6c6f63616c5f64697265636f65737c733a313a2239223b6c6f63616c5f646570617274616d656e746f737c733a313a2230223b6c6f63616c5f72657061727469636f65737c733a313a2230223b656d61696c7c733a31393a22616d61766965406d697361752e676f762e6d7a223b69647c733a313a2231223b7065726d697373616f7c733a313a2231223b6c6f6761646f7c623a313b),
('9qrjufp78dc5o0189g006g925qsu44bu', '::1', 1559853942, 0x5f5f63695f6c6173745f726567656e65726174657c693a313535393835333637353b6e6f6d657c733a31353a2241726d616e646f2041726c696e646f223b61627265765f64697265636f65737c733a333a22444146223b61627265765f646570617274616d656e746f737c613a323a7b733a343a22636f6465223b693a303b733a373a226d657373616765223b733a303a22223b7d61627265765f72657061727469636f65737c613a323a7b733a343a22636f6465223b693a303b733a373a226d657373616765223b733a303a22223b7d6e6f6d655f64697265636f65737c733a34303a2244697265c3a7c3a36f2064652041646d696e6973747261c3a7c3a36f20652046696e616ec3a76173223b6e6f6d655f646570617274616d656e746f737c613a323a7b733a343a22636f6465223b693a303b733a373a226d657373616765223b733a303a22223b7d6e6f6d655f72657061727469636f65737c613a323a7b733a343a22636f6465223b693a303b733a373a226d657373616765223b733a303a22223b7d6c6f63616c5f64697265636f65737c733a313a2239223b6c6f63616c5f646570617274616d656e746f737c733a313a2230223b6c6f63616c5f72657061727469636f65737c733a313a2230223b656d61696c7c733a31393a22616d61766965406d697361752e676f762e6d7a223b69647c733a313a2231223b7065726d697373616f7c733a313a2231223b6c6f6761646f7c623a313b),
('hba4at70ju3apncm5qpr2894kini0hsr', '::1', 1559854233, 0x5f5f63695f6c6173745f726567656e65726174657c693a313535393835333939333b6e6f6d657c733a31353a2241726d616e646f2041726c696e646f223b61627265765f64697265636f65737c733a333a22444146223b61627265765f646570617274616d656e746f737c613a323a7b733a343a22636f6465223b693a303b733a373a226d657373616765223b733a303a22223b7d61627265765f72657061727469636f65737c613a323a7b733a343a22636f6465223b693a303b733a373a226d657373616765223b733a303a22223b7d6e6f6d655f64697265636f65737c733a34303a2244697265c3a7c3a36f2064652041646d696e6973747261c3a7c3a36f20652046696e616ec3a76173223b6e6f6d655f646570617274616d656e746f737c613a323a7b733a343a22636f6465223b693a303b733a373a226d657373616765223b733a303a22223b7d6e6f6d655f72657061727469636f65737c613a323a7b733a343a22636f6465223b693a303b733a373a226d657373616765223b733a303a22223b7d6c6f63616c5f64697265636f65737c733a313a2239223b6c6f63616c5f646570617274616d656e746f737c733a313a2230223b6c6f63616c5f72657061727469636f65737c733a313a2230223b656d61696c7c733a31393a22616d61766965406d697361752e676f762e6d7a223b69647c733a313a2231223b7065726d697373616f7c733a313a2231223b6c6f6761646f7c623a313b),
('fqvhp3mu8p4v7lnufot8utv5j5kcortk', '::1', 1559854622, 0x5f5f63695f6c6173745f726567656e65726174657c693a313535393835343332323b6e6f6d657c733a31353a2241726d616e646f2041726c696e646f223b61627265765f64697265636f65737c733a333a22444146223b61627265765f646570617274616d656e746f737c613a323a7b733a343a22636f6465223b693a303b733a373a226d657373616765223b733a303a22223b7d61627265765f72657061727469636f65737c613a323a7b733a343a22636f6465223b693a303b733a373a226d657373616765223b733a303a22223b7d6e6f6d655f64697265636f65737c733a34303a2244697265c3a7c3a36f2064652041646d696e6973747261c3a7c3a36f20652046696e616ec3a76173223b6e6f6d655f646570617274616d656e746f737c613a323a7b733a343a22636f6465223b693a303b733a373a226d657373616765223b733a303a22223b7d6e6f6d655f72657061727469636f65737c613a323a7b733a343a22636f6465223b693a303b733a373a226d657373616765223b733a303a22223b7d6c6f63616c5f64697265636f65737c733a313a2239223b6c6f63616c5f646570617274616d656e746f737c733a313a2230223b6c6f63616c5f72657061727469636f65737c733a313a2230223b656d61696c7c733a31393a22616d61766965406d697361752e676f762e6d7a223b69647c733a313a2231223b7065726d697373616f7c733a313a2231223b6c6f6761646f7c623a313b),
('6f3ormmg2615f9546rpcjhea3kr6cc1t', '::1', 1559854905, 0x5f5f63695f6c6173745f726567656e65726174657c693a313535393835343632353b6e6f6d657c733a31353a2241726d616e646f2041726c696e646f223b61627265765f64697265636f65737c733a333a22444146223b61627265765f646570617274616d656e746f737c613a323a7b733a343a22636f6465223b693a303b733a373a226d657373616765223b733a303a22223b7d61627265765f72657061727469636f65737c613a323a7b733a343a22636f6465223b693a303b733a373a226d657373616765223b733a303a22223b7d6e6f6d655f64697265636f65737c733a34303a2244697265c3a7c3a36f2064652041646d696e6973747261c3a7c3a36f20652046696e616ec3a76173223b6e6f6d655f646570617274616d656e746f737c613a323a7b733a343a22636f6465223b693a303b733a373a226d657373616765223b733a303a22223b7d6e6f6d655f72657061727469636f65737c613a323a7b733a343a22636f6465223b693a303b733a373a226d657373616765223b733a303a22223b7d6c6f63616c5f64697265636f65737c733a313a2239223b6c6f63616c5f646570617274616d656e746f737c733a313a2230223b6c6f63616c5f72657061727469636f65737c733a313a2230223b656d61696c7c733a31393a22616d61766965406d697361752e676f762e6d7a223b69647c733a313a2231223b7065726d697373616f7c733a313a2231223b6c6f6761646f7c623a313b),
('93df3ik564dmjsnvq669lqa0q46ijieu', '::1', 1559855184, 0x5f5f63695f6c6173745f726567656e65726174657c693a313535393835343932373b6e6f6d657c733a31353a2241726d616e646f2041726c696e646f223b61627265765f64697265636f65737c733a333a22444146223b61627265765f646570617274616d656e746f737c613a323a7b733a343a22636f6465223b693a303b733a373a226d657373616765223b733a303a22223b7d61627265765f72657061727469636f65737c613a323a7b733a343a22636f6465223b693a303b733a373a226d657373616765223b733a303a22223b7d6e6f6d655f64697265636f65737c733a34303a2244697265c3a7c3a36f2064652041646d696e6973747261c3a7c3a36f20652046696e616ec3a76173223b6e6f6d655f646570617274616d656e746f737c613a323a7b733a343a22636f6465223b693a303b733a373a226d657373616765223b733a303a22223b7d6e6f6d655f72657061727469636f65737c613a323a7b733a343a22636f6465223b693a303b733a373a226d657373616765223b733a303a22223b7d6c6f63616c5f64697265636f65737c733a313a2239223b6c6f63616c5f646570617274616d656e746f737c733a313a2230223b6c6f63616c5f72657061727469636f65737c733a313a2230223b656d61696c7c733a31393a22616d61766965406d697361752e676f762e6d7a223b69647c733a313a2231223b7065726d697373616f7c733a313a2231223b6c6f6761646f7c623a313b),
('fd77s7sb99cgjdoic7ngso179gqhqfuo', '::1', 1559855696, 0x5f5f63695f6c6173745f726567656e65726174657c693a313535393835353435323b6e6f6d657c733a31353a2241726d616e646f2041726c696e646f223b61627265765f64697265636f65737c733a333a22444146223b61627265765f646570617274616d656e746f737c613a323a7b733a343a22636f6465223b693a303b733a373a226d657373616765223b733a303a22223b7d61627265765f72657061727469636f65737c613a323a7b733a343a22636f6465223b693a303b733a373a226d657373616765223b733a303a22223b7d6e6f6d655f64697265636f65737c733a34303a2244697265c3a7c3a36f2064652041646d696e6973747261c3a7c3a36f20652046696e616ec3a76173223b6e6f6d655f646570617274616d656e746f737c613a323a7b733a343a22636f6465223b693a303b733a373a226d657373616765223b733a303a22223b7d6e6f6d655f72657061727469636f65737c613a323a7b733a343a22636f6465223b693a303b733a373a226d657373616765223b733a303a22223b7d6c6f63616c5f64697265636f65737c733a313a2239223b6c6f63616c5f646570617274616d656e746f737c733a313a2230223b6c6f63616c5f72657061727469636f65737c733a313a2230223b656d61696c7c733a31393a22616d61766965406d697361752e676f762e6d7a223b69647c733a313a2231223b7065726d697373616f7c733a313a2231223b6c6f6761646f7c623a313b),
('jh1lpvj2jsrl982l2fmf493q4r7l4256', '::1', 1559856040, 0x5f5f63695f6c6173745f726567656e65726174657c693a313535393835353737323b6e6f6d657c733a31353a2241726d616e646f2041726c696e646f223b61627265765f64697265636f65737c733a333a22444146223b61627265765f646570617274616d656e746f737c613a323a7b733a343a22636f6465223b693a303b733a373a226d657373616765223b733a303a22223b7d61627265765f72657061727469636f65737c613a323a7b733a343a22636f6465223b693a303b733a373a226d657373616765223b733a303a22223b7d6e6f6d655f64697265636f65737c733a34303a2244697265c3a7c3a36f2064652041646d696e6973747261c3a7c3a36f20652046696e616ec3a76173223b6e6f6d655f646570617274616d656e746f737c613a323a7b733a343a22636f6465223b693a303b733a373a226d657373616765223b733a303a22223b7d6e6f6d655f72657061727469636f65737c613a323a7b733a343a22636f6465223b693a303b733a373a226d657373616765223b733a303a22223b7d6c6f63616c5f64697265636f65737c733a313a2239223b6c6f63616c5f646570617274616d656e746f737c733a313a2230223b6c6f63616c5f72657061727469636f65737c733a313a2230223b656d61696c7c733a31393a22616d61766965406d697361752e676f762e6d7a223b69647c733a313a2231223b7065726d697373616f7c733a313a2231223b6c6f6761646f7c623a313b),
('pi75pvtrbga9k1qacumnb7u0hlec8uls', '::1', 1559856233, 0x5f5f63695f6c6173745f726567656e65726174657c693a313535393835363232313b6e6f6d657c733a31353a2241726d616e646f2041726c696e646f223b61627265765f64697265636f65737c733a333a22444146223b61627265765f646570617274616d656e746f737c613a323a7b733a343a22636f6465223b693a303b733a373a226d657373616765223b733a303a22223b7d61627265765f72657061727469636f65737c613a323a7b733a343a22636f6465223b693a303b733a373a226d657373616765223b733a303a22223b7d6e6f6d655f64697265636f65737c733a34303a2244697265c3a7c3a36f2064652041646d696e6973747261c3a7c3a36f20652046696e616ec3a76173223b6e6f6d655f646570617274616d656e746f737c613a323a7b733a343a22636f6465223b693a303b733a373a226d657373616765223b733a303a22223b7d6e6f6d655f72657061727469636f65737c613a323a7b733a343a22636f6465223b693a303b733a373a226d657373616765223b733a303a22223b7d6c6f63616c5f64697265636f65737c733a313a2239223b6c6f63616c5f646570617274616d656e746f737c733a313a2230223b6c6f63616c5f72657061727469636f65737c733a313a2230223b656d61696c7c733a31393a22616d61766965406d697361752e676f762e6d7a223b69647c733a313a2231223b7065726d697373616f7c733a313a2231223b6c6f6761646f7c623a313b),
('p2p4kks5j88hmkqluhjia6bca1blmg5u', '::1', 1559856589, 0x5f5f63695f6c6173745f726567656e65726174657c693a313535393835363538363b6e6f6d657c733a31353a2241726d616e646f2041726c696e646f223b61627265765f64697265636f65737c733a333a22444146223b61627265765f646570617274616d656e746f737c613a323a7b733a343a22636f6465223b693a303b733a373a226d657373616765223b733a303a22223b7d61627265765f72657061727469636f65737c613a323a7b733a343a22636f6465223b693a303b733a373a226d657373616765223b733a303a22223b7d6e6f6d655f64697265636f65737c733a34303a2244697265c3a7c3a36f2064652041646d696e6973747261c3a7c3a36f20652046696e616ec3a76173223b6e6f6d655f646570617274616d656e746f737c613a323a7b733a343a22636f6465223b693a303b733a373a226d657373616765223b733a303a22223b7d6e6f6d655f72657061727469636f65737c613a323a7b733a343a22636f6465223b693a303b733a373a226d657373616765223b733a303a22223b7d6c6f63616c5f64697265636f65737c733a313a2239223b6c6f63616c5f646570617274616d656e746f737c733a313a2230223b6c6f63616c5f72657061727469636f65737c733a313a2230223b656d61696c7c733a31393a22616d61766965406d697361752e676f762e6d7a223b69647c733a313a2231223b7065726d697373616f7c733a313a2231223b6c6f6761646f7c623a313b),
('t53g4kusevin3imi58deppom9r2oijgh', '::1', 1559857252, 0x5f5f63695f6c6173745f726567656e65726174657c693a313535393835373032373b6e6f6d657c733a31353a2241726d616e646f2041726c696e646f223b61627265765f64697265636f65737c733a333a22444146223b61627265765f646570617274616d656e746f737c613a323a7b733a343a22636f6465223b693a303b733a373a226d657373616765223b733a303a22223b7d61627265765f72657061727469636f65737c613a323a7b733a343a22636f6465223b693a303b733a373a226d657373616765223b733a303a22223b7d6e6f6d655f64697265636f65737c733a34303a2244697265c3a7c3a36f2064652041646d696e6973747261c3a7c3a36f20652046696e616ec3a76173223b6e6f6d655f646570617274616d656e746f737c613a323a7b733a343a22636f6465223b693a303b733a373a226d657373616765223b733a303a22223b7d6e6f6d655f72657061727469636f65737c613a323a7b733a343a22636f6465223b693a303b733a373a226d657373616765223b733a303a22223b7d6c6f63616c5f64697265636f65737c733a313a2239223b6c6f63616c5f646570617274616d656e746f737c733a313a2230223b6c6f63616c5f72657061727469636f65737c733a313a2230223b656d61696c7c733a31393a22616d61766965406d697361752e676f762e6d7a223b69647c733a313a2231223b7065726d697373616f7c733a313a2231223b6c6f6761646f7c623a313b),
('1p9d7bo3s18uqe43i88hlqnu0oou27ea', '::1', 1559857857, 0x5f5f63695f6c6173745f726567656e65726174657c693a313535393835373537353b6e6f6d657c733a31353a2241726d616e646f2041726c696e646f223b61627265765f64697265636f65737c733a333a22444146223b61627265765f646570617274616d656e746f737c613a323a7b733a343a22636f6465223b693a303b733a373a226d657373616765223b733a303a22223b7d61627265765f72657061727469636f65737c613a323a7b733a343a22636f6465223b693a303b733a373a226d657373616765223b733a303a22223b7d6e6f6d655f64697265636f65737c733a34303a2244697265c3a7c3a36f2064652041646d696e6973747261c3a7c3a36f20652046696e616ec3a76173223b6e6f6d655f646570617274616d656e746f737c613a323a7b733a343a22636f6465223b693a303b733a373a226d657373616765223b733a303a22223b7d6e6f6d655f72657061727469636f65737c613a323a7b733a343a22636f6465223b693a303b733a373a226d657373616765223b733a303a22223b7d6c6f63616c5f64697265636f65737c733a313a2239223b6c6f63616c5f646570617274616d656e746f737c733a313a2230223b6c6f63616c5f72657061727469636f65737c733a313a2230223b656d61696c7c733a31393a22616d61766965406d697361752e676f762e6d7a223b69647c733a313a2231223b7065726d697373616f7c733a313a2231223b6c6f6761646f7c623a313b),
('1qhc4oqiasacv63avgqjttdns7mgmfuh', '::1', 1559858132, 0x5f5f63695f6c6173745f726567656e65726174657c693a313535393835373837393b6e6f6d657c733a31353a2241726d616e646f2041726c696e646f223b61627265765f64697265636f65737c733a333a22444146223b61627265765f646570617274616d656e746f737c613a323a7b733a343a22636f6465223b693a303b733a373a226d657373616765223b733a303a22223b7d61627265765f72657061727469636f65737c613a323a7b733a343a22636f6465223b693a303b733a373a226d657373616765223b733a303a22223b7d6e6f6d655f64697265636f65737c733a34303a2244697265c3a7c3a36f2064652041646d696e6973747261c3a7c3a36f20652046696e616ec3a76173223b6e6f6d655f646570617274616d656e746f737c613a323a7b733a343a22636f6465223b693a303b733a373a226d657373616765223b733a303a22223b7d6e6f6d655f72657061727469636f65737c613a323a7b733a343a22636f6465223b693a303b733a373a226d657373616765223b733a303a22223b7d6c6f63616c5f64697265636f65737c733a313a2239223b6c6f63616c5f646570617274616d656e746f737c733a313a2230223b6c6f63616c5f72657061727469636f65737c733a313a2230223b656d61696c7c733a31393a22616d61766965406d697361752e676f762e6d7a223b69647c733a313a2231223b7065726d697373616f7c733a313a2231223b6c6f6761646f7c623a313b),
('uhcaq7g0ar2er18cjismce5vpsoe6f13', '::1', 1559858471, 0x5f5f63695f6c6173745f726567656e65726174657c693a313535393835383139323b6e6f6d657c733a31353a2241726d616e646f2041726c696e646f223b61627265765f64697265636f65737c733a333a22444146223b61627265765f646570617274616d656e746f737c613a323a7b733a343a22636f6465223b693a303b733a373a226d657373616765223b733a303a22223b7d61627265765f72657061727469636f65737c613a323a7b733a343a22636f6465223b693a303b733a373a226d657373616765223b733a303a22223b7d6e6f6d655f64697265636f65737c733a34303a2244697265c3a7c3a36f2064652041646d696e6973747261c3a7c3a36f20652046696e616ec3a76173223b6e6f6d655f646570617274616d656e746f737c613a323a7b733a343a22636f6465223b693a303b733a373a226d657373616765223b733a303a22223b7d6e6f6d655f72657061727469636f65737c613a323a7b733a343a22636f6465223b693a303b733a373a226d657373616765223b733a303a22223b7d6c6f63616c5f64697265636f65737c733a313a2239223b6c6f63616c5f646570617274616d656e746f737c733a313a2230223b6c6f63616c5f72657061727469636f65737c733a313a2230223b656d61696c7c733a31393a22616d61766965406d697361752e676f762e6d7a223b69647c733a313a2231223b7065726d697373616f7c733a313a2231223b6c6f6761646f7c623a313b),
('t4q920s9k7tbfogck8ei38g5bc1vvtsv', '::1', 1559858809, 0x5f5f63695f6c6173745f726567656e65726174657c693a313535393835383535353b6e6f6d657c733a31353a2241726d616e646f2041726c696e646f223b61627265765f64697265636f65737c733a333a22444146223b61627265765f646570617274616d656e746f737c613a323a7b733a343a22636f6465223b693a303b733a373a226d657373616765223b733a303a22223b7d61627265765f72657061727469636f65737c613a323a7b733a343a22636f6465223b693a303b733a373a226d657373616765223b733a303a22223b7d6e6f6d655f64697265636f65737c733a34303a2244697265c3a7c3a36f2064652041646d696e6973747261c3a7c3a36f20652046696e616ec3a76173223b6e6f6d655f646570617274616d656e746f737c613a323a7b733a343a22636f6465223b693a303b733a373a226d657373616765223b733a303a22223b7d6e6f6d655f72657061727469636f65737c613a323a7b733a343a22636f6465223b693a303b733a373a226d657373616765223b733a303a22223b7d6c6f63616c5f64697265636f65737c733a313a2239223b6c6f63616c5f646570617274616d656e746f737c733a313a2230223b6c6f63616c5f72657061727469636f65737c733a313a2230223b656d61696c7c733a31393a22616d61766965406d697361752e676f762e6d7a223b69647c733a313a2231223b7065726d697373616f7c733a313a2231223b6c6f6761646f7c623a313b),
('vcbe9puest05jt05s495monugilr6h07', '::1', 1559859271, 0x5f5f63695f6c6173745f726567656e65726174657c693a313535393835393035313b6e6f6d657c733a31353a2241726d616e646f2041726c696e646f223b61627265765f64697265636f65737c733a333a22444146223b61627265765f646570617274616d656e746f737c613a323a7b733a343a22636f6465223b693a303b733a373a226d657373616765223b733a303a22223b7d61627265765f72657061727469636f65737c613a323a7b733a343a22636f6465223b693a303b733a373a226d657373616765223b733a303a22223b7d6e6f6d655f64697265636f65737c733a34303a2244697265c3a7c3a36f2064652041646d696e6973747261c3a7c3a36f20652046696e616ec3a76173223b6e6f6d655f646570617274616d656e746f737c613a323a7b733a343a22636f6465223b693a303b733a373a226d657373616765223b733a303a22223b7d6e6f6d655f72657061727469636f65737c613a323a7b733a343a22636f6465223b693a303b733a373a226d657373616765223b733a303a22223b7d6c6f63616c5f64697265636f65737c733a313a2239223b6c6f63616c5f646570617274616d656e746f737c733a313a2230223b6c6f63616c5f72657061727469636f65737c733a313a2230223b656d61696c7c733a31393a22616d61766965406d697361752e676f762e6d7a223b69647c733a313a2231223b7065726d697373616f7c733a313a2231223b6c6f6761646f7c623a313b),
('mrfv9vp393soq2r17i2hsmtt6oqqu5bv', '127.0.0.1', 1559890366, 0x5f5f63695f6c6173745f726567656e65726174657c693a313535393839303335383b6e6f6d657c733a31353a2241726d616e646f2041726c696e646f223b61627265765f64697265636f65737c733a333a22444146223b61627265765f646570617274616d656e746f737c613a323a7b733a343a22636f6465223b693a303b733a373a226d657373616765223b733a303a22223b7d61627265765f72657061727469636f65737c613a323a7b733a343a22636f6465223b693a303b733a373a226d657373616765223b733a303a22223b7d6e6f6d655f64697265636f65737c733a34303a2244697265c3a7c3a36f2064652041646d696e6973747261c3a7c3a36f20652046696e616ec3a76173223b6e6f6d655f646570617274616d656e746f737c613a323a7b733a343a22636f6465223b693a303b733a373a226d657373616765223b733a303a22223b7d6e6f6d655f72657061727469636f65737c613a323a7b733a343a22636f6465223b693a303b733a373a226d657373616765223b733a303a22223b7d6c6f63616c5f64697265636f65737c733a313a2239223b6c6f63616c5f646570617274616d656e746f737c733a313a2230223b6c6f63616c5f72657061727469636f65737c733a313a2230223b656d61696c7c733a31393a22616d61766965406d697361752e676f762e6d7a223b69647c733a313a2231223b7065726d697373616f7c733a313a2231223b6c6f6761646f7c623a313b),
('83qc2kmt2pmfu0sm7qic912347p8hpi1', '127.0.0.1', 1559891027, 0x5f5f63695f6c6173745f726567656e65726174657c693a313535393839303735333b6e6f6d657c733a31353a2241726d616e646f2041726c696e646f223b61627265765f64697265636f65737c733a333a22444146223b61627265765f646570617274616d656e746f737c613a323a7b733a343a22636f6465223b693a303b733a373a226d657373616765223b733a303a22223b7d61627265765f72657061727469636f65737c613a323a7b733a343a22636f6465223b693a303b733a373a226d657373616765223b733a303a22223b7d6e6f6d655f64697265636f65737c733a34303a2244697265c3a7c3a36f2064652041646d696e6973747261c3a7c3a36f20652046696e616ec3a76173223b6e6f6d655f646570617274616d656e746f737c613a323a7b733a343a22636f6465223b693a303b733a373a226d657373616765223b733a303a22223b7d6e6f6d655f72657061727469636f65737c613a323a7b733a343a22636f6465223b693a303b733a373a226d657373616765223b733a303a22223b7d6c6f63616c5f64697265636f65737c733a313a2239223b6c6f63616c5f646570617274616d656e746f737c733a313a2230223b6c6f63616c5f72657061727469636f65737c733a313a2230223b656d61696c7c733a31393a22616d61766965406d697361752e676f762e6d7a223b69647c733a313a2231223b7065726d697373616f7c733a313a2231223b6c6f6761646f7c623a313b),
('f3p5srnljt5blsme3321kehrmhg2a8lp', '127.0.0.1', 1559891519, 0x5f5f63695f6c6173745f726567656e65726174657c693a313535393839313139383b6e6f6d657c733a31353a2241726d616e646f2041726c696e646f223b61627265765f64697265636f65737c733a333a22444146223b61627265765f646570617274616d656e746f737c613a323a7b733a343a22636f6465223b693a303b733a373a226d657373616765223b733a303a22223b7d61627265765f72657061727469636f65737c613a323a7b733a343a22636f6465223b693a303b733a373a226d657373616765223b733a303a22223b7d6e6f6d655f64697265636f65737c733a34303a2244697265c3a7c3a36f2064652041646d696e6973747261c3a7c3a36f20652046696e616ec3a76173223b6e6f6d655f646570617274616d656e746f737c613a323a7b733a343a22636f6465223b693a303b733a373a226d657373616765223b733a303a22223b7d6e6f6d655f72657061727469636f65737c613a323a7b733a343a22636f6465223b693a303b733a373a226d657373616765223b733a303a22223b7d6c6f63616c5f64697265636f65737c733a313a2239223b6c6f63616c5f646570617274616d656e746f737c733a313a2230223b6c6f63616c5f72657061727469636f65737c733a313a2230223b656d61696c7c733a31393a22616d61766965406d697361752e676f762e6d7a223b69647c733a313a2231223b7065726d697373616f7c733a313a2231223b6c6f6761646f7c623a313b),
('q2j8g2qs8au1au0jj3keql11ko00m2ap', '127.0.0.1', 1559891531, 0x5f5f63695f6c6173745f726567656e65726174657c693a313535393839313533313b6e6f6d657c733a31353a2241726d616e646f2041726c696e646f223b61627265765f64697265636f65737c733a333a22444146223b61627265765f646570617274616d656e746f737c613a323a7b733a343a22636f6465223b693a303b733a373a226d657373616765223b733a303a22223b7d61627265765f72657061727469636f65737c613a323a7b733a343a22636f6465223b693a303b733a373a226d657373616765223b733a303a22223b7d6e6f6d655f64697265636f65737c733a34303a2244697265c3a7c3a36f2064652041646d696e6973747261c3a7c3a36f20652046696e616ec3a76173223b6e6f6d655f646570617274616d656e746f737c613a323a7b733a343a22636f6465223b693a303b733a373a226d657373616765223b733a303a22223b7d6e6f6d655f72657061727469636f65737c613a323a7b733a343a22636f6465223b693a303b733a373a226d657373616765223b733a303a22223b7d6c6f63616c5f64697265636f65737c733a313a2239223b6c6f63616c5f646570617274616d656e746f737c733a313a2230223b6c6f63616c5f72657061727469636f65737c733a313a2230223b656d61696c7c733a31393a22616d61766965406d697361752e676f762e6d7a223b69647c733a313a2231223b7065726d697373616f7c733a313a2231223b6c6f6761646f7c623a313b);

-- --------------------------------------------------------

--
-- Estrutura da tabela `classificacao`
--

CREATE TABLE IF NOT EXISTS `classificacao` (
  `id` int(11) NOT NULL AUTO_INCREMENT,
  `nome` varchar(45) DEFAULT NULL,
  `codigo` varchar(45) DEFAULT NULL,
  PRIMARY KEY (`id`)
) ENGINE=InnoDB  DEFAULT CHARSET=latin1 AUTO_INCREMENT=360 ;

--
-- Extraindo dados da tabela `classificacao`
--

INSERT INTO `classificacao` (`id`, `nome`, `codigo`) VALUES
(1, 'ADMINISTRAÇÃO GERAL', '000'),
(2, 'REFORMA   DO  SECTOR  PÚBLICO.  MODERNIZAÇÃO ', '001'),
(3, 'LEGISLAÇÃO', '001.1'),
(4, 'RACIONALIZAÇÃO. DESCENTRALIZAÇÃO E DESCONCENT', '001.2'),
(5, 'POLÍTICAS PÚBLICAS', '001.3'),
(6, 'MONITORIA', '001.32'),
(7, 'PRESTAÇÃO DE CONTAS', '001.33'),
(8, 'BOA GOVERNAÇÃO. TRANSPARÊNCIA ADMINISTRATIVA.', '001.34'),
(9, 'PLANOS, PROGRAMAS E PROJECTOS DE TRABALHO', '002'),
(10, 'RELATÓRIOS DE ACTIVIDADES', '003'),
(11, 'ACORDOS. CONVÊNIOS. COOPERAÇÃO. CONTRATOS', '004'),
(12, 'REGIMENTOS. REGULAMENTOS. ESTATUTOS. ORGANOGR', '010.1'),
(13, 'AUDIÊNCIAS. DESPACHOS. REUNIÕES', '010.2'),
(14, 'ORGANIZAÇÃO E FUNCIONAMENTO', '010'),
(15, 'COMUNICAÇÃO SOCIAL', '011'),
(16, 'RELAÇÕES COM A IMPRENSA', '012'),
(17, 'CREDENCIAMENTO DE JORNALISTAS', '012.1'),
(18, 'ENTREVISTAS. NOTICIÁRIOS. REPORTAGENS. EDITOR', '012.11'),
(19, 'DIVULGAÇÃO INTERNA', '012.12'),
(20, 'PROMOÇÕES INSTITUCIONAIS. PUBLICIDADE. PROPAG', '012.2'),
(21, 'OUTROS ASSUNTOS REFERENTES À ORGANIZAÇÃO E FU', '019'),
(22, 'INFORMAÇÕES SOBRE O ÓRGÃO', '019.01'),
(23, 'RECURSOS HUMANOS', '020'),
(24, 'GARANTIA DA LEGALIDADE, INSPECÇÃO E IMPUGNAÇÃ', '020.11'),
(25, 'VISTOS DO TRIBUNAL ADMINISTRATIVO CONTENCIOSO', '020.12'),
(26, 'ÉTICA E DEONTOLOGIA', '020.2'),
(27, 'ÉTICA E DEONTOLOGIA', '020.3'),
(28, 'SINDICATOS. ACORDOS. LUTUOSAS', '020.4'),
(29, 'PROCESSOS INDIVIDUAIS. CADASTRO. BIOGRAFIA. A', '020.5'),
(30, 'QUADRO DE PESSOAL: Geral e Provincial', '021'),
(31, 'APROVAÇÃO. ALTERAÇÃO', '021.11'),
(32, 'RECRUTAMENTO E SELECÇÃO', '022'),
(33, 'CONCURSOS', '022.1'),
(34, 'DE INGRESSO', '022.11'),
(35, 'CONTRATO. CONTRATAÇÃO FORA DO QUADRO', '022.12'),
(36, 'CRIAÇÃO. REESTRUTURAÇÃO. EXTINÇÃO', '023'),
(37, 'CARREIRAS DE REGIME GERAL, ESPECIAL E ESPECÍF', '023.11'),
(38, 'READMISSÃO. REINTEGRAÇÃO. REVERSÃO. PROVA DE ', '023.2'),
(39, 'DESLOCAÇÕES E TRANSFERÊNCIAS', '023.3'),
(40, 'MUDANÇA DE CARREIRA', '023.41'),
(41, 'DE PROMOÇÃO', '023.42'),
(42, 'TIROCÍNIO', '023.43'),
(43, 'FUNÇÕES DE DIRECÇÃO, CHEFIA E CONFIANÇA', '023.5'),
(44, 'DELEGAÇÃO DE COMPETÊNCIAS. PROCURAÇÕES. ORDEM', '23.51'),
(45, 'REGIMES ESPECIAIS DE ACTIVIDADE E DE INACTIVI', '023.6'),
(46, 'INFORMAÇÃO DE SERVIÇO', '023.7'),
(47, 'CLASSIFICAÇÃO DE SERVIÇO PRESTADO. AVALIAÇÃO ', '023.71'),
(48, 'RECLAMAÇÃO E RECURSO', '023.72'),
(49, 'INSPECÇÃO', '023.8'),
(50, 'FORMAÇÃO. APERFEIÇOAMENTO. PROFISSIONALIZAÇÃO', '024'),
(51, 'CURSOS. BOLSAS DE ESTUDO. ESTÁGIOS. RECICLAGE', '024.1'),
(52, 'PROMOVIDOS NO TERRITÓRIO NACIONAL', '024.11'),
(53, 'PROMOVIDOS NO ESTRANGEIRO', '024.12'),
(54, 'OUTROS ASSUNTOS REFERENTES À FORMAÇÃO, E APER', '024.9'),
(55, 'DEVERES, DIREITOS E REGALIAS', '025'),
(56, 'FOLHAS DE PAGAMENTO. FICHAS FINANCEIRAS', '025.1'),
(57, 'TABELA SALARIAL', '025.11'),
(58, 'REAJUSTAMENTO SALARIAL', '025.111'),
(59, 'REMUNERAÇÕES', '025.12'),
(60, 'VENCIMENTO', '025.121'),
(61, 'SUPLEMENTO DE VENCIMENTO', '025.122'),
(62, 'SUBSÍDIOS', '025.123'),
(63, 'DISTINÇÕES E PRÉMIOS', '025.124'),
(64, 'DESCONTOS', '025.2'),
(65, 'IMPOSTO DE RENDIMENTO DE PESSOAS SINGULARES (', '025.21'),
(66, 'COMPENSAÇÃO DE APOSENTAÇÃO E REFORMA (CAR)', '025.23'),
(67, 'SUBSÍDIO DE FUNERAL (SF)', '025.24'),
(68, 'CONTRIBUIÇÃO PARA SEGURANÇA SOCIAL', '025.25'),
(69, 'CONSIGNAÇÕES', '025.26'),
(70, 'OUTROS DESCONTOS', '025.29'),
(71, 'LICENÇAS .', '025.3'),
(72, 'LICENÇA DISCIPLINAR', '025. 31'),
(73, 'OUTRAS LICENÇAS', '025.39'),
(74, 'DISPENSAS', '025.4'),
(75, 'FALTAS', '025.5'),
(76, 'JUSTIFICADAS', '025.51'),
(77, 'INJUSTIFICADAS', '025.52'),
(78, 'OUTROS DEVERES, DIREITOS E REGALIAS', '025.9'),
(79, 'RESPONSABILIDADE DISCIPLINAR', '026'),
(80, 'DENÚNCIAS. SINDICÂNCIAS. INQUÉRITOS', '026.1'),
(81, 'PROCESSOS DISCIPLINARES', '026.2'),
(82, 'PENALIDADES DISCIPLINARES', '026.3'),
(83, 'REINCIDÊNCIA', '026.4'),
(84, 'PRESCRIÇÃO', '026.6'),
(85, 'PREVIDÊNCIA, ASSISTÊNCIA E SEGURANÇA SOCIAL', '027'),
(86, 'BENEFÍCIOS', '027.1'),
(87, 'SEGUROS', '027.11'),
(88, 'ADIANTAMENTOS E EMPRÉSTIMOS A FUNCIONÁRIOS', '027.12'),
(89, 'HABITAÇÃO. TRANSPORTE', '027.13'),
(90, 'FARDAMENTO. UNIFORME', '027.14'),
(91, 'ASSISTÊNCIA MÉDICA E MEDICAMENTOSA (AMM). HIG', '027.15'),
(92, 'PENSÕES', '027.2'),
(93, 'DE SOBREVIVÊNCIA', '027.21'),
(94, 'DE SANGUE', '027.22'),
(95, 'POR SERVIÇOS EXCEPCIONAIS E RELEVANTES PRESTA', '027.23'),
(96, 'OUTROS BENEFÍCIOS', '027.29'),
(97, 'CESSAÇÃO DA RELAÇÃO DE TRABALHO NO APARELHO D', '028'),
(98, 'MORTE', '028.1'),
(99, 'APOSENTAÇÃO', '028.2'),
(100, 'DEMISSÃO. EXPULSÃO. CESSAÇÃO DE FUNÇÕES. PERD', '028.3'),
(101, 'EXONERAÇÃO', '028.4'),
(102, 'DENÚNCIA. RESCISÃO CONTRATUAL. ABANDONO DE LU', '028.5'),
(103, 'OUTROS ASSUNTOS REFERENTES A RECURSOS HUMANOS', '029'),
(104, 'HORÁRIO DE EXPEDIENTE (Inclusive a escala de ', '029.1'),
(105, 'CONTROLO DE FREQUÊNCIA (livro de ponto, cartõ', '029.11'),
(106, 'VIAGENS E BAGAGENS. DESLOCAÇÕES', '029.2'),
(107, 'EM MISSÃO DE SERVIÇO', '029.21'),
(108, 'NO TERRITÓRIO NACIONAL', '029.211'),
(109, 'NO ESTRANGEIRO', '029.212'),
(110, 'MOVIMENTOS REIVINDICATIVOS', '029.3'),
(111, 'GREVES', '029.31'),
(112, 'MANIFESTAÇÕES', '029.32'),
(113, 'PARALIZAÇÕES', '029.33'),
(114, 'ORÇAMENTO', '030'),
(115, 'PROGRAMAÇAO ORÇAMENTAL', '031'),
(116, 'PREVISÃO ORÇAMENTAL', '031.11'),
(117, 'PROPOSTA ORÇAMENTAL . PROJECTOS', '031.12'),
(118, 'ORÇAMENTOS APROVADOS', '031.13'),
(119, 'INVESTIMENTO EXTERNO', '031.14'),
(120, 'AUDITORIA. INSPECÇÃO', '031.15'),
(121, 'EXECUÇÃO ORÇAMENTAL', '031.2'),
(122, 'RECEITAS', '031.21'),
(123, 'DESPESAS', '032.22'),
(124, 'DESCENTRALIZAÇÃO DE RECURSOS. DSTRIBUIÇÃO ORÇ', '031.23'),
(125, 'ACOMPANHAMENTO DE DESPESA MENSAL (PESSOAL/DÍV', '031.24'),
(126, 'GESTÃO FINANCEIRA', '032'),
(127, 'FUNDOS ESPECIAIS', '032.1'),
(128, 'BOLSAS DE VALOR', '032.2'),
(129, 'PROGRAMAÇÃO FINANCEIRA DE DESEMBOLSO', '032.3'),
(130, 'PLANO OPERATIVO. CRONOGRAMA DE DESEMBOLSO', '032.41'),
(131, 'ESTÍMULOS FINANCEIROS E CREDITÍCIOS', '033'),
(132, 'OPERAÇÕES BANCÁRIAS', '034'),
(133, 'CONTA INDIVIDUAL', '034.1'),
(134, 'CONTA CONJUNTA', '034.2'),
(135, 'ASSINATURAS AUTORIZADAS', '034.3'),
(136, 'PAGAMENTOS EM MOEDA NACIONAL', '034.4'),
(137, 'PAGAMENTOS EM MOEDA ESTRANGEIRA', '034.5'),
(138, 'EXTRATOS DE CONTAS', '034.6'),
(139, 'BALANÇOS. BALANCETES', '035'),
(140, 'OUTROS ASSUNTOS REFERENTES AO ORÇAMENTO', '039'),
(141, 'IMPOSTOS E TAXAS. VALORES TRIBUTÁRIOS', '039.1'),
(142, 'PATRIMÓNIO', '040'),
(143, 'CADASTRO DE FORNECEDORES', '040.1'),
(144, 'BENS IMÓVEIS', '041'),
(145, 'FORNECIMENTO E MANUTENÇÃO DE SERVIÇOS BÁSICOS', '041.1'),
(146, 'ÁGUA E ESGOTO', '041.11'),
(147, 'LUZ', '041.12'),
(148, 'CONDOMÍNIO', '041.2'),
(149, 'AQUISIÇÃO', '041.3'),
(150, 'COMPRA', '041.31'),
(151, 'CEDÊNCIA', '041.32'),
(152, 'DOAÇÃO', '041.33'),
(153, 'PERMUTA. TROCA', '041.34'),
(154, 'ALUGUER. LOCAÇÃO. ARRENDAMENTO. CONTRATO. COM', '041.35'),
(155, 'ALIENAÇÃO', '041.4'),
(156, 'VENDA', '041.41'),
(157, 'PERMUTA', '041.44'),
(158, 'DESAPROPRIAÇÃO. DESPEJO. REATRIBUIÇÃO. REIVIN', '041.45'),
(159, 'OUTRAS FORMAS DE AQUISIÇÃO', '041.49'),
(160, 'OBRAS', '041.5'),
(161, 'CONSTRUÇÃO', '041.51'),
(162, 'REABILITAÇÃO', '041.52'),
(163, 'RECUPERAÇÃO', '041.53'),
(164, 'RESTAURAÇÃO', '041.54'),
(165, 'MANUTENÇÃO E REPARAÇÃO DE IMÓMEIS. (inclusive', '041.6'),
(166, 'MANUTENÇÃO DE ELEVADORES', '041.61'),
(167, 'MANUTENÇÃO DE AR CONDICIONADO', '041.62'),
(168, 'MANUTENÇÃO DE SUBESTAÇÃO E GERADORES', '041.63'),
(169, 'LIMPEZA. IMUNIZAÇÃO. DESINFESTAÇÃO. JARDINAGE', '041.64'),
(170, 'OUTROS SERVIÇOS DE MANUTENÇÃO', '041.69'),
(171, 'OUTROS ASSUNTOS REFERENTES A BENS IMÓVEIS', '041.9'),
(172, 'CONTROLO DE ENTRADAS E SAÍDAS (de bens e pess', '041.91'),
(173, 'MUDANÇAS', '041.92'),
(174, 'PARA OUTROS IMÓVEIS', '041.93'),
(175, 'DENTRO DO MESMO IMÓVEL', '041.94'),
(176, 'USO DE DEPENDÊNCIAS, TERRAÇOS E CAVES', '041.95'),
(177, 'BENS MÓVEIS', '042'),
(178, 'TRANSPORTES', '042.1'),
(179, 'COMPRA DE BENS E IMOVEIS', '042.21'),
(180, 'ALUGUER DE BENS E IMOVEIS', '042.22'),
(181, 'CEDÊNCIA. DOAÇÃO. PERMUTA. TRANSFERÊNCIA', '042.23'),
(182, 'REGISTO. LICENCIAMENTO', '042.3'),
(183, 'ALIENAÇÃO. LICITAÇÃO', '042.4'),
(184, 'VENDA. LEILÃO. ABATE', '042.41'),
(185, 'COMBUSTÍVEIS E LUBRIFICANTES. LIMPEZA. MANUTE', '042.42'),
(186, 'ACIDENTES. INFRACÇÕES. MULTAS', '042.5'),
(187, 'OUTROS ASSUNTOS REFERENTES A MÓVEIS', '042.9'),
(188, 'CONTROLO DE USO DE TRANSPORTES', '042.91'),
(189, 'INVENTÁRIO', '042.911'),
(190, 'INVENTÁRIO DE BENS MÓVEIS', '042.912'),
(191, 'AUTORIZAÇÃO PARA USO FORA DO HORÁRIO DE EXPED', '042.913'),
(192, 'PARQUEAMENTO. GARAGEM', '042.914'),
(193, 'BENS MATERIAIS', '043'),
(194, 'MATERIAL DURADOURO', '043.1'),
(195, 'AQUISIÇÃO DE BENS MATERIAIS', '043.11'),
(196, 'COMPRA DE BENS MATERIAIS', '043.111'),
(197, 'LICITAÇÃO DE BENS MATERIAS', '043.112'),
(198, 'ALUGUER. COMODATO. LEASING', '043.113'),
(199, 'CEDÊNCIA. EMPRÉSTIMO', '043.114'),
(200, 'PERMUTA. TROCA DE BENS MATERIAIS', '043.115'),
(201, 'TRANSFERÊNCIA. DOAÇÃO', '043.116'),
(202, 'REVERSÃO. HERANÇA', '043.117'),
(203, 'FABRICO. PRODUÇÂO', '043.118'),
(204, 'OUTRAS FORMAS DE AQUISIÇÃO DE BENS MATERIAIS', '043.119'),
(205, 'MATERIAL NÃO DURADOURO', '043.2'),
(206, 'COMPRA DE MATERIAL NÃO DURADOURO', '043.21'),
(207, 'CEDÊNCIA. DOAÇÃO. PERMUTA DE MATEIAL NÃO DURA', '043.22'),
(208, 'CONFECÇÃO DE IMPRESSOS', '043.23'),
(209, 'MOVIMENTAÇÃO DE MATERIAL (duradouro e não dur', '043.3'),
(210, 'TERMOS DE RESPONSABILIDADE', '043.31'),
(211, 'CONTROLO DE STOCK', '043.32'),
(212, 'EXTRAVIO. ROUBO. DESAPARECIMENTO', '043.33'),
(213, 'TRANSPORTE DE MATERIAL', '043.34'),
(214, 'AUTORIZAÇÃO DE SAÍDA DE MATERIAL. BAIXA (mate', '043.35'),
(215, 'ARMAZENAMENTO. DEPÓSITO', '043.36'),
(216, 'ALIENAÇÃO. ABATE', '043.4'),
(217, 'VENDA. LEILÃO. HASTA-PÚBLICA', '043.41'),
(218, 'REQUISIÇÃO E CONTRATAÇÃO DE SERVIÇOS (inclusi', '043.5'),
(219, 'SERVIÇOS INTERNOS', '043.511'),
(220, '043.512', 'SERVIÇOS EXTERNOS'),
(221, 'INVENTÁRIO DE MATERIAL NAO DURADOURO', '043.6'),
(222, 'OUTROS ASSUNTOS REFERENTES A MATERIAL', '043.9'),
(223, 'ESPECIFICAÇÃO. PADRONIZAÇÃO. CODIFICAÇÃO. PRE', '043.91'),
(224, 'IDENTIFICAÇÃO. CLASSIFICAÇÃO. CATALOGAÇÃO. CA', '043.92'),
(225, 'SERVIÇOS DE REPROGRAFIA', '043.93'),
(226, 'REQUISIÇÃO DE MATERIAL NÃO DURADOURO', '043.931'),
(227, 'CONTROLO DE MATERIAL NÃO DURADOURO', '043.932'),
(228, 'OUTROS ASSUNTOS REFERENTES A PATRIMÓNIO', '049'),
(229, 'GUARDA E SEGURANÇA. GUARNIÇÃO. SENTINELA. PLA', '049.1'),
(230, 'SEGUROS (OUTROS ASSUNTOS REFERENTES A PATRIMÓ', '049.11'),
(231, 'PREVENÇÃO E COMBATE AO INCÊNDIO. BOMBEIROS', '049.12'),
(232, 'SINISTRO', '049.13'),
(233, 'VISTORIAS. SINDICÂNCIAS. PERÍCIAS TÉCNICAS', '049.14'),
(234, 'DOCUMENTAÇÃO E INFORMAÇÃO', '050'),
(235, 'PUBLICAÇÃO DE MATÉRIAS', '050.1'),
(236, 'NO BOLETIM DA REPÚBLICA', '050.11'),
(237, 'PUBLICAÇÃO DE MATÉRIAS EM LIVROS', '050.12'),
(238, 'PUBLICAÇÃO DE MATÉRIAS EM REVISTAS E JORNAIS', '050.13'),
(239, 'PUBLICAÇÃO DE MATÉRIAS NACIONAIS', '050.131'),
(240, 'PUBLICAÇÃO DE MATÉRIAS INTERNACIONAIS', '050.132'),
(241, 'PUBLICAÇÃO DE MATÉRIAS EM OUTROS PERIÓDICOS', '050.2'),
(242, 'PRODUÇÃO EDITORIAL', '051'),
(243, 'COMPOSIÇÃO. REVISÃO', '051.1'),
(244, 'DISTRIBUIÇÃO. PROMOÇÃO. DIVULGAÇÃO', '051.2'),
(245, 'SERVIÇOS GRÁFICOS', '051.3'),
(246, 'DOCUMENTAÇÃO ARQUIVÍSTICA', '052'),
(247, 'LEGISLAÇÃO E REGULAMENTAÇÃO. POLÍTICA E SISTE', '052.1'),
(248, 'RELAÇÃO, FILIAÇÃO E PARCERIA COM O CONSELHO I', '052.2'),
(249, 'GESTÃO DE DOCUMENTOS', '052.3'),
(250, 'NORMAS E MANUAIS', '052.31'),
(251, 'PRODUÇÃO DOCUMENTAL. LEVANTAMENTO. DIAGNÓSTIC', '052.32'),
(252, 'PROTOCOLO: recepção, tramitação, expedição, c', '052.33'),
(253, 'CLASSIFICAÇÃO DE DOCUMENTOS. CÓDIGO DE CLASSI', '052.34'),
(254, 'CLASSIFICAÇÃO QUANTO AO GÉNERO', '052.341'),
(255, 'CLASSIFICAÇÃO QUANTO À ESPÉCIE', '052.342'),
(256, 'CLASSIFICAÇÃO QUANTO À NATUREZA DO ASSUNTO', '052.343'),
(257, 'MÉTODOS DE ARQUIVAMENTO', '052.35'),
(258, 'DESTINAÇÃO DE DOCUMENTOS', '052.4'),
(259, 'ANÁLISE. AVALIAÇÃO. SELECÇÃO', '052.41'),
(260, 'TABELA DE TEMPORALIDADE', '052.411'),
(261, 'ELIMINAÇÃO', '052.42'),
(262, 'AUTOS, LISTAS E EDITAIS DE ELIMINAÇÃO', '052.421'),
(263, 'TRANSFERÊNCIA. RECOLHA', '052.43'),
(264, 'GUIAS E TERMOS DE TRANSFERÊNCIA', '052.431'),
(265, 'GUIAS, RELAÇÕES E TERMOS DE RECOLHA', '052.432'),
(266, 'LISTAGENS DESCRITIVAS DO ACERVO', '052.433'),
(267, 'CONSULTAS. EMPRÉSTIMOS', '052.44'),
(268, 'ASSESSORIA E ASSITÊNCIA TÉCNICA', '052.45'),
(269, 'GESTÃO DE DOCUMENTOS ELECTRÓNICOS. INFORMÁTIC', '053'),
(270, 'IDENTIFICAÇÃO. DESCRIÇÃO', '053.1'),
(271, 'PLANOS E PROJECTOS', '053.2'),
(272, 'PROGRAMAS. SISTEMAS. REDES', '053.3'),
(273, 'MANUAIS TÉCNICOS', '053.31'),
(274, 'MANUAIS DO UTILIZADOR', '053.32'),
(275, 'SOFTWARE. HARDRWARE. DISCOS E DISQUETES', '053.33'),
(276, 'DIGITALIZAÇÃO. INFORMATIZAÇÃO', '053.4'),
(277, 'AUTENTICIDADE. SISTEMA DE SEGURANÇA', '053.5'),
(278, 'ASSISTÊNCIA TÉCNICA', '053.6'),
(279, 'DOCUMENTAÇÃO BIBLIOGRÁFICA (livros,periódicos', '054'),
(280, 'NORMAS E MANUAIS DE DOCUMENTAÇÃO BIBLIOGRÁFIC', '054.1'),
(281, 'AQUISIÇÃO (no país e no estrangeiro).DE DOCUM', '054.2'),
(282, 'COMPRA DE DOCUMENTAÇÃO BIBLIOGRÁFICA', '054.21'),
(283, 'DOAÇÃO DE DOCUMENTAÇÃO BIBLIOGRÁFICA', '054.22'),
(284, 'PERMUTADO DE DOCUMENTAÇÃO BIBLIOGRÁFICA', '054.23'),
(285, 'DOCUMENTAÇÃO BIBLIOGRÁFICA DE REGISTO', '054.3'),
(286, 'CATALOGAÇÃO. CLASSIFICAÇÃO. INDEXAÇÃO', '054.4'),
(287, 'REFERÊNCIA E CIRCULAÇÃO DE DOCUMENTAÇÃO BIBLI', '054.5'),
(288, 'CONSULTA. EMPRÉSTIMO', '054.51'),
(289, 'INVENTÁRIO. BAIXA DE DOCUMENTAÇÃO BIBLIOGRÁFI', '054.52'),
(290, 'INTERCÂMBIOS ENTRE BIBLIOTECAS', '054.53'),
(291, 'HORÁRIO DA BIBLIOTECA', '054.54'),
(292, 'PEDIDO E ATRIBUIÇÃO DE CARTÃO DE LEITOR', '054.55'),
(293, 'RENOVAÇÃO DE CARTOES DE LEITOR', '054.56'),
(294, 'ASSISTÊNCIA TÉCNICA DE DOCUMENTACAO BIBLIOGRA', '054.57'),
(295, 'DOCUMENTAÇÃO MUSELÓGICA', '055'),
(296, 'CONSERVAÇÃO E PRESERVAÇÃO DE DOCUMENTOS. REPR', '056'),
(297, 'DESINFESTAÇÃO. HIGIENIZAÇÃO DE DOCUMENTACAO M', '056.1'),
(298, 'ARMAZENAMENTO. DEPÓSITO DE DOCUMENTAÇÃO MUSEL', '056.2'),
(299, 'RESTAURAÇÃO. ENCADERNAÇÃO DE DOCUMENTAÇÃO MUS', '056.3'),
(300, 'SISTEMA DE PREVENÇÃO E DETECÇÃO DE INCÊNDIOS.', '056.4'),
(301, 'MICROFILMAGEM. REPROGRAFIA', '056.6'),
(302, 'OUTROS ASSUNTOS REFERENTES À DOCUMENTAÇÃO E I', '059'),
(303, 'COMUNICAÇÕES', '060'),
(304, 'SERVIÇO POSTAL', '061'),
(305, 'SERVIÇO DE ENVIO E ENTREGA EXPRESSA', '061.1'),
(306, 'NACIONAL-SERVICO POSTAL', '061.11'),
(307, 'INTERNACIONAL-SERVIÇO POSTAL', '061.12'),
(308, 'OUTROS SERVIÇOS POSTAIS', '061.9'),
(309, 'SERVIÇO TELEFÓNICO. FAX. TELEMÓVEL', '062'),
(310, 'INSTALAÇÃO. TRANSFERÊNCIA. MANUTENÇÃO. REPARA', '062.1'),
(311, 'LIGAÇÕES. OBTENÇÃO DE COMUNICAÇÃO AUTOMÁTICA', '062.2'),
(312, 'URBANAS-SERVIÇO TELEFÓNICO. FAX. TELEMÓVEL', '062.21'),
(313, 'INTERURBANAS-SERVIÇO TELEFÓNICO. FAX. TELEMÓV', '062.22'),
(314, 'REGIONAIS-SERVIÇO TELEFÓNICO. FAX. TELEMÓVEL', '062.23'),
(315, 'TEMPORIZAÇÃO E CUSTOS DE CHAMADAS', '062.25'),
(316, 'NO POSTO DO ASSINANTE', '062.251'),
(317, 'NO POSTO PÚBLICO', '062.252'),
(318, 'CÓDIGOS DE ACESSO. INDICATIVOS DE ACESSO', '062.26'),
(319, 'SERVIÇOS DE URGÊNCIA E DE UTILIDADE PÚBLICA', '062.3'),
(320, 'REGULAMENTOS DE SERVIÇOS TELEFÓNICOS', '062.4'),
(321, 'CONTAS TELEFÓNICAS. FACTURAÇÃO', '062.5'),
(322, 'PAGAMENTOS DE SERVIÇO TELEFÓNICO. FAX. TELEMÓ', '062.51'),
(323, 'RECLAMAÇÕES DE SERVIÇO TELEFÓNICO. FAX. TELEM', '062.52'),
(324, 'PEDIDOS DE PAGAMENTO EM PRESTAÇÕES', '062.53'),
(325, 'SERVIÇO DE TRANSMISSÃO DE DADOS, VOZ E IMAGEM', '062.6'),
(326, 'LISTAS TELEFÓNICAS', '062.7'),
(327, 'SERVIÇO DE TELEX', '063'),
(328, 'INSTALAÇÃO. MANUTENÇÃO. REPARAÇÃO DE SERVICO ', '063.1'),
(329, 'SERVIÇO DE RÁDIO', '064'),
(330, 'INSTALAÇÃO. MANUTENÇÃO. REPARAÇÃO  DE SERVIÇO', '064.1'),
(331, 'OUTROS ASSUNTOS REFERENTES À COMUNICAÇÕES', '069'),
(332, 'VAGA', '070'),
(333, 'VAGA 1', '080'),
(334, 'OUTROS ASSUNTOS REFERENTES À ADMINISTRAÇÃO GE', '090'),
(335, 'ACÇÕES JUDICIAIS', '091'),
(336, '900', 'ASSUNTOS DIVERSOS'),
(337, 'SOLENIDADES. COMEMORAÇÕES. HOMENAGENS DISCURS', '910'),
(338, 'CONGRESSOS. CONFERÊNCIAS. SEMINÁRIOS. SIMPÓSI', '920'),
(339, 'PROMOVIDOS PELO ÓRGÃO', '921'),
(340, 'NO TERRITÓRIO NACIONAL-ASSUNTOS DIVERSOS', '921.1'),
(341, 'PROMOVIDOS POR OUTROS ÓRGÃOS', '922'),
(342, 'NO TERRITÓRIO NACIONAL-PROMOVIDOS POR OUTROS ', '922.1'),
(343, 'NO ESTRANGEIRO-PROMOVIDOS POR OUTROS ÓRGÃOS', '922.2'),
(344, 'FEIRAS. SALÕES. EXPOSIÇÕES. MOSTRAS. CONCURSO', '930'),
(345, 'VISITAS E VISITANTES', '940'),
(346, 'VAGA 2', '950'),
(347, 'VAGA 3', '960'),
(348, 'VAGA 4', '970'),
(349, 'VAGA 5', '980'),
(350, 'ASSUNTOS TRANSITÓRIOS', '990'),
(351, 'APRESENTAÇÃO. RECOMENDAÇÃO', '991'),
(352, 'AVISOS. COMUNICADOS E INFORMES', '992'),
(353, 'AGRADECIMENTOS. CONVITES. FELICITAÇÕES. CONDO', '993'),
(354, 'PROTESTOS. REIVINDICAÇÕES. SUGESTÕES', '994'),
(355, 'PEDIDOS, OFERTAS E INFORMAÇÕES DIVERSAS', '995'),
(356, 'ASSOCIAÇÕES', '996'),
(357, 'ASSOCIAÇÕES  CULTURAIS', '996.1'),
(358, 'ASSOCIAÇÕES DE AMIGOS', '996.2'),
(359, 'ASSOCIAÇÕES  DE FUNCIONÁRIOS', '996.3');

-- --------------------------------------------------------

--
-- Stand-in structure for view `consultarcargo`
--
CREATE TABLE IF NOT EXISTS `consultarcargo` (
`nomeCargo` varchar(45)
,`nomeDestinatario` varchar(45)
,`idDestinatario` int(11)
);
-- --------------------------------------------------------

--
-- Estrutura da tabela `correspondencias`
--

CREATE TABLE IF NOT EXISTS `correspondencias` (
  `id` int(11) NOT NULL AUTO_INCREMENT,
  `numCorrespondencia` varchar(100) NOT NULL,
  `tipo_pro` varchar(45) DEFAULT NULL,
  `categorias_id` int(11) DEFAULT NULL,
  `tipo_doc_id` int(11) DEFAULT NULL,
  `classificacao_id` int(11) DEFAULT NULL,
  `prioridades_id` int(11) DEFAULT NULL,
  `refProv` varchar(200) DEFAULT NULL,
  `refRec` varchar(200) DEFAULT NULL,
  `pro_direcoes_id` int(11) DEFAULT '0',
  `pro_departamentos_id` int(11) DEFAULT '0',
  `pro_reparticoes_id` int(11) DEFAULT '0',
  `pro_externa_id` int(11) DEFAULT '0',
  `assunto` tinytext,
  `observacao` text,
  `destinatario` varchar(200) DEFAULT NULL,
  `estadoTra` int(11) DEFAULT '0',
  `estadoDes` int(11) NOT NULL,
  `file` varchar(100) DEFAULT NULL,
  `path` varchar(300) DEFAULT NULL,
  `url` varchar(300) DEFAULT NULL,
  `local_direcoes_id` int(11) DEFAULT NULL,
  `local_departamentos_id` int(11) DEFAULT NULL,
  `local_reparticoes_id` int(11) DEFAULT NULL,
  `usuarios_id` int(11) DEFAULT NULL,
  `date` varchar(200) NOT NULL,
  `data_normal` varchar(200) NOT NULL,
  PRIMARY KEY (`id`),
  KEY `fk_correspondencias_categorias` (`categorias_id`),
  KEY `fk_correspondencias_prioridades` (`prioridades_id`),
  KEY `fk_correspondencias_pro_direcoes` (`pro_direcoes_id`),
  KEY `fk_correspondencias_pro_externa` (`pro_externa_id`),
  KEY `fk_correspondencias_usuarios` (`usuarios_id`),
  KEY `fk_correspondencias_tipo_doc` (`tipo_pro`),
  KEY `fk_correspondencias_tipoDoc` (`tipo_doc_id`),
  KEY `fk_correspondencias_classificador` (`classificacao_id`),
  KEY `fk_correspondencias_local_direcoes` (`local_direcoes_id`)
) ENGINE=InnoDB  DEFAULT CHARSET=latin1 AUTO_INCREMENT=12 ;

--
-- Extraindo dados da tabela `correspondencias`
--

INSERT INTO `correspondencias` (`id`, `numCorrespondencia`, `tipo_pro`, `categorias_id`, `tipo_doc_id`, `classificacao_id`, `prioridades_id`, `refProv`, `refRec`, `pro_direcoes_id`, `pro_departamentos_id`, `pro_reparticoes_id`, `pro_externa_id`, `assunto`, `observacao`, `destinatario`, `estadoTra`, `estadoDes`, `file`, `path`, `url`, `local_direcoes_id`, `local_departamentos_id`, `local_reparticoes_id`, `usuarios_id`, `date`, `data_normal`) VALUES
(1, 'CONVOCAÇÃO Nº SN-1/DGGQ/19', 'Interna', 1, 8, 3, 3, 'SN-1', '1/001.1/GM/19', 10, 0, NULL, 0, 'asdsa', 'asas', 'Armando Mavie', 1, 1, 'c137eac7635778203176255cb009a1f2.pdf', 'C:/wamp/www/sigdoc/assets/correspondencias/29-05-2019/c137eac7635778203176255cb009a1f2.pdf', 'http://127.0.0.1/sigdoc/assets/correspondencias/29-05-2019/c137eac7635778203176255cb009a1f2.pdf', 12, 0, 0, 4, '2019-05-29 21:10:40', '2019-05-29 '),
(2, 'DECISÃO Nº 11/032/DAF/CA/19', 'Interna', 1, 11, 2, 3, '11/032', '2/001/DNAM/DAGUS/RepHH/19', 9, 6, 0, 0, 'assa', 'asd', 'Armando Mavies', 1, 1, 'fcce42b04348ec8634586b0f2983fd0d.pdf', 'C:/wamp/www/sigdoc/assets/correspondencias/29-05-2019/fcce42b04348ec8634586b0f2983fd0d.pdf', 'http://127.0.0.1/sigdoc/assets/correspondencias/29-05-2019/fcce42b04348ec8634586b0f2983fd0d.pdf', 3, 23, 38, 3, '2019-05-29 21:24:39', '2019-05-29 '),
(3, 'CONVITE Nº SN-3/DAF/19', 'Interna', 2, 2, 100, 3, 'SN-3', '3/028.3/DNAM/DAGUS/RepHH/19', 9, 0, NULL, 0, 'sd', 'xc', 'Departamento', 1, 0, 'cb1c7920d180507c10cf08436683bd4d.pdf', 'C:/wamp/www/sigdoc/assets/correspondencias/29-05-2019/cb1c7920d180507c10cf08436683bd4d.pdf', 'http://127.0.0.1/sigdoc/assets/correspondencias/29-05-2019/cb1c7920d180507c10cf08436683bd4d.pdf', 3, 23, 38, 3, '2019-05-29 21:50:53', '2019-05-29 '),
(4, 'CONVITE Nº SN-4/MICULTUR/19', 'Externa', 1, 2, 3, 3, 'SN-4', '4/001.1/DNAM/DAGUS/RepHH/19', NULL, NULL, NULL, 3, 'as', '', 'Armando Mavie', 1, 0, 'd0ccf529dc431a75c04ac8b9f9328a89.pdf', 'C:/wamp/www/sigdoc/assets/correspondencias/29-05-2019/d0ccf529dc431a75c04ac8b9f9328a89.pdf', 'http://127.0.0.1/sigdoc/assets/correspondencias/29-05-2019/d0ccf529dc431a75c04ac8b9f9328a89.pdf', 3, 23, 38, 3, '2019-05-29 21:51:38', '2019-05-29 '),
(5, 'CONVITE Nº SN-5/DGGQ/19', 'Interna', 1, 2, 3, 4, 'SN-5', '5/001.1/DNAM/DAGUS/RepHH/19', 10, 0, NULL, 0, 'assa', 'asas', 'Armando Mavie Junior', 1, 0, '9c6bff155d9fa1aeb9fdedffccc8e69a.pdf', 'C:/wamp/www/sigdoc/assets/correspondencias/29-05-2019/9c6bff155d9fa1aeb9fdedffccc8e69a.pdf', 'http://127.0.0.1/sigdoc/assets/correspondencias/29-05-2019/9c6bff155d9fa1aeb9fdedffccc8e69a.pdf', 3, 23, 38, 3, '2019-05-29 21:52:15', '2019-05-29 '),
(6, 'CONVÊNIO Nº SN-6/MCTESTP/19', 'Externa', 1, 10, 3, 1, 'SN-6', '6/001.1/DAF/19', NULL, NULL, NULL, 2, 'dsfsd', 'asdas', 'Momad Sumalgy     Chefe de DTIC', 1, 1, '2278204e82d5d8e77ab461812eeab3e7.pdf', 'C:/wamp/www/sigdoc/assets/correspondencias/05-06-2019/2278204e82d5d8e77ab461812eeab3e7.pdf', 'http://127.0.0.1/sigdoc/assets/correspondencias/05-06-2019/2278204e82d5d8e77ab461812eeab3e7.pdf', 9, 0, 0, 1, '2019-06-05 08:20:18', '2019-06-05'),
(7, 'CONVÊNIO Nº SN-7/MICULTUR/19', 'Externa', 1, 10, 280, 4, 'SN-7', '7/054.1/DAF/19', NULL, NULL, NULL, 3, 'fgfgd', '', 'd', 0, 0, 'a3ec3cad0968e4cfa52e119fc89dbc51.pdf', 'C:/wamp/www/sigdoc/assets/correspondencias/05-06-2019/a3ec3cad0968e4cfa52e119fc89dbc51.pdf', 'http://127.0.0.1/sigdoc/assets/correspondencias/05-06-2019/a3ec3cad0968e4cfa52e119fc89dbc51.pdf', 9, 0, 0, 1, '2019-06-05 09:36:27', '2019-06-05'),
(8, 'CONVITE Nº SN-8/MICULTUR/19', 'Externa', 1, 2, 6, 1, 'SN-8', '8/001.32/DAF/19', NULL, NULL, NULL, 3, 'ghgh', 'jj', 'd', 1, 1, '4f61fd20c81974db65462f650cb60ab4.pdf', 'C:/wamp/www/sigdoc/assets/correspondencias/05-06-2019/4f61fd20c81974db65462f650cb60ab4.pdf', 'http://127.0.0.1/sigdoc/assets/correspondencias/05-06-2019/4f61fd20c81974db65462f650cb60ab4.pdf', 9, 0, 0, 1, '2019-06-05 10:37:37', '2019-06-05'),
(9, 'CONVITE Nº 221221/DPC/19', 'Interna', 1, 2, 6, 3, '221221', '9/001.32/DAF/19', 7, 0, NULL, 0, 'jhhj', 'jk', 'd', 1, 0, '2af27a9bea166b7e1ad05a80aca7ca0d.jpg', 'C:/wamp/www/sigdoc/assets/correspondencias/05-06-2019/2af27a9bea166b7e1ad05a80aca7ca0d.jpg', 'http://127.0.0.1/sigdoc/assets/correspondencias/05-06-2019/2af27a9bea166b7e1ad05a80aca7ca0d.jpg', 9, 0, 0, 1, '2019-06-05 10:39:00', '2019-06-05'),
(10, 'CONVOCAÇÃO Nº SN-10/DPC/19', 'Interna', 1, 8, 21, 3, 'SN-10', '10/019/DAF/19', 7, 0, NULL, 0, 'sdds', 'pro_externa', 'd', 1, 0, '82522cfad0678f5e33cf79e591d852ec.pdf', 'C:/wamp/www/sigdoc/assets/correspondencias/06-06-2019/82522cfad0678f5e33cf79e591d852ec.pdf', 'http://[::1]/sigdoc/assets/correspondencias/06-06-2019/82522cfad0678f5e33cf79e591d852ec.pdf', 9, 0, 0, 1, '2019-06-06 22:17:55', '2019-06-06'),
(11, 'ATESTADO Nº SN-11/DPC/19', 'Interna', 1, 4, 2, 3, 'SN-11', '11/001/DAF/19', 7, 0, NULL, 0, 'SDSD', 'SD', 'SDSDSDSD', 0, 0, 'bf7e5290843e4cf4c3a5f1cc3ccf3cfc.pdf', 'C:/wamp/www/sigdoc/assets/correspondencias/07-06-2019/bf7e5290843e4cf4c3a5f1cc3ccf3cfc.pdf', 'http://127.0.0.1/sigdoc/assets/correspondencias/07-06-2019/bf7e5290843e4cf4c3a5f1cc3ccf3cfc.pdf', 9, 0, 0, 1, '2019-06-07 09:09:23', '2019-06-07');

-- --------------------------------------------------------

--
-- Estrutura da tabela `corre_sigiloso`
--

CREATE TABLE IF NOT EXISTS `corre_sigiloso` (
  `id` int(11) NOT NULL AUTO_INCREMENT,
  `numCorrespondencia` varchar(200) NOT NULL,
  `tipo_pro` varchar(200) NOT NULL,
  `categorias_id` int(11) NOT NULL,
  `pro_direcoes_id` int(11) DEFAULT NULL,
  `pro_departamentos_id` int(11) DEFAULT NULL,
  `pro_reparticoes_id` int(11) DEFAULT NULL,
  `pro_externa_id` int(11) NOT NULL,
  `nivel_conf_id` int(11) NOT NULL,
  `observacao` text NOT NULL,
  `destinatarios_id` int(11) NOT NULL,
  `local_direcoes_id` int(11) NOT NULL,
  `local_departamentos_id` int(11) DEFAULT NULL,
  `local_reparticoes_id` int(11) DEFAULT NULL,
  `usuarios_id` int(11) NOT NULL,
  `date` varchar(200) NOT NULL,
  `data_normal` varchar(200) NOT NULL,
  PRIMARY KEY (`id`),
  KEY `fk_corre_sigiloso_destinatario` (`destinatarios_id`),
  KEY `fk_corre_sigiloso_direcoes` (`pro_direcoes_id`),
  KEY `fk_corre_sigiloso_pro_externo` (`pro_externa_id`),
  KEY `fk_corre_sigiloso_categorias` (`categorias_id`),
  KEY `fk_corre_sigiloso_nivel_conf` (`nivel_conf_id`),
  KEY `fk_corre_sigiloso_usuarios` (`usuarios_id`),
  KEY `fk_corre_sigiloso_local_direcoes` (`local_direcoes_id`)
) ENGINE=InnoDB  DEFAULT CHARSET=latin1 AUTO_INCREMENT=8 ;

--
-- Extraindo dados da tabela `corre_sigiloso`
--

INSERT INTO `corre_sigiloso` (`id`, `numCorrespondencia`, `tipo_pro`, `categorias_id`, `pro_direcoes_id`, `pro_departamentos_id`, `pro_reparticoes_id`, `pro_externa_id`, `nivel_conf_id`, `observacao`, `destinatarios_id`, `local_direcoes_id`, `local_departamentos_id`, `local_reparticoes_id`, `usuarios_id`, `date`, `data_normal`) VALUES
(1, 'sigiloso Nº 1/DAF/19', 'Interna', 1, 9, 0, NULL, 0, 5, '', 2, 3, 23, 38, 3, '2019-06-03 21:53:02', '2019-06-04'),
(2, 'sigiloso Nº 2/DAF/19', 'Interna', 2, 9, 0, NULL, 0, 5, 'weerf', 2, 12, 0, 0, 4, '2019-06-03 22:00:59', '2019-06-06'),
(3, 'sigiloso Nº 3/DAF/19', 'Interna', 1, 9, 0, NULL, 0, 4, 'xzfdsds', 1, 9, 0, NULL, 1, '2019-06-05 08:08:16', '2019-06-05'),
(4, 'sigiloso Nº 4/DGGQ/19', 'Interna', 2, 10, 0, NULL, 0, 2, 'sdd', 2, 9, 0, NULL, 1, '2019-06-05 08:10:38', '2019-06-05'),
(5, 'sigiloso Nº 5/DPC/19', 'Interna', 2, 7, 0, NULL, 0, 5, 'dsfsdf', 1, 9, 0, 0, 1, '2019-06-05 08:19:06', '2019-06-03'),
(6, 'sigiloso Nº 6/MICULTUR/19', 'Externa', 1, NULL, NULL, NULL, 3, 5, 'assadas', 1, 9, 0, 0, 1, '2019-06-05 08:19:06', '2019-06-05'),
(7, 'sigiloso Nº 7/MITESS/19', 'Externa', 2, NULL, NULL, NULL, 4, 5, '', 4, 9, 0, 0, 1, '2019-06-05 09:26:48', '2019-06-05');

-- --------------------------------------------------------

--
-- Estrutura da tabela `departamentos`
--

CREATE TABLE IF NOT EXISTS `departamentos` (
  `id` int(11) NOT NULL AUTO_INCREMENT,
  `direcoes_id` int(11) DEFAULT NULL,
  `nome` varchar(200) DEFAULT NULL,
  `abreviatura` varchar(45) DEFAULT NULL,
  `data_criacao` varchar(45) DEFAULT NULL,
  `data_alteracao` varchar(200) DEFAULT NULL,
  `estados_id` int(11) DEFAULT NULL,
  PRIMARY KEY (`id`),
  KEY `fk_departamentos_direcoes` (`direcoes_id`)
) ENGINE=InnoDB  DEFAULT CHARSET=latin1 AUTO_INCREMENT=54 ;

--
-- Extraindo dados da tabela `departamentos`
--

INSERT INTO `departamentos` (`id`, `direcoes_id`, `nome`, `abreviatura`, `data_criacao`, `data_alteracao`, `estados_id`) VALUES
(1, 12, 'Departamento de Tecnologias de Informação e Comunicação', 'DTIC', '2019-04-10', '', 1),
(2, 12, 'Departamento de Comunicação e Imagem', 'DCI', '2019-04-10', '', 1),
(3, 7, 'Departamento de Infra-Estruturas e Equipamentos', 'DIE', '2019-04-10', '', 1),
(4, 3, 'Departamento das Juntas de Saúde', 'DJS', '2019-04-10', '', 1),
(5, 9, 'Departamento de Aquisições', 'DA', '2019-04-10', '', 1),
(6, 9, 'Centro de Abastecimento', 'CA', '2019-04-10', '', 1),
(7, 9, 'Lar de Maxaquene (Casa dos Medicos)', 'LM', '2019-04-10', '', 1),
(8, 8, 'Departamento de Administração de Pessoal', 'DAP', '2019-04-10', '', 1),
(9, 3, 'Departamento de Inspenção de Cuidados de Saúde', 'DICS', '2019-04-10', '', 1),
(10, 1, 'Departamento de Inspenção Farmaceutica', 'DIF', '2019-04-10', '', 1),
(11, 1, 'Departamento de Inspenção de Formação de Prof', 'DIFPS', '2019-04-10', '', 1),
(12, 1, 'Departamento de Inspenção Administartiva', 'DIA', '2019-04-10', '', 1),
(13, 2, 'Departamento de Saúde Familiar', 'DSF', '2019-04-10', '', 1),
(14, 2, 'Departamento de Nutrição', 'DN', '2019-04-10', '', 1),
(15, 2, 'Departamento de Promoção de Saúde', 'DPROS', '2019-04-10', '', 1),
(16, 2, 'Departamento de Saúde Mental', 'DSM', '2019-04-10', '', 1),
(17, 2, 'Departamento de Vigilância em Saúde', 'DVS', '2019-04-10', '', 1),
(18, 2, 'Departamento de Prevenção e Controlo de Doenças', 'DPCD', '2019-04-10', '', 1),
(19, 2, 'Departamento de Saúde Ambiental', 'DSA', '2019-04-10', '', 1),
(20, 2, 'Departamento de Programas Nacionais de Saúde', 'DPNS', '2019-04-10', '', 1),
(21, 2, 'Departamento de Controlo da Qualidade de Agua', 'DCQAA', '2019-04-10', '', 1),
(22, 3, 'Departamento de Cuidados de Saùde Primários', 'DCSP', '2019-04-10', '', 1),
(23, 3, 'Departamento de Administração e Gestão das Unidades Sanitarias', 'DAGUS', '2019-04-10', '', 1),
(24, 3, 'Departamento de Atenção Médica Especializada', 'DAME', '2019-04-10', '', 1),
(25, 3, 'Departamento de Enfermagem', 'DE', '2019-04-10', '', 1),
(26, 3, 'Departamento de Meios Auxiliares e Diagnostic', 'DMAD', '2019-04-10', '', 1),
(27, 3, 'Departamento de Terapêutica Hospitalar', 'DTH', '2019-04-10', '', 1),
(28, 3, 'Departamento de Humanização dos Cuidados de Saúde', 'DHCS', '2019-04-10', '', 1),
(29, 7, 'Departamento de Informação para Saúde', 'DIS', '2019-04-10', '', 1),
(30, 7, 'Departamento de Planificação e Economia Sanitaria', 'DPES', '2019-04-10', '', 1),
(31, 7, 'Departamento de Cooperação Internacional', 'DepCI', '2019-04-10', '', 1),
(32, 7, 'Departamento de Monitoria e Avaliação', 'DMA', '2019-04-10', '', 1),
(33, 7, 'Departamento de Coordenação de Projectos', 'DCP', '2019-04-10', '', 1),
(34, 8, 'Departamento de Planificação e Recursos Human', 'DPRH', '2019-04-10', '', 1),
(35, 8, 'Departamento de Administração do Pessoal', 'DepAP', '2019-04-10', '', 1),
(36, 8, 'Departamento de Normas e Procedimentos', 'DNP', '2019-04-10', '', 1),
(37, 9, 'Departamento Financeiro', 'DF', '2019-04-10', '', 1),
(38, 9, 'Departamento de Logistica', 'DL', '2019-04-10', '', 1),
(39, 8, 'Departamento de Administração e Gestão Documental', 'DAGD', '2019-04-10', '', 1),
(40, 9, 'Departamento de Análise, Estatistica e Planea', 'DAEP', '2019-04-10', '', 1),
(41, 9, 'Departamento de Protocolo', 'DP', '2019-04-10', '', 1),
(42, 6, 'Departamento Socio-Antropológico e Etnobocâni', 'DSAAE', '2019-04-10', '', 1),
(43, 6, 'Departamento de Fitoquímica e Controle de Qua', 'DFCQ', '2019-04-10', '', 1),
(44, 6, 'Departamento de Ensaios Biologicos e Clínicos', 'DEBC', '2019-04-10', '', 1),
(45, 5, 'Departamento de Formação Inicial', 'DFI', '2019-04-10', '', 1),
(46, 5, 'Departamento De Formação Contínua', 'DFC', '2019-04-10', '', 1),
(47, 5, 'Departamento de Formação Médica Especializada', 'DFME', '2019-04-10', '', 1),
(48, 5, 'Departamento de Acreditação e Certificação', 'DAC', '2019-04-10', '', 1),
(49, 4, 'Departamento de Avaliação de Medicamentos, Va', 'DAMVPBS', '2019-04-10', '', 1),
(50, 4, 'Departamento de Licenciamento Farmaceutico', 'DLF', '2019-04-10', '', 1),
(51, 4, 'Departamento de Farmacovigilancia e Uso Racio', 'DFURM', '2019-04-10', '', 1),
(52, 4, 'Departamento de comprovação de Qualidade de m', 'DCQMVPB', '2019-04-10', '', 1),
(53, 4, 'Departamento de regulamentação e Vigilância d', 'DRVM', '2019-04-10', '', 1);

-- --------------------------------------------------------

--
-- Estrutura da tabela `despacho`
--

CREATE TABLE IF NOT EXISTS `despacho` (
  `id` int(11) NOT NULL AUTO_INCREMENT,
  `tramitar_id` int(11) NOT NULL,
  `parecer_id` int(11) DEFAULT NULL,
  `correspondencias_id` int(11) DEFAULT NULL,
  `direcoes_id` int(11) NOT NULL,
  `departamentos_id` int(11) DEFAULT NULL,
  `reparticoes_id` int(11) DEFAULT NULL,
  `aguardarInstrucoes` varchar(200) DEFAULT NULL,
  `darSeguimento` varchar(200) DEFAULT NULL,
  `prepararCarta` varchar(200) DEFAULT NULL,
  `apreciar` varchar(200) DEFAULT NULL,
  `devolver` varchar(200) DEFAULT NULL,
  `prepararResposta` varchar(200) DEFAULT NULL,
  `aprovar` varchar(200) DEFAULT NULL,
  `esclarecer` varchar(200) DEFAULT NULL,
  `providenciar` varchar(200) DEFAULT NULL,
  `arquivar` varchar(200) DEFAULT NULL,
  `enviarProcesso` varchar(200) DEFAULT NULL,
  `reter` varchar(200) DEFAULT NULL,
  `assinar` varchar(200) DEFAULT NULL,
  `estudar` varchar(200) DEFAULT NULL,
  `tirarCopias` varchar(200) DEFAULT NULL,
  `autorizar` varchar(200) DEFAULT NULL,
  `falarComigo` varchar(200) DEFAULT NULL,
  `tirarFotocopias` varchar(200) DEFAULT NULL,
  `conferir` varchar(200) DEFAULT NULL,
  `habilitar` varchar(200) DEFAULT NULL,
  `tomarConhecimento` varchar(200) DEFAULT NULL,
  `confirmar` varchar(200) DEFAULT NULL,
  `informar` varchar(200) DEFAULT NULL,
  `traduzir` varchar(200) DEFAULT NULL,
  `corrigir` varchar(200) DEFAULT NULL,
  `reuniao` varchar(200) DEFAULT NULL,
  `visar` varchar(200) DEFAULT NULL,
  `dactilografar` varchar(200) DEFAULT NULL,
  `juntarProcesso` varchar(200) DEFAULT NULL,
  `passarAoSr` varchar(200) DEFAULT NULL,
  `voltarProcesso` varchar(200) DEFAULT NULL,
  `darParecer` varchar(200) DEFAULT NULL,
  `observacao` varchar(2000) DEFAULT NULL,
  `data_despacho` varchar(45) DEFAULT NULL,
  `usuarios_id` int(11) DEFAULT NULL,
  PRIMARY KEY (`id`),
  KEY `fk_despacho_usuarios` (`usuarios_id`),
  KEY `fk_despacho_correspondencia` (`tramitar_id`),
  KEY `fk_despacho_correspondencias` (`correspondencias_id`),
  KEY `fk_despacho_direcoes` (`direcoes_id`)
) ENGINE=InnoDB  DEFAULT CHARSET=latin1 AUTO_INCREMENT=3 ;

--
-- Extraindo dados da tabela `despacho`
--

INSERT INTO `despacho` (`id`, `tramitar_id`, `parecer_id`, `correspondencias_id`, `direcoes_id`, `departamentos_id`, `reparticoes_id`, `aguardarInstrucoes`, `darSeguimento`, `prepararCarta`, `apreciar`, `devolver`, `prepararResposta`, `aprovar`, `esclarecer`, `providenciar`, `arquivar`, `enviarProcesso`, `reter`, `assinar`, `estudar`, `tirarCopias`, `autorizar`, `falarComigo`, `tirarFotocopias`, `conferir`, `habilitar`, `tomarConhecimento`, `confirmar`, `informar`, `traduzir`, `corrigir`, `reuniao`, `visar`, `dactilografar`, `juntarProcesso`, `passarAoSr`, `voltarProcesso`, `darParecer`, `observacao`, `data_despacho`, `usuarios_id`) VALUES
(1, 1, 1, 6, 9, 0, 0, 'Aguardar Instruções', NULL, NULL, NULL, NULL, NULL, NULL, NULL, NULL, NULL, NULL, NULL, NULL, NULL, NULL, NULL, NULL, NULL, NULL, NULL, NULL, NULL, NULL, NULL, NULL, NULL, NULL, NULL, NULL, '', NULL, NULL, 'teste final parecer', '2019-06-06 09:08:53', 1),
(2, 2, 3, 8, 9, 0, 0, NULL, NULL, NULL, NULL, NULL, NULL, NULL, NULL, NULL, NULL, NULL, NULL, NULL, NULL, NULL, 'Autorizar', NULL, NULL, NULL, NULL, NULL, NULL, NULL, NULL, NULL, NULL, NULL, NULL, NULL, 'Armando Mavie', NULL, NULL, 'fhccghdg', '2019-06-06 10:32:36', 1);

-- --------------------------------------------------------

--
-- Estrutura da tabela `destinatario`
--

CREATE TABLE IF NOT EXISTS `destinatario` (
  `idDestinatario` int(11) NOT NULL AUTO_INCREMENT,
  `nomeDestinatario` varchar(45) DEFAULT NULL,
  `cargoId` int(11) DEFAULT NULL,
  PRIMARY KEY (`idDestinatario`),
  KEY `fk_destinatario_cargo` (`cargoId`)
) ENGINE=InnoDB  DEFAULT CHARSET=latin1 AUTO_INCREMENT=5 ;

--
-- Extraindo dados da tabela `destinatario`
--

INSERT INTO `destinatario` (`idDestinatario`, `nomeDestinatario`, `cargoId`) VALUES
(1, 'Momad Sumalgy', 1),
(2, 'Armando Mavie', 3),
(3, 'Julia Chiluvane', 3),
(4, 'Armando Mavie', 5);

-- --------------------------------------------------------

--
-- Estrutura da tabela `direcoes`
--

CREATE TABLE IF NOT EXISTS `direcoes` (
  `id` int(11) NOT NULL AUTO_INCREMENT,
  `nome` varchar(45) DEFAULT NULL,
  `abreviatura` varchar(45) DEFAULT NULL,
  `data_criacao` varchar(45) DEFAULT NULL,
  `data_alteracao` varchar(200) DEFAULT NULL,
  `estados_id` int(11) DEFAULT NULL,
  PRIMARY KEY (`id`)
) ENGINE=InnoDB  DEFAULT CHARSET=latin1 AUTO_INCREMENT=13 ;

--
-- Extraindo dados da tabela `direcoes`
--

INSERT INTO `direcoes` (`id`, `nome`, `abreviatura`, `data_criacao`, `data_alteracao`, `estados_id`) VALUES
(1, 'Inspecção da Saúde', 'IS', '2019-04-10', '', 1),
(2, 'Direção Nacional de Saúde Pública', 'DNSP', '2019-04-10', '', 1),
(3, 'Direção Nacional de Assistência Médica', 'DNAM', '2019-04-10', '', 1),
(4, 'Direção Nacional de Farmácia', 'DNF', '2019-04-10', '', 1),
(5, 'Direção Nacional de Formação de Profissionais', 'DNFPS', '2019-04-10', '', 1),
(6, 'Direção Nacional de Medicina Tradicional e Al', 'DNMTA', '2019-04-10', '', 1),
(7, 'Direção de Planificação e Cooperação', 'DPC', '2019-04-10', '', 1),
(8, 'Direção de Recursos Humanos', 'DRH', '2019-04-10', '', 1),
(9, 'Direção de Administração e Finanças', 'DAF', '2019-04-10', '', 1),
(10, 'Direção de Gestão de Garantia de Qualidade', 'DGGQ', '2019-04-10', '', 1),
(11, 'Gabinete Jurídico', 'GJ', '2019-04-10', '', 1),
(12, 'Gabinete do Ministro', 'GM', '2019-04-10', '', 1);

-- --------------------------------------------------------

--
-- Estrutura da tabela `emitente`
--

CREATE TABLE IF NOT EXISTS `emitente` (
  `id` int(11) NOT NULL AUTO_INCREMENT,
  `nome` varchar(255) DEFAULT 'MINISTÉRIO DA SAÚDE',
  `extensao` int(11) DEFAULT NULL,
  `telefone` varchar(20) DEFAULT NULL,
  `email` varchar(255) DEFAULT NULL,
  `url_logo` varchar(225) DEFAULT NULL,
  PRIMARY KEY (`id`)
) ENGINE=InnoDB  DEFAULT CHARSET=latin1 AUTO_INCREMENT=3 ;

--
-- Extraindo dados da tabela `emitente`
--

INSERT INTO `emitente` (`id`, `nome`, `extensao`, `telefone`, `email`, `url_logo`) VALUES
(1, 'MINISTÉRIO DA SAÚDE', 193, '1111111111', 'gm@misau.gov.mz', 'http://172.16.244.50/sigdoc/assets/uploads/e251ccec3263b110737af940317da3b2.png'),
(2, 'MINISTÉRIO DA SAÚDE', 150, '848912752', 'daf@misau.gov.mz', 'http://172.16.244.50/sigdoc/assets/uploads/e251ccec3263b110737af940317da3b2.png');

-- --------------------------------------------------------

--
-- Estrutura da tabela `estados`
--

CREATE TABLE IF NOT EXISTS `estados` (
  `id` int(11) NOT NULL AUTO_INCREMENT,
  `nome` varchar(45) DEFAULT NULL,
  `data_criacao` varchar(45) DEFAULT NULL,
  PRIMARY KEY (`id`)
) ENGINE=InnoDB  DEFAULT CHARSET=latin1 AUTO_INCREMENT=3 ;

--
-- Extraindo dados da tabela `estados`
--

INSERT INTO `estados` (`id`, `nome`, `data_criacao`) VALUES
(1, 'Activo', '31/01/2019'),
(2, 'Inactivo', '31/01/2019');

-- --------------------------------------------------------

--
-- Estrutura da tabela `logs`
--

CREATE TABLE IF NOT EXISTS `logs` (
  `idLogs` int(11) NOT NULL AUTO_INCREMENT,
  `usuario` varchar(80) DEFAULT NULL,
  `tarefa` varchar(100) DEFAULT NULL,
  `data` date DEFAULT NULL,
  `hora` time DEFAULT NULL,
  `ip` varchar(45) DEFAULT NULL,
  PRIMARY KEY (`idLogs`)
) ENGINE=InnoDB DEFAULT CHARSET=latin1 AUTO_INCREMENT=1 ;

-- --------------------------------------------------------

--
-- Estrutura da tabela `nivel_conf`
--

CREATE TABLE IF NOT EXISTS `nivel_conf` (
  `id` int(11) NOT NULL AUTO_INCREMENT,
  `nome` varchar(45) DEFAULT NULL,
  `descricao` varchar(45) DEFAULT NULL,
  `data_criacao` varchar(45) DEFAULT NULL,
  PRIMARY KEY (`id`)
) ENGINE=InnoDB  DEFAULT CHARSET=latin1 AUTO_INCREMENT=6 ;

--
-- Extraindo dados da tabela `nivel_conf`
--

INSERT INTO `nivel_conf` (`id`, `nome`, `descricao`, `data_criacao`) VALUES
(1, 'Segredo do Estado', NULL, '29-05-2019'),
(2, 'Secreto', NULL, '29-05-2019'),
(4, 'Restrito', NULL, '29-05-2019'),
(5, 'Confidencial', NULL, '29-05-2019');

-- --------------------------------------------------------

--
-- Estrutura da tabela `parecer`
--

CREATE TABLE IF NOT EXISTS `parecer` (
  `id` int(11) NOT NULL AUTO_INCREMENT,
  `tramitar_id` int(11) NOT NULL,
  `direcoes_id` int(11) DEFAULT NULL,
  `departamentos_id` int(11) DEFAULT '0',
  `reparticoes_id` int(11) DEFAULT '0',
  `parecer` text NOT NULL,
  `data_parecer` varchar(45) NOT NULL,
  `usuarios_id` int(11) NOT NULL,
  `estadoPar2` int(11) NOT NULL,
  `estadoDes` int(11) NOT NULL,
  `local_direcoes_id` int(11) DEFAULT NULL,
  `local_departamentos_id` int(11) DEFAULT '0',
  `local_reparticoes_id` int(11) DEFAULT '0',
  PRIMARY KEY (`id`),
  KEY `fk_parecer_usuarios` (`usuarios_id`),
  KEY `fk_parecer_direcoes` (`direcoes_id`),
  KEY `fk_parecer_tramitar` (`tramitar_id`),
  KEY `fk_parecer_local_direcoes` (`local_direcoes_id`)
) ENGINE=InnoDB  DEFAULT CHARSET=latin1 AUTO_INCREMENT=4 ;

--
-- Extraindo dados da tabela `parecer`
--

INSERT INTO `parecer` (`id`, `tramitar_id`, `direcoes_id`, `departamentos_id`, `reparticoes_id`, `parecer`, `data_parecer`, `usuarios_id`, `estadoPar2`, `estadoDes`, `local_direcoes_id`, `local_departamentos_id`, `local_reparticoes_id`) VALUES
(1, 1, 9, 0, 0, 'teste final', '2019-06-06 09:05:22', 2, 0, 1, 12, 1, 0),
(2, 2, 12, 0, 0, 'parecer 1', '2019-06-06 10:30:36', 2, 1, 0, 12, 1, 0),
(3, 2, 9, 0, 0, 'parecer2', '2019-06-06 10:31:52', 4, 0, 1, 12, 0, 0);

-- --------------------------------------------------------

--
-- Estrutura da tabela `permissoes`
--

CREATE TABLE IF NOT EXISTS `permissoes` (
  `idPermissao` int(11) NOT NULL AUTO_INCREMENT,
  `nome` varchar(80) NOT NULL,
  `permissoes` text,
  `situacao` tinyint(1) DEFAULT NULL,
  `data` date DEFAULT NULL,
  PRIMARY KEY (`idPermissao`)
) ENGINE=InnoDB  DEFAULT CHARSET=latin1 AUTO_INCREMENT=6 ;

--
-- Extraindo dados da tabela `permissoes`
--

INSERT INTO `permissoes` (`idPermissao`, `nome`, `permissoes`, `situacao`, `data`) VALUES
(1, 'Super User', 'a:39:{s:16:"aCorrespondencia";s:1:"1";s:16:"eCorrespondencia";s:1:"1";s:16:"dCorrespondencia";s:1:"1";s:16:"vCorrespondencia";s:1:"1";s:10:"iProtocolo";s:1:"1";s:16:"tCorrespondencia";s:1:"1";s:16:"pCorrespondencia";s:1:"1";s:19:"despCorrespondencia";s:1:"1";s:12:"confRecepcao";s:1:"1";s:18:"detCorrespondencia";s:1:"1";s:16:"iCorrespondencia";s:1:"1";s:10:"Relatorios";s:1:"1";s:9:"estEstado";s:1:"1";s:11:"estDespacho";s:1:"1";s:11:"estRecebido";N;s:11:"estPendente";s:1:"1";s:8:"vTipoDoc";s:1:"1";s:8:"eTipoDoc";s:1:"1";s:8:"dTipoDoc";s:1:"1";s:8:"aDirecao";s:1:"1";s:8:"eDirecao";s:1:"1";s:8:"dDirecao";s:1:"1";s:8:"vDirecao";s:1:"1";s:13:"aDepartamento";s:1:"1";s:13:"eDepartamento";s:1:"1";s:13:"dDepartamento";s:1:"1";s:13:"vDepartamento";s:1:"1";s:11:"aReparticao";s:1:"1";s:11:"eReparticao";s:1:"1";s:11:"dReparticao";s:1:"1";s:11:"vReparticao";s:1:"1";s:8:"cUsuario";s:1:"1";s:9:"cEmitente";s:1:"1";s:10:"cPermissao";s:1:"1";s:7:"cBackup";s:1:"1";s:14:"aClassificacao";s:1:"1";s:14:"eClassificacao";s:1:"1";s:14:"dClassificacao";s:1:"1";s:14:"vClassificacao";s:1:"1";}', 1, '2014-09-03'),
(2, 'Administrador', 'a:39:{s:16:"aCorrespondencia";s:1:"1";s:16:"eCorrespondencia";s:1:"1";s:16:"dCorrespondencia";s:1:"1";s:16:"vCorrespondencia";s:1:"1";s:10:"iProtocolo";s:1:"1";s:16:"tCorrespondencia";s:1:"1";s:16:"pCorrespondencia";s:1:"1";s:19:"despCorrespondencia";s:1:"1";s:12:"confRecepcao";s:1:"1";s:18:"detCorrespondencia";s:1:"1";s:16:"iCorrespondencia";s:1:"1";s:10:"Relatorios";s:1:"1";s:9:"estEstado";s:1:"1";s:11:"estDespacho";s:1:"1";s:11:"estRecebido";N;s:11:"estPendente";s:1:"1";s:8:"vTipoDoc";s:1:"1";s:8:"eTipoDoc";s:1:"1";s:8:"dTipoDoc";s:1:"1";s:8:"aDirecao";s:1:"1";s:8:"eDirecao";s:1:"1";s:8:"dDirecao";s:1:"1";s:8:"vDirecao";s:1:"1";s:13:"aDepartamento";s:1:"1";s:13:"eDepartamento";s:1:"1";s:13:"dDepartamento";s:1:"1";s:13:"vDepartamento";s:1:"1";s:11:"aReparticao";s:1:"1";s:11:"eReparticao";s:1:"1";s:11:"dReparticao";s:1:"1";s:11:"vReparticao";s:1:"1";s:8:"cUsuario";s:1:"1";s:9:"cEmitente";s:1:"1";s:10:"cPermissao";s:1:"1";s:7:"cBackup";s:1:"1";s:14:"aClassificacao";s:1:"1";s:14:"eClassificacao";s:1:"1";s:14:"dClassificacao";s:1:"1";s:14:"vClassificacao";s:1:"1";}', 1, '2017-10-11'),
(3, 'Director(a)', 'a:39:{s:16:"aCorrespondencia";N;s:16:"eCorrespondencia";N;s:16:"dCorrespondencia";N;s:16:"vCorrespondencia";s:1:"1";s:10:"iProtocolo";N;s:16:"tCorrespondencia";N;s:16:"pCorrespondencia";N;s:19:"despCorrespondencia";s:1:"1";s:12:"confRecepcao";N;s:18:"detCorrespondencia";N;s:16:"iCorrespondencia";s:1:"1";s:10:"Relatorios";N;s:9:"estEstado";s:1:"1";s:11:"estDespacho";s:1:"1";s:11:"estRecebido";N;s:11:"estPendente";s:1:"1";s:8:"vTipoDoc";N;s:8:"eTipoDoc";N;s:8:"dTipoDoc";N;s:8:"aDirecao";N;s:8:"eDirecao";N;s:8:"dDirecao";N;s:8:"vDirecao";N;s:13:"aDepartamento";N;s:13:"eDepartamento";N;s:13:"dDepartamento";N;s:13:"vDepartamento";N;s:11:"aReparticao";N;s:11:"eReparticao";N;s:11:"dReparticao";N;s:11:"vReparticao";N;s:8:"cUsuario";N;s:9:"cEmitente";N;s:10:"cPermissao";N;s:7:"cBackup";N;s:14:"aClassificacao";N;s:14:"eClassificacao";N;s:14:"dClassificacao";N;s:14:"vClassificacao";N;}', 1, '2017-10-11'),
(4, 'Chefe da Secretaria', 'a:39:{s:16:"aCorrespondencia";N;s:16:"eCorrespondencia";N;s:16:"dCorrespondencia";N;s:16:"vCorrespondencia";s:1:"1";s:10:"iProtocolo";s:1:"1";s:16:"tCorrespondencia";s:1:"1";s:16:"pCorrespondencia";s:1:"1";s:19:"despCorrespondencia";N;s:12:"confRecepcao";s:1:"1";s:18:"detCorrespondencia";s:1:"1";s:16:"iCorrespondencia";s:1:"1";s:10:"Relatorios";s:1:"1";s:9:"estEstado";s:1:"1";s:11:"estDespacho";s:1:"1";s:11:"estRecebido";N;s:11:"estPendente";s:1:"1";s:8:"vTipoDoc";N;s:8:"eTipoDoc";N;s:8:"dTipoDoc";N;s:8:"aDirecao";N;s:8:"eDirecao";N;s:8:"dDirecao";N;s:8:"vDirecao";N;s:13:"aDepartamento";N;s:13:"eDepartamento";N;s:13:"dDepartamento";N;s:13:"vDepartamento";N;s:11:"aReparticao";N;s:11:"eReparticao";N;s:11:"dReparticao";N;s:11:"vReparticao";N;s:8:"cUsuario";N;s:9:"cEmitente";N;s:10:"cPermissao";N;s:7:"cBackup";N;s:14:"aClassificacao";N;s:14:"eClassificacao";N;s:14:"dClassificacao";N;s:14:"vClassificacao";N;}', 1, '2017-11-28'),
(5, 'Técnico Administrativo', 'a:39:{s:16:"aCorrespondencia";s:1:"1";s:16:"eCorrespondencia";N;s:16:"dCorrespondencia";N;s:16:"vCorrespondencia";s:1:"1";s:10:"iProtocolo";s:1:"1";s:16:"tCorrespondencia";N;s:16:"pCorrespondencia";N;s:19:"despCorrespondencia";N;s:12:"confRecepcao";s:1:"1";s:18:"detCorrespondencia";s:1:"1";s:16:"iCorrespondencia";s:1:"1";s:10:"Relatorios";N;s:9:"estEstado";s:1:"1";s:11:"estDespacho";s:1:"1";s:11:"estRecebido";N;s:11:"estPendente";s:1:"1";s:8:"vTipoDoc";N;s:8:"eTipoDoc";N;s:8:"dTipoDoc";N;s:8:"aDirecao";N;s:8:"eDirecao";N;s:8:"dDirecao";N;s:8:"vDirecao";N;s:13:"aDepartamento";N;s:13:"eDepartamento";N;s:13:"dDepartamento";N;s:13:"vDepartamento";N;s:11:"aReparticao";N;s:11:"eReparticao";N;s:11:"dReparticao";N;s:11:"vReparticao";N;s:8:"cUsuario";N;s:9:"cEmitente";N;s:10:"cPermissao";N;s:7:"cBackup";N;s:14:"aClassificacao";N;s:14:"eClassificacao";N;s:14:"dClassificacao";N;s:14:"vClassificacao";N;}', 1, '2017-12-04');

-- --------------------------------------------------------

--
-- Estrutura da tabela `prioridades`
--

CREATE TABLE IF NOT EXISTS `prioridades` (
  `id` int(11) NOT NULL AUTO_INCREMENT,
  `nome` varchar(45) DEFAULT NULL,
  `descricao` varchar(45) DEFAULT NULL,
  `data_criacao` varchar(45) DEFAULT NULL,
  PRIMARY KEY (`id`)
) ENGINE=InnoDB  DEFAULT CHARSET=latin1 AUTO_INCREMENT=5 ;

--
-- Extraindo dados da tabela `prioridades`
--

INSERT INTO `prioridades` (`id`, `nome`, `descricao`, `data_criacao`) VALUES
(1, 'Normal', NULL, '31/03/2019'),
(2, 'Urgente', NULL, '31/03/2019'),
(3, 'Muito Urgente', NULL, '31/03/2019'),
(4, 'Outros', NULL, '31/03/2019');

-- --------------------------------------------------------

--
-- Estrutura da tabela `pro_externa`
--

CREATE TABLE IF NOT EXISTS `pro_externa` (
  `id` int(200) NOT NULL AUTO_INCREMENT,
  `nome` varchar(200) DEFAULT NULL,
  `abreviatura` varchar(200) DEFAULT NULL,
  `email` varchar(200) DEFAULT NULL,
  `contacto` varchar(200) DEFAULT NULL,
  `endereco` varchar(200) DEFAULT NULL,
  `data_criacao` varchar(45) NOT NULL,
  PRIMARY KEY (`id`)
) ENGINE=InnoDB  DEFAULT CHARSET=latin1 AUTO_INCREMENT=22 ;

--
-- Extraindo dados da tabela `pro_externa`
--

INSERT INTO `pro_externa` (`id`, `nome`, `abreviatura`, `email`, `contacto`, `endereco`, `data_criacao`) VALUES
(1, 'Ministério da Educação e Desenvolvimento Humano', 'MINED', '', '', '', ''),
(2, 'Ministério da Ciência e Tecnologia Ensino Superior e Técnico Profissional', 'MCTESTP', '', '', '', ''),
(3, 'Ministério da Cultura e Turismo', 'MICULTUR', '', '', '', ''),
(4, 'Ministério do Trabalho, Emprego e Segurança Social', 'MITESS', '', '', '', ''),
(5, 'Ministério dos Negócios Estrangeiros e Cooperação', 'MINEC', '', '', '', ''),
(6, 'Ministério do Interior', 'MINT', '', '', '', ''),
(7, 'Ministério da Economia e Finanças', 'MEF', '', '', '', ''),
(8, 'Ministério dos Transportes e Comunicação', 'MTC', '', '', '', ''),
(9, 'Ministério da Agricultura e Segurança Alimentar', 'MASA', '', '', '', ''),
(10, 'Ministério do Género, Criança e Acção Social', 'MIGCAS', '', '', '', ''),
(11, 'Ministério do Mar, Águas Interiores e Pescas', 'MOZPESCA', '', '', '', ''),
(12, 'Ministério dos Recursos Minerais e Energia', 'MIREME', '', '', '', ''),
(13, 'Ministério da Indústria e Comércio', 'MIC', '', '', '', ''),
(14, 'Ministério da Saude', 'MISAU', 'misau@misau.gov.mz', '8481216', 'Av. Eduardo Modlane', ''),
(15, 'teste', 'teste', '', '', '', ''),
(16, 'Ministério do HipHop', 'MIH', 'mih@gov.mz', '88888888', 'Bairro Central', ''),
(17, 'Teste2', 'Teste2', 'Teste2@gmai.com', '8489', 'Av. Eduardo Modlane 1', ''),
(18, 'Armando Arlindo Mavie', 'AM', 'armandomaviee@gmail.com', '848912752', 'Matola-fomento', ''),
(19, 'Jembi Moassis', 'Moassis', '', '', '', '2019-04-16'),
(20, 'Pastelaria Nilo', 'Pastelaria Nilo', '', '', '', '2019-04-16'),
(21, 'sdds', 'sdds', 'dir@misau.gov.mz', 'sdd', 'dsd', '2019-06-06');

-- --------------------------------------------------------

--
-- Estrutura da tabela `reparticoes`
--

CREATE TABLE IF NOT EXISTS `reparticoes` (
  `id` int(11) NOT NULL AUTO_INCREMENT,
  `nome` varchar(200) DEFAULT NULL,
  `abreviatura` varchar(45) NOT NULL,
  `departamentos_id` int(11) DEFAULT NULL,
  PRIMARY KEY (`id`),
  KEY `fk_reparticoes_departamentos` (`departamentos_id`)
) ENGINE=InnoDB  DEFAULT CHARSET=latin1 AUTO_INCREMENT=49 ;

--
-- Extraindo dados da tabela `reparticoes`
--

INSERT INTO `reparticoes` (`id`, `nome`, `abreviatura`, `departamentos_id`) VALUES
(1, 'Setor de Atendimento ao Servidor', 'SAT', 8),
(2, 'Repartição de Inspenção  de Cuidados Curativos e Preventivos', 'RICCP', 9),
(3, 'Repartição de Inspenção  de Saúde Primários', 'RICSP', 9),
(4, 'Repartição de Inspenção  e Fiscalização de Aprovisionamento, Importação e Exportação de Produtos Farmaceuticos', 'RIFAIEPF', 10),
(5, 'Repartição de Inspenção e Fiscalização de Industria Farmaceutica', 'RIFIF', 10),
(6, 'Repartição de Inspenção de Formação de Profissionais de Saúde e Formação Contínua', 'RIFPSFC', 11),
(7, 'Repartiçaõ de Inspenção de Administração Académica', 'RIAA', 11),
(8, 'Repartição de Inspenção Administrativa', 'RIA', 12),
(9, 'Repartiçaõ de Saúde Sexual, Reprodutiva e Cuidados Continuados', 'RSSRCC', 13),
(10, 'Repartição de Saúde da Mulher', 'RSM', 13),
(11, 'Repartição de Saúde da Criança', 'RSC', 13),
(12, 'Repartição de Alimentação Infantil', 'RAI', 14),
(13, 'Repartição de Deficiêncica em Micronutrientes e Reabilitaçâo Nutricional', 'RDMRN', 14),
(14, 'Repartição de Vigiância Nutricional', 'RVN', 14),
(15, 'Repartição de Nutrição Clínica e Dietíca', 'RNCD', 14),
(16, 'Repartição de Educação e Comuicação para Saúde', 'RECS', 15),
(17, 'Repatição de Promoção de Práticas Desportivas', 'RPPD', 15),
(18, 'Repartição de Saúde Escolar e do Adolescente', 'RSEA', 15),
(19, 'Repartição de Advocacia e Mobilização Comunitária', 'RAMC', 15),
(20, 'Repartição de Prevenção de Abuso de Substâncias', 'RPAS', 16),
(21, 'Repartição de Cuidados de Saúde mental e Atenção Especial', 'RCSMAE', 16),
(22, 'Repartição de Vigilância de Doenças Não Transmissíveis', 'RVDN', 17),
(23, 'Repartição das Doenças Previniveis por Vacina', 'RDPV', 17),
(24, 'Repartição de Prevenção e Controlo das Zoonoses', 'RPCZ', 18),
(25, 'Repartição de Doenças Transmitidas por Vectores', 'RDTV', 18),
(26, 'Repartição de Prevenção de Controle de outras Doenças', 'RPCDC', 18),
(27, 'Repartição de  Controlo de Doenças Cardiovasculares, Diabetes e Cancros', 'RCDCDC', 18),
(28, 'Repartição de Alimentos Seguros', 'RASEG', 19),
(29, 'Repartição de Controlo Sanitário nos Pontos de Entrada', 'Repcspe', 19),
(30, 'Repartição de Higiene e proteccao Ambiental', 'RepHPA', 19),
(31, 'Reartição de Saúde Ocupacional', 'RepSO', 19),
(32, 'Repartição de Qualidade', 'RepQ', 20),
(33, 'Repartição de Microbiologia de Águas e Alimentos', 'RepMAA', 20),
(34, 'Repartição da Qualidade', 'RepQua', 6),
(35, 'Repartição de Quimica de Aguas, Alimentos e Contaminantes Ambientes', 'RepQAQCQ', 21),
(36, 'Repartição de Normas e Procedimentos de Gestão Hospitalar', 'RepMPGH', 23),
(37, 'Repartição de Estatísticas e Arquivos Clínicos', 'RepEAC', 23),
(38, 'Repartição de Hotelaria Hospitalar', 'RepHH', 23),
(39, 'Repartição de Privada', 'RepPri', 23),
(40, 'Repartição de Anestesia, Reanimação e Urgencias Hospitalares', 'RepARUH', 24),
(41, 'Repartição de Normalização e Supervisão practica de Enfermagem', 'RepNSPE', 25),
(42, 'Repartição dos blocos Operatórios', 'RepBO', 25),
(43, 'Repartição de Prevenção e Controlo de Infecções e Segurança do Utente', 'RepPCISU', 25),
(44, 'Repartição de Imagiologia e Radiotrapia', 'RepIR', 26),
(45, 'Repartição de Laboratório Clinico', 'RepLC', 26),
(46, 'Repartição de Medicina Legal', 'RepML', 26),
(47, 'Repartição de Humanização dos Provedores de Saúde', 'RepHPS', 28),
(48, 'Repartição de Apoio do utente e dos Comités de co-gestão', 'RepAUCcg', 28);

-- --------------------------------------------------------

--
-- Estrutura da tabela `tipo_doc`
--

CREATE TABLE IF NOT EXISTS `tipo_doc` (
  `id` int(11) NOT NULL AUTO_INCREMENT,
  `nome` varchar(200) DEFAULT NULL,
  `descricao` varchar(200) DEFAULT NULL,
  PRIMARY KEY (`id`)
) ENGINE=InnoDB  DEFAULT CHARSET=latin1 AUTO_INCREMENT=24 ;

--
-- Extraindo dados da tabela `tipo_doc`
--

INSERT INTO `tipo_doc` (`id`, `nome`, `descricao`) VALUES
(1, 'CARTA', ''),
(2, 'CONVITE', ''),
(3, 'ATA', 'Documento de valor jurídico, que consiste em registro narrativo fidedigno e decisões do que passou em uma assembleia, sessão ou reunião. Pode ser lavrada em livro próprio, autenticado, com páginas num'),
(4, 'ATESTADO', 'Documento firmado por servidor em razão do cargo que ocupa, ou função que exerce, declarando um fato existente, mas que não consta em livros, papéis ou documentos em poder da Administração.'),
(5, 'CERTIDÃO', 'Documento fornecido pela administração ao interessado, afirmando a existência de ato ou assentamentos constantes de processo, livro ou documentos que se encontrem nas repartições públicas. Pode ser de'),
(6, 'COMUNICADO', 'O comunicado é um tipo de aviso ou recado oficial, que é utilizado com o objetivo de passar uma determinada informação. Uma empresa, um colégio, órgãos da administração pública, entre outros costumam '),
(7, 'CIRCULAR', 'Correspondência de caráter interno da Instituição, expedida simultaneamente a diversos destinatários, com o objetivo de transmitir rotinas, orientações, procedimentos, esclarecer o conteúdo de leis, n'),
(8, 'CONVOCAÇÃO', 'Convocação é uma forma de comunicação escrita em que se convida ou chama alguém para uma reunião. Na elaboração do texto, é necessário especificar local, data, finalidade. A garantia da inteligibilida'),
(9, 'CONTRATO', 'Instrumento jurídico em que se firmam direitos e obrigações entre duas ou mais pessoas, sobre objeto lícito e possível, com o fim de adquirir, modificar, extinguir ou resguardar direitos. Contrato adm'),
(10, 'CONVÊNIO', 'Acordo bilateral e multilateral celebrado entre entidades públicas e outra ou outras entidades públicas ou privadas para realização de objetivos de interesse comum dos partícipes. Convênio é acordo, m'),
(11, 'DECISÃO', 'Pronunciamento final de autoridade administrativa competente. É competência dos Conselhos Superiores e Centros Universitários.'),
(12, 'DECLARAÇÃO', 'Documento firmado por servidor em razão do cargo que ocupa, ou função que exerce, declarando um fato existente, que consta em livros, papéis ou documentos em poder da Administração.'),
(13, 'DESPACHO', 'É a decisão proferida pela autoridade administrativa no caso submetido à sua apreciação. Pode ser informativo ou decisório. Usualmente, parte integrante de processo. Quanto ao seu conteúdo pode ser de'),
(14, 'EDITAL', 'Instrumento de comunicação utilizado pela Administração Pública para fins de abertura de concorrência e de concurso público, provimento de cargo público, convocação de servidor, licitações e divulgaçã'),
(15, 'MEMORANDO', 'Comunicação interna utilizada pelas chefias ou servidores autorizados, na qual se expõe qualquer assunto referente à atividade administrativa. Pelas suas características de certa informalidade, o memo'),
(16, 'NORMA DE SERVIÇO', 'Comunicação interna destinada a estabelecer os procedimentos básicos para o funcionamento e fixa a política de ação da Universidade. Aplica as diretrizes e os critérios estabelecidos na legislação e e'),
(17, 'OFÍCIO', ' Comunicação que as autoridades fazem entre si, entre subalternos e superiores, e entre a Administração e particulares, em caráter oficial. É o tipo mais comum de correspondência oficial. Embora norma'),
(18, 'ORDEM DE SERVIÇO', 'Ato interno, através do qual determinam instruções a respeito de procedimentos estabelecidos em Norma de Serviço e Resolução, em obediência à determinação prescrita nestas, ou para esclarecer os seus '),
(19, 'PARECER', 'Estudo minucioso, redigido com clareza, documentado cientificamente, visando esclarecer a dúvida constitutiva do objeto de consulta.'),
(20, 'PROTOCOLO DE INTENÇÕES', 'Acordo bilateral celebrado entre a Universidade e outra entidade pública ou privada que querem fazer alguma parceria ou promover convênios, visando ações nas áreas de ensino, pesquisa e extensão. Assi'),
(21, 'REGULAMENTO', 'Ato normativo que constitui a lei do corpo administrativo a que se destina, sendo regra geral, produto de elaboração e revisão de Comissão instituída pelo Reitor. Constituída por servidores do próprio'),
(22, 'RELATÓRIO', 'Documento onde o servidor expõe a atividade de um órgão/setor ou presta conta de seus atos a uma autoridade, de nível hierárquico superior. Geralmente produzido para expor situações de serviço, result'),
(23, 'NOTA', '');

-- --------------------------------------------------------

--
-- Estrutura da tabela `tipo_pro`
--

CREATE TABLE IF NOT EXISTS `tipo_pro` (
  `id` int(11) NOT NULL AUTO_INCREMENT,
  `nome` varchar(45) DEFAULT NULL,
  PRIMARY KEY (`id`)
) ENGINE=InnoDB DEFAULT CHARSET=latin1 AUTO_INCREMENT=1 ;

-- --------------------------------------------------------

--
-- Estrutura da tabela `tramitar`
--

CREATE TABLE IF NOT EXISTS `tramitar` (
  `id` int(11) NOT NULL AUTO_INCREMENT,
  `correspondencias_id` int(11) NOT NULL,
  `direcoes_id` int(11) NOT NULL,
  `departamentos_id` int(11) DEFAULT '0',
  `reparticoes_id` int(11) DEFAULT '0',
  `observacao` varchar(45) DEFAULT NULL,
  `data_tramitar` varchar(200) DEFAULT NULL,
  `usuarios_id` int(11) NOT NULL,
  `estadoPar` int(11) NOT NULL,
  `estadoDes` int(11) NOT NULL,
  PRIMARY KEY (`id`),
  KEY `fk_tramitar_correspondencias` (`correspondencias_id`),
  KEY `fk_tramitar_usuarios` (`usuarios_id`),
  KEY `fk_tramitar_tramitar` (`direcoes_id`)
) ENGINE=InnoDB  DEFAULT CHARSET=latin1 AUTO_INCREMENT=8 ;

--
-- Extraindo dados da tabela `tramitar`
--

INSERT INTO `tramitar` (`id`, `correspondencias_id`, `direcoes_id`, `departamentos_id`, `reparticoes_id`, `observacao`, `data_tramitar`, `usuarios_id`, `estadoPar`, `estadoDes`) VALUES
(1, 6, 12, 1, 0, '', '2019-06-06 09:03:57', 1, 1, 0),
(2, 8, 12, 1, 0, '', '2019-06-06 10:30:03', 1, 1, 0),
(3, 1, 9, 0, 0, '', '2019-06-06 23:47:53', 1, 0, 0),
(7, 9, 9, 0, 0, '', '2019-06-06 23:55:23', 1, 0, 0);

-- --------------------------------------------------------

--
-- Estrutura da tabela `usuarios`
--

CREATE TABLE IF NOT EXISTS `usuarios` (
  `id` int(11) NOT NULL AUTO_INCREMENT,
  `funcionarios_id` int(11) DEFAULT NULL,
  `direcoes_id` int(11) NOT NULL,
  `departamentos_id` int(11) NOT NULL,
  `reparticoes_id` int(11) NOT NULL,
  `permissoes_id` int(11) DEFAULT NULL,
  `nome` varchar(80) DEFAULT NULL,
  `apelido` varchar(20) DEFAULT NULL,
  `email` varchar(80) DEFAULT NULL,
  `senha` varchar(200) DEFAULT NULL,
  `situacao` tinyint(1) DEFAULT NULL,
  `dataCadastro` date DEFAULT NULL,
  PRIMARY KEY (`id`),
  KEY `fk_usuarios_permissoes1_idx` (`permissoes_id`),
  KEY `fk_usuarios_direcoes` (`direcoes_id`)
) ENGINE=InnoDB  DEFAULT CHARSET=latin1 AUTO_INCREMENT=5 ;

--
-- Extraindo dados da tabela `usuarios`
--

INSERT INTO `usuarios` (`id`, `funcionarios_id`, `direcoes_id`, `departamentos_id`, `reparticoes_id`, `permissoes_id`, `nome`, `apelido`, `email`, `senha`, `situacao`, `dataCadastro`) VALUES
(1, 1, 9, 0, 0, 1, 'Armando Arlindo', 'Mavie', 'amavie@misau.gov.mz', '64ada08f3e74157001a52d13e76cffaf4ea2f67bba70d5aa0739330404656b0dad2d3920df996885d7c8d42793998110d89c944856eb4eae684b756f29803814JMf5y/BQLuJPz94SG1AwP2J+ulgamIBLFvWt0WOfF08=', 1, '2019-05-26'),
(2, NULL, 12, 1, 0, 1, 'Momade Sumalgy', 'Sumalgy', 'msumalgy@misau.gov.mz', '7db81efdf5d58c9651ef68923a7c1d794277d37aa6012d5b5734f2c16634b95708c1e4e764688884d3f514cce7dbbfafe93edf552455364af2eae0df40240683aNxYcGAeYCe5YbdmU0iyBkVlU6LyYD1TFk2RALGGCAk=', 1, '2019-05-26'),
(3, NULL, 3, 23, 38, 2, 'Mevies Mugabe', 'Mugabe', 'mmugabe@misau.gov.mz', '43e48aaa43e07fcf10f7458c7deba4aed391d52f9ace39db0afc01e1ceaa68637808421bdc0a7cb53807b4176b85dd4e678cfa414f15cab12cb5a3f019ceb884C81rjd07O0dJVvTL0P63/xjYxoNuy0g03deids0BnQ4=', 1, '2019-05-26'),
(4, NULL, 12, 0, 0, 1, 'Domigas Come', 'Come', 'dcome@misau.gov.mz', '9c4505589b607fe1b8123a5a9d55a6a799a67f5c67ac836908d0ac5c18c4ec65b0471c74f9235a78f002bdb275fd230bffde45aa34248e7564fc067746cffdc52O+MOIHl1FJtIL22l+N7qq4Xo62ygFC0ScjDU1gBVAg=', 1, '2019-05-26');

-- --------------------------------------------------------

--
-- Structure for view `consultarcargo`
--
DROP TABLE IF EXISTS `consultarcargo`;

CREATE ALGORITHM=UNDEFINED DEFINER=`root`@`localhost` SQL SECURITY DEFINER VIEW `consultarcargo` AS select `c`.`nomeCargo` AS `nomeCargo`,`d`.`nomeDestinatario` AS `nomeDestinatario`,`d`.`idDestinatario` AS `idDestinatario` from (`cargo` `c` join `destinatario` `d`) where (`d`.`cargoId` = `c`.`idCargo`);

--
-- Constraints for dumped tables
--

--
-- Limitadores para a tabela `categorias`
--
ALTER TABLE `categorias`
  ADD CONSTRAINT `fk_categorias_estados` FOREIGN KEY (`estados_id`) REFERENCES `estados` (`id`) ON DELETE NO ACTION ON UPDATE NO ACTION;

--
-- Limitadores para a tabela `correspondencias`
--
ALTER TABLE `correspondencias`
  ADD CONSTRAINT `fk_correspondencias_categorias` FOREIGN KEY (`categorias_id`) REFERENCES `categorias` (`id`) ON DELETE NO ACTION ON UPDATE NO ACTION,
  ADD CONSTRAINT `fk_correspondencias_classificador` FOREIGN KEY (`classificacao_id`) REFERENCES `classificacao` (`id`) ON DELETE NO ACTION ON UPDATE NO ACTION,
  ADD CONSTRAINT `fk_correspondencias_local_direcoes` FOREIGN KEY (`local_direcoes_id`) REFERENCES `direcoes` (`id`) ON DELETE NO ACTION ON UPDATE NO ACTION,
  ADD CONSTRAINT `fk_correspondencias_prioridades` FOREIGN KEY (`prioridades_id`) REFERENCES `prioridades` (`id`) ON DELETE NO ACTION ON UPDATE NO ACTION,
  ADD CONSTRAINT `fk_correspondencias_pro_direcoes` FOREIGN KEY (`pro_direcoes_id`) REFERENCES `direcoes` (`id`) ON DELETE NO ACTION ON UPDATE NO ACTION,
  ADD CONSTRAINT `fk_correspondencias_tipoDoc` FOREIGN KEY (`tipo_doc_id`) REFERENCES `tipo_doc` (`id`) ON DELETE NO ACTION ON UPDATE NO ACTION,
  ADD CONSTRAINT `fk_correspondencias_usuarios` FOREIGN KEY (`usuarios_id`) REFERENCES `usuarios` (`id`) ON DELETE NO ACTION ON UPDATE NO ACTION;

--
-- Limitadores para a tabela `corre_sigiloso`
--
ALTER TABLE `corre_sigiloso`
  ADD CONSTRAINT `fk_corre_sigiloso_categorias` FOREIGN KEY (`categorias_id`) REFERENCES `categorias` (`id`) ON DELETE NO ACTION ON UPDATE NO ACTION,
  ADD CONSTRAINT `fk_corre_sigiloso_destinatario` FOREIGN KEY (`destinatarios_id`) REFERENCES `destinatario` (`idDestinatario`) ON DELETE NO ACTION ON UPDATE NO ACTION,
  ADD CONSTRAINT `fk_corre_sigiloso_direcoes` FOREIGN KEY (`pro_direcoes_id`) REFERENCES `direcoes` (`id`) ON DELETE NO ACTION ON UPDATE NO ACTION,
  ADD CONSTRAINT `fk_corre_sigiloso_local_direcoes` FOREIGN KEY (`local_direcoes_id`) REFERENCES `direcoes` (`id`) ON DELETE NO ACTION ON UPDATE NO ACTION,
  ADD CONSTRAINT `fk_corre_sigiloso_nivel_conf` FOREIGN KEY (`nivel_conf_id`) REFERENCES `nivel_conf` (`id`) ON DELETE NO ACTION ON UPDATE NO ACTION,
  ADD CONSTRAINT `fk_corre_sigiloso_usuarios` FOREIGN KEY (`usuarios_id`) REFERENCES `usuarios` (`id`) ON DELETE NO ACTION ON UPDATE NO ACTION;

--
-- Limitadores para a tabela `departamentos`
--
ALTER TABLE `departamentos`
  ADD CONSTRAINT `fk_departamentos_direcoes` FOREIGN KEY (`direcoes_id`) REFERENCES `direcoes` (`id`) ON DELETE NO ACTION ON UPDATE NO ACTION;

--
-- Limitadores para a tabela `despacho`
--
ALTER TABLE `despacho`
  ADD CONSTRAINT `fk_despacho_correspondencias` FOREIGN KEY (`correspondencias_id`) REFERENCES `correspondencias` (`id`) ON DELETE NO ACTION ON UPDATE NO ACTION,
  ADD CONSTRAINT `fk_despacho_direcoes` FOREIGN KEY (`direcoes_id`) REFERENCES `direcoes` (`id`) ON DELETE NO ACTION ON UPDATE NO ACTION,
  ADD CONSTRAINT `fk_despacho_tramitar` FOREIGN KEY (`tramitar_id`) REFERENCES `tramitar` (`id`) ON DELETE NO ACTION ON UPDATE NO ACTION,
  ADD CONSTRAINT `fk_despacho_usuarios` FOREIGN KEY (`usuarios_id`) REFERENCES `usuarios` (`id`) ON DELETE NO ACTION ON UPDATE NO ACTION;

--
-- Limitadores para a tabela `destinatario`
--
ALTER TABLE `destinatario`
  ADD CONSTRAINT `fk_destinatario_cargo` FOREIGN KEY (`cargoId`) REFERENCES `cargo` (`idCargo`) ON DELETE NO ACTION ON UPDATE NO ACTION;

--
-- Limitadores para a tabela `parecer`
--
ALTER TABLE `parecer`
  ADD CONSTRAINT `fk_parecer_direcoes` FOREIGN KEY (`direcoes_id`) REFERENCES `direcoes` (`id`) ON DELETE NO ACTION ON UPDATE NO ACTION,
  ADD CONSTRAINT `fk_parecer_local_direcoes` FOREIGN KEY (`local_direcoes_id`) REFERENCES `direcoes` (`id`) ON DELETE NO ACTION ON UPDATE NO ACTION,
  ADD CONSTRAINT `fk_parecer_tramitar` FOREIGN KEY (`tramitar_id`) REFERENCES `tramitar` (`id`) ON DELETE NO ACTION ON UPDATE NO ACTION,
  ADD CONSTRAINT `fk_parecer_usuarios` FOREIGN KEY (`usuarios_id`) REFERENCES `usuarios` (`id`) ON DELETE NO ACTION ON UPDATE NO ACTION;

--
-- Limitadores para a tabela `reparticoes`
--
ALTER TABLE `reparticoes`
  ADD CONSTRAINT `fk_reparticoes_departamentos` FOREIGN KEY (`departamentos_id`) REFERENCES `departamentos` (`id`) ON DELETE NO ACTION ON UPDATE NO ACTION;

--
-- Limitadores para a tabela `tramitar`
--
ALTER TABLE `tramitar`
  ADD CONSTRAINT `fk_tramitar_correspondencias` FOREIGN KEY (`correspondencias_id`) REFERENCES `correspondencias` (`id`) ON DELETE NO ACTION ON UPDATE NO ACTION,
  ADD CONSTRAINT `fk_tramitar_usuarios` FOREIGN KEY (`usuarios_id`) REFERENCES `usuarios` (`id`) ON DELETE NO ACTION ON UPDATE NO ACTION;

--
-- Limitadores para a tabela `usuarios`
--
ALTER TABLE `usuarios`
  ADD CONSTRAINT `fk_usuarios_direcoes` FOREIGN KEY (`direcoes_id`) REFERENCES `direcoes` (`id`) ON DELETE NO ACTION ON UPDATE NO ACTION,
  ADD CONSTRAINT `fk_usuarios_permissoes1` FOREIGN KEY (`permissoes_id`) REFERENCES `permissoes` (`idPermissao`) ON DELETE NO ACTION ON UPDATE NO ACTION;

/*!40101 SET CHARACTER_SET_CLIENT=@OLD_CHARACTER_SET_CLIENT */;
/*!40101 SET CHARACTER_SET_RESULTS=@OLD_CHARACTER_SET_RESULTS */;
/*!40101 SET COLLATION_CONNECTION=@OLD_COLLATION_CONNECTION */;
