-- phpMyAdmin SQL Dump
-- version 4.6.5.2
-- https://www.phpmyadmin.net/
--
-- Host: 127.0.0.1
-- Generation Time: Dec 20, 2018 at 06:50 PM
-- Server version: 10.1.21-MariaDB
-- PHP Version: 5.6.30

SET SQL_MODE = "NO_AUTO_VALUE_ON_ZERO";
SET time_zone = "+00:00";


/*!40101 SET @OLD_CHARACTER_SET_CLIENT=@@CHARACTER_SET_CLIENT */;
/*!40101 SET @OLD_CHARACTER_SET_RESULTS=@@CHARACTER_SET_RESULTS */;
/*!40101 SET @OLD_COLLATION_CONNECTION=@@COLLATION_CONNECTION */;
/*!40101 SET NAMES utf8mb4 */;

--
-- Database: `sigdoc`
--

-- --------------------------------------------------------

--
-- Table structure for table `anexos`
--

CREATE TABLE `anexos` (
  `idAnexos` int(11) NOT NULL,
  `anexo` varchar(45) DEFAULT NULL,
  `thumb` varchar(45) DEFAULT NULL,
  `url` varchar(300) DEFAULT NULL,
  `path` varchar(300) DEFAULT NULL,
  `os_id` int(11) NOT NULL
) ENGINE=InnoDB DEFAULT CHARSET=latin1;

-- --------------------------------------------------------

--
-- Table structure for table `cargo`
--

CREATE TABLE `cargo` (
  `idCargo` int(11) NOT NULL,
  `nomeCargo` varchar(45) DEFAULT NULL,
  `descricao` varchar(200) NOT NULL
) ENGINE=InnoDB DEFAULT CHARSET=latin1;

--
-- Dumping data for table `cargo`
--

INSERT INTO `cargo` (`idCargo`, `nomeCargo`, `descricao`) VALUES
(1, 'Chefe de DTIC', ''),
(2, 'Tec. Informatico', ''),
(3, 'Tec. Sup.', '      sdfsddfd'),
(4, 'Director', 'sadasdasdasdsadas');

-- --------------------------------------------------------

--
-- Table structure for table `categorias`
--

CREATE TABLE `categorias` (
  `idCategorias` int(11) NOT NULL,
  `categoria` varchar(80) DEFAULT NULL,
  `cadastro` date DEFAULT NULL,
  `status` tinyint(1) DEFAULT NULL,
  `tipo` varchar(15) DEFAULT NULL
) ENGINE=InnoDB DEFAULT CHARSET=latin1;

-- --------------------------------------------------------

--
-- Table structure for table `ci_sessions`
--

CREATE TABLE `ci_sessions` (
  `id` varchar(128) NOT NULL,
  `ip_address` varchar(45) NOT NULL,
  `timestamp` int(10) UNSIGNED NOT NULL DEFAULT '0',
  `data` blob NOT NULL
) ENGINE=InnoDB DEFAULT CHARSET=latin1;

--
-- Dumping data for table `ci_sessions`
--

INSERT INTO `ci_sessions` (`id`, `ip_address`, `timestamp`, `data`) VALUES
('2eb5fm4ogs6du6kuulj544r4on2lqv0f', '172.16.250.251', 1542213841, 0x5f5f63695f6c6173745f726567656e65726174657c693a313534323231333830333b6e6f6d657c733a31353a2241726d616e646f2041726c696e646f223b6c6f63616c7c733a373a22474d2f44544943223b656d61696c7c733a31393a22616d61766965406d697361752e676f762e6d7a223b69647c733a313a2232223b7065726d697373616f7c733a313a2231223b6c6f6761646f7c623a313b),
('fs1l1o27k7fdm5t4gmgeb41ppbm8mqfs', '172.16.250.251', 1542214495, 0x5f5f63695f6c6173745f726567656e65726174657c693a313534323231343230343b6e6f6d657c733a32333a2254c3a9636e69636f2041646d696e69737472617469766f223b6c6f63616c7c733a333a22445248223b656d61696c7c733a32383a227461646d696e69737472617469766f406d697361752e676f762e6d7a223b69647c733a313a2233223b7065726d697373616f7c733a313a2235223b6c6f6761646f7c623a313b),
('njv2jok5mdg2db88e2agldua849d7no4', '172.16.250.251', 1542214644, 0x5f5f63695f6c6173745f726567656e65726174657c693a313534323231343631383b6e6f6d657c733a31393a2243686566652064612053656372657461726961223b6c6f63616c7c733a333a22445248223b656d61696c7c733a32343a226373656372657461726961406d697361752e676f762e6d7a223b69647c733a313a2234223b7065726d697373616f7c733a313a2234223b6c6f6761646f7c623a313b),
('g1pss76nno6n9chfga76osj1bidat079', '172.16.243.215', 1542215614, 0x5f5f63695f6c6173745f726567656e65726174657c693a313534323231353539333b6e6f6d657c733a353a224d6f6d6164223b6c6f63616c7c733a373a22474d2f44544943223b656d61696c7c733a32313a226d73756d616c6779406d697361752e676f762e6d7a223b69647c733a313a2231223b7065726d697373616f7c733a313a2233223b6c6f6761646f7c623a313b),
('rscnm00b9dtacnfm6h8p35quhkgk1vk9', '172.16.250.251', 1542216054, 0x5f5f63695f6c6173745f726567656e65726174657c693a313534323231353831303b6e6f6d657c733a31393a2243686566652064612053656372657461726961223b6c6f63616c7c733a333a22445248223b656d61696c7c733a32343a226373656372657461726961406d697361752e676f762e6d7a223b69647c733a313a2234223b7065726d697373616f7c733a313a2234223b6c6f6761646f7c623a313b),
('3mqdllpepcrlj88paq7nbnahc1e3c83s', '172.16.250.251', 1542216715, 0x5f5f63695f6c6173745f726567656e65726174657c693a313534323231363437353b6e6f6d657c733a31393a2243686566652064612053656372657461726961223b6c6f63616c7c733a333a22445248223b656d61696c7c733a32343a226373656372657461726961406d697361752e676f762e6d7a223b69647c733a313a2234223b7065726d697373616f7c733a313a2234223b6c6f6761646f7c623a313b),
('6uopl9kkqdc2c214264hbm2h08p3nq2l', '172.16.250.251', 1542216973, 0x5f5f63695f6c6173745f726567656e65726174657c693a313534323231363937333b6e6f6d657c733a31393a2243686566652064612053656372657461726961223b6c6f63616c7c733a333a22445248223b656d61696c7c733a32343a226373656372657461726961406d697361752e676f762e6d7a223b69647c733a313a2234223b7065726d697373616f7c733a313a2234223b6c6f6761646f7c623a313b),
('3md5uf39683hm6rkaic8sp47rp8qjj8u', '172.16.250.251', 1542217180, 0x5f5f63695f6c6173745f726567656e65726174657c693a313534323231373136363b6e6f6d657c733a31313a224469726563746f72286129223b6c6f63616c7c733a333a22445248223b656d61696c7c733a32313a226469726563746f72406d697361752e676f762e6d7a223b69647c733a313a2236223b7065726d697373616f7c733a313a2233223b6c6f6761646f7c623a313b),
('0jccu4nphmu0le4k9k1l88vk2fcj3fmg', '172.16.250.251', 1542220394, 0x5f5f63695f6c6173745f726567656e65726174657c693a313534323232303134363b6e6f6d657c733a31353a2241726d616e646f2041726c696e646f223b6c6f63616c7c733a373a22474d2f44544943223b656d61696c7c733a31393a22616d61766965406d697361752e676f762e6d7a223b69647c733a313a2232223b7065726d697373616f7c733a313a2231223b6c6f6761646f7c623a313b737563636573737c733a33363a2252657061727469c3a7c3a36f206361646173747261646f20636f6d207375636573736f21223b5f5f63695f766172737c613a313a7b733a373a2273756363657373223b733a333a226f6c64223b7d),
('119ffgen0ukvbmn2j5iabdpsqjp34pgc', '172.16.250.251', 1542220795, 0x5f5f63695f6c6173745f726567656e65726174657c693a313534323232303532323b6e6f6d657c733a31353a2241726d616e646f2041726c696e646f223b6c6f63616c7c733a373a22474d2f44544943223b656d61696c7c733a31393a22616d61766965406d697361752e676f762e6d7a223b69647c733a313a2232223b7065726d697373616f7c733a313a2231223b6c6f6761646f7c623a313b737563636573737c733a33363a2252657061727469c3a7c3a36f206361646173747261646f20636f6d207375636573736f21223b5f5f63695f766172737c613a313a7b733a373a2273756363657373223b733a333a226f6c64223b7d),
('j5ut8hu0tj0ju57sr37jgjddft3ohs6o', '172.16.250.251', 1542222484, 0x5f5f63695f6c6173745f726567656e65726174657c693a313534323232323331383b6e6f6d657c733a31353a2241726d616e646f2041726c696e646f223b6c6f63616c7c733a373a22474d2f44544943223b656d61696c7c733a31393a22616d61766965406d697361752e676f762e6d7a223b69647c733a313a2232223b7065726d697373616f7c733a313a2231223b6c6f6761646f7c623a313b737563636573737c733a33363a2252657061727469c3a7c3a36f206361646173747261646f20636f6d207375636573736f21223b5f5f63695f766172737c613a313a7b733a373a2273756363657373223b733a333a226f6c64223b7d),
('dj9s82v6nfh4v2p4jhhrrbdk2il1ojgq', '172.16.250.251', 1542223356, 0x5f5f63695f6c6173745f726567656e65726174657c693a313534323232333135383b6e6f6d657c733a31353a2241726d616e646f2041726c696e646f223b6c6f63616c7c733a373a22474d2f44544943223b656d61696c7c733a31393a22616d61766965406d697361752e676f762e6d7a223b69647c733a313a2232223b7065726d697373616f7c733a313a2231223b6c6f6761646f7c623a313b737563636573737c733a33363a2252657061727469c3a7c3a36f206361646173747261646f20636f6d207375636573736f21223b5f5f63695f766172737c613a313a7b733a373a2273756363657373223b733a333a226f6c64223b7d),
('ajfccpek5plb2ojlfa05b457i3fr16ka', '172.16.250.251', 1542231093, 0x5f5f63695f6c6173745f726567656e65726174657c693a313534323233303830323b6e6f6d657c733a31353a2241726d616e646f2041726c696e646f223b6c6f63616c7c733a373a22474d2f44544943223b656d61696c7c733a31393a22616d61766965406d697361752e676f762e6d7a223b69647c733a313a2232223b7065726d697373616f7c733a313a2231223b6c6f6761646f7c623a313b737563636573737c733a33363a22446570617274616d656e746f206361646173747261646f20636f6d207375636573736f21223b5f5f63695f766172737c613a313a7b733a373a2273756363657373223b733a333a226f6c64223b7d),
('1ibtd5f5n38hflernvv04jateo5pqa1i', '172.16.250.251', 1542231441, 0x5f5f63695f6c6173745f726567656e65726174657c693a313534323233313135353b6e6f6d657c733a31353a2241726d616e646f2041726c696e646f223b6c6f63616c7c733a373a22474d2f44544943223b656d61696c7c733a31393a22616d61766965406d697361752e676f762e6d7a223b69647c733a313a2232223b7065726d697373616f7c733a313a2231223b6c6f6761646f7c623a313b737563636573737c733a33363a22446570617274616d656e746f206361646173747261646f20636f6d207375636573736f21223b5f5f63695f766172737c613a313a7b733a373a2273756363657373223b733a333a226f6c64223b7d),
('8ouf28qljku5a81es2g173j9oj479lgq', '172.16.250.251', 1542231510, 0x5f5f63695f6c6173745f726567656e65726174657c693a313534323233313438373b6e6f6d657c733a31353a2241726d616e646f2041726c696e646f223b6c6f63616c7c733a373a22474d2f44544943223b656d61696c7c733a31393a22616d61766965406d697361752e676f762e6d7a223b69647c733a313a2232223b7065726d697373616f7c733a313a2231223b6c6f6761646f7c623a313b737563636573737c733a33363a22446570617274616d656e746f206361646173747261646f20636f6d207375636573736f21223b5f5f63695f766172737c613a313a7b733a373a2273756363657373223b733a333a226f6c64223b7d),
('5r66sk6h2e7qcv0f7e78s5h2nu3qasva', '172.16.243.169', 1542233274, 0x5f5f63695f6c6173745f726567656e65726174657c693a313534323233333237343b),
('7kmo1ee2tsdoigl77it6ajh6g8cr79fc', '::1', 1542233336, 0x5f5f63695f6c6173745f726567656e65726174657c693a313534323233333333363b),
('p0ouprc01t0jfu5q1b0hbat2r2nana7h', '::1', 1542233583, 0x5f5f63695f6c6173745f726567656e65726174657c693a313534323233333333363b6e6f6d657c733a31353a2241726d616e646f2041726c696e646f223b6c6f63616c7c733a373a22474d2f44544943223b656d61696c7c733a31393a22616d61766965406d697361752e676f762e6d7a223b69647c733a313a2232223b7065726d697373616f7c733a313a2231223b6c6f6761646f7c623a313b),
('2c1mtes0t80sgpfuo47ha6uj8dj5l7fp', '172.16.250.251', 1542233593, 0x5f5f63695f6c6173745f726567656e65726174657c693a313534323233333434343b6e6f6d657c733a31353a2241726d616e646f2041726c696e646f223b6c6f63616c7c733a373a22474d2f44544943223b656d61696c7c733a31393a22616d61766965406d697361752e676f762e6d7a223b69647c733a313a2232223b7065726d697373616f7c733a313a2231223b6c6f6761646f7c623a313b737563636573737c733a33363a22446570617274616d656e746f206361646173747261646f20636f6d207375636573736f21223b5f5f63695f766172737c613a313a7b733a373a2273756363657373223b733a333a226f6c64223b7d),
('75799smm7socc9g2md1c5pu6tuh54fdg', '172.16.250.251', 1542234064, 0x5f5f63695f6c6173745f726567656e65726174657c693a313534323233333738343b6e6f6d657c733a31353a2241726d616e646f2041726c696e646f223b6c6f63616c7c733a373a22474d2f44544943223b656d61696c7c733a31393a22616d61766965406d697361752e676f762e6d7a223b69647c733a313a2232223b7065726d697373616f7c733a313a2231223b6c6f6761646f7c623a313b737563636573737c733a33363a22446570617274616d656e746f206361646173747261646f20636f6d207375636573736f21223b5f5f63695f766172737c613a313a7b733a373a2273756363657373223b733a333a226f6c64223b7d),
('er5ri4bv7pl65umvlaghdtftavpji96p', '::1', 1542234032, 0x5f5f63695f6c6173745f726567656e65726174657c693a313534323233333833343b6e6f6d657c733a31313a224469726563746f72286129223b6c6f63616c7c733a333a22445248223b656d61696c7c733a32313a226469726563746f72406d697361752e676f762e6d7a223b69647c733a313a2236223b7065726d697373616f7c733a313a2233223b6c6f6761646f7c623a313b),
('c9eoqufdatf0jpdd6ecs55jhet2f9ug9', '172.16.250.251', 1542234386, 0x5f5f63695f6c6173745f726567656e65726174657c693a313534323233343138323b6e6f6d657c733a31353a2241726d616e646f2041726c696e646f223b6c6f63616c7c733a373a22474d2f44544943223b656d61696c7c733a31393a22616d61766965406d697361752e676f762e6d7a223b69647c733a313a2232223b7065726d697373616f7c733a313a2231223b6c6f6761646f7c623a313b),
('nfjo8edhji4ggusc3a5m8g5lphdhub06', '172.16.243.215', 1542237952, 0x5f5f63695f6c6173745f726567656e65726174657c693a313534323233373935323b),
('jhsed86tcgs87fi1gr6hcf5vvkra8a3t', '172.16.243.169', 1542289407, 0x5f5f63695f6c6173745f726567656e65726174657c693a313534323238393132313b6e6f6d657c733a31353a2241726d616e646f2041726c696e646f223b6c6f63616c7c733a373a22474d2f44544943223b656d61696c7c733a31393a22616d61766965406d697361752e676f762e6d7a223b69647c733a313a2232223b7065726d697373616f7c733a313a2231223b6c6f6761646f7c623a313b737563636573737c733a32393a22557375c3a172696f206564697461646f20636f6d207375636573736f21223b5f5f63695f766172737c613a313a7b733a373a2273756363657373223b733a333a226f6c64223b7d),
('7phacjc2ua91r4a7vqlv048agov41uil', '172.16.243.169', 1542290389, 0x5f5f63695f6c6173745f726567656e65726174657c693a313534323239303037343b6e6f6d657c733a31353a2241726d616e646f2041726c696e646f223b6c6f63616c7c733a373a22474d2f44544943223b656d61696c7c733a31393a22616d61766965406d697361752e676f762e6d7a223b69647c733a313a2232223b7065726d697373616f7c733a313a2231223b6c6f6761646f7c623a313b),
('93up0huqeadue422d163l2bvkb88cgt2', '172.16.250.251', 1542290253, 0x5f5f63695f6c6173745f726567656e65726174657c693a313534323239303234363b),
('k1fo4tpo52krjo98jqe374tpdk8slv8i', '172.16.243.169', 1542291027, 0x5f5f63695f6c6173745f726567656e65726174657c693a313534323239313032373b),
('1pknpdpddbc7s9pl6ffhol25hoku4jpj', '172.16.248.180', 1542294875, 0x5f5f63695f6c6173745f726567656e65726174657c693a313534323239333239323b6e6f6d657c733a32333a2254c3a9636e69636f2041646d696e69737472617469766f223b6c6f63616c7c733a333a22445248223b656d61696c7c733a33323a227461646d696e69737472617469766f5f647268406d697361752e676f762e6d7a223b69647c733a313a2233223b7065726d697373616f7c733a313a2235223b6c6f6761646f7c623a313b),
('lnh50a772dgcb0oo8easo5ih4542mgnn', '172.16.248.180', 1542295193, 0x5f5f63695f6c6173745f726567656e65726174657c693a313534323239343837353b6e6f6d657c733a32333a2254c3a9636e69636f2041646d696e69737472617469766f223b6c6f63616c7c733a333a22445248223b656d61696c7c733a33323a227461646d696e69737472617469766f5f647268406d697361752e676f762e6d7a223b69647c733a313a2233223b7065726d697373616f7c733a313a2235223b6c6f6761646f7c623a313b),
('vs91vgpbl7u4v8vmdv866drpde6qcdm6', '172.16.248.180', 1542296683, 0x5f5f63695f6c6173745f726567656e65726174657c693a313534323239363630383b6e6f6d657c733a32323a225465636e69636f2041646d696e69737472617469766f223b6c6f63616c7c733a343a22444e414d223b656d61696c7c733a33333a227461646d696e69737472617469766f5f646e616d406d697361752e676f762e6d7a223b69647c733a323a223133223b7065726d697373616f7c733a313a2235223b6c6f6761646f7c623a313b),
('09n7ula129ebmaf9avub9h6edeopokef', '172.16.251.218', 1542298417, 0x5f5f63695f6c6173745f726567656e65726174657c693a313534323239383431373b),
('n7o1utp0tp1e1hnocsjtctt7kgdmb2t1', '172.16.248.180', 1542298488, 0x5f5f63695f6c6173745f726567656e65726174657c693a313534323239383438383b),
('eruogfgfel7dflg8mf61fur1qmisr9of', '172.16.252.107', 1542301092, 0x5f5f63695f6c6173745f726567656e65726174657c693a313534323239393132303b6e6f6d657c733a32323a225465636e69636f2041646d696e69737472617469766f223b6c6f63616c7c733a343a22444e414d223b656d61696c7c733a33333a227461646d696e69737472617469766f5f646e616d406d697361752e676f762e6d7a223b69647c733a323a223133223b7065726d697373616f7c733a313a2235223b6c6f6761646f7c623a313b),
('5rnm6jd16as3b6ro4c6e5ikvilhucv51', '172.16.248.180', 1542300834, 0x5f5f63695f6c6173745f726567656e65726174657c693a313534323239393432343b6e6f6d657c733a32333a2254c3a9636e69636f2041646d696e69737472617469766f223b6c6f63616c7c733a333a22445248223b656d61696c7c733a33323a227461646d696e69737472617469766f5f647268406d697361752e676f762e6d7a223b69647c733a313a2233223b7065726d697373616f7c733a313a2235223b6c6f6761646f7c623a313b),
('9dqo5p6ocepbgghbfljfmhm4nk9h6bjh', '172.16.246.30', 1542300835, 0x5f5f63695f6c6173745f726567656e65726174657c693a313534323239393939343b6e6f6d657c733a32323a225465636e69636f2041646d696e69737472617469766f223b6c6f63616c7c733a323a224953223b656d61696c7c733a33313a227461646d696e69737472617469766f5f6973406d697361752e676f762e6d7a223b69647c733a323a223130223b7065726d697373616f7c733a313a2235223b6c6f6761646f7c623a313b),
('gdsanrund7mvnsuqkt0dbn9bbvve2hu8', '172.16.244.162', 1542300304, 0x5f5f63695f6c6173745f726567656e65726174657c693a313534323330303030383b),
('tkl3cb7sk263rjjpallh3o8praq7oiir', '172.16.244.138', 1542300722, 0x5f5f63695f6c6173745f726567656e65726174657c693a313534323330303033353b6e6f6d657c733a31353a2241726d616e646f2041726c696e646f223b6c6f63616c7c733a373a22474d2f44544943223b656d61696c7c733a31393a22616d61766965406d697361752e676f762e6d7a223b69647c733a313a2232223b7065726d697373616f7c733a313a2231223b6c6f6761646f7c623a313b),
('to3ls92gmns37a6vcids2f1thq9mr7pe', '172.16.245.137', 1542300259, 0x5f5f63695f6c6173745f726567656e65726174657c693a313534323330303135373b),
('08cdh2et4vngpua1k815qrpo88tdv8b0', '172.16.245.15', 1542300203, 0x5f5f63695f6c6173745f726567656e65726174657c693a313534323330303230323b),
('djflirq92msrgdn1bqav883op3df1ro2', '172.16.245.103', 1542300755, 0x5f5f63695f6c6173745f726567656e65726174657c693a313534323330303233363b6e6f6d657c733a32323a225465636e69636f2041646d696e69737472617469766f223b6c6f63616c7c733a323a22474d223b656d61696c7c733a33313a227461646d696e69737472617469766f5f676d406d697361752e676f762e6d7a223b69647c733a313a2237223b7065726d697373616f7c733a313a2235223b6c6f6761646f7c623a313b),
('eedgdj472ne6t45bti8u3vvvaei5gbcb', '172.16.244.162', 1542300562, 0x5f5f63695f6c6173745f726567656e65726174657c693a313534323330303339333b),
('ig6mdp09m4g7a03t54ukntdsudv5vfju', '172.16.244.138', 1542300722, 0x5f5f63695f6c6173745f726567656e65726174657c693a313534323330303732323b6e6f6d657c733a31353a2241726d616e646f2041726c696e646f223b6c6f63616c7c733a373a22474d2f44544943223b656d61696c7c733a31393a22616d61766965406d697361752e676f762e6d7a223b69647c733a313a2232223b7065726d697373616f7c733a313a2231223b6c6f6761646f7c623a313b),
('m8045vhn34fs6uudcgfov9mb6oofihs4', '172.16.245.103', 1542300886, 0x5f5f63695f6c6173745f726567656e65726174657c693a313534323330303735353b6e6f6d657c733a32323a225465636e69636f2041646d696e69737472617469766f223b6c6f63616c7c733a323a22474d223b656d61696c7c733a33313a227461646d696e69737472617469766f5f676d406d697361752e676f762e6d7a223b69647c733a313a2237223b7065726d697373616f7c733a313a2235223b6c6f6761646f7c623a313b),
('hsn84tfl7kd082gqq1igprgvcgqrkevh', '172.16.248.180', 1542300835, 0x5f5f63695f6c6173745f726567656e65726174657c693a313534323330303833353b6e6f6d657c733a32333a2254c3a9636e69636f2041646d696e69737472617469766f223b6c6f63616c7c733a333a22445248223b656d61696c7c733a33323a227461646d696e69737472617469766f5f647268406d697361752e676f762e6d7a223b69647c733a313a2233223b7065726d697373616f7c733a313a2235223b6c6f6761646f7c623a313b),
('jlt4v803a9pnvbj9hsgbh5okqpej79l1', '172.16.246.30', 1542300835, 0x5f5f63695f6c6173745f726567656e65726174657c693a313534323330303833353b6e6f6d657c733a32323a225465636e69636f2041646d696e69737472617469766f223b6c6f63616c7c733a323a224953223b656d61696c7c733a33313a227461646d696e69737472617469766f5f6973406d697361752e676f762e6d7a223b69647c733a323a223130223b7065726d697373616f7c733a313a2235223b6c6f6761646f7c623a313b),
('u270rck75qt3jnotcbh8nshvat0hu21n', '172.16.252.107', 1542301838, 0x5f5f63695f6c6173745f726567656e65726174657c693a313534323330313039323b6e6f6d657c733a32323a225465636e69636f2041646d696e69737472617469766f223b6c6f63616c7c733a343a22444e414d223b656d61696c7c733a33333a227461646d696e69737472617469766f5f646e616d406d697361752e676f762e6d7a223b69647c733a323a223133223b7065726d697373616f7c733a313a2235223b6c6f6761646f7c623a313b),
('a9lql59c8ef5ushaccjbhultlis42ovd', '172.16.244.138', 1542301435, 0x5f5f63695f6c6173745f726567656e65726174657c693a313534323330313135343b6e6f6d657c733a31353a2241726d616e646f2041726c696e646f223b6c6f63616c7c733a373a22474d2f44544943223b656d61696c7c733a31393a22616d61766965406d697361752e676f762e6d7a223b69647c733a313a2232223b7065726d697373616f7c733a313a2231223b6c6f6761646f7c623a313b),
('k8aklcmva40ej0k72pb44qivhhttcad9', '172.16.248.180', 1542301790, 0x5f5f63695f6c6173745f726567656e65726174657c693a313534323330313136393b6e6f6d657c733a32333a2254c3a9636e69636f2041646d696e69737472617469766f223b6c6f63616c7c733a333a22445248223b656d61696c7c733a33323a227461646d696e69737472617469766f5f647268406d697361752e676f762e6d7a223b69647c733a313a2233223b7065726d697373616f7c733a313a2235223b6c6f6761646f7c623a313b),
('744te3kkb3j5bv8l4b62s051kjlt8co6', '172.16.246.30', 1542301784, 0x5f5f63695f6c6173745f726567656e65726174657c693a313534323330313137393b6e6f6d657c733a32323a225465636e69636f2041646d696e69737472617469766f223b6c6f63616c7c733a323a224953223b656d61696c7c733a33313a227461646d696e69737472617469766f5f6973406d697361752e676f762e6d7a223b69647c733a323a223130223b7065726d697373616f7c733a313a2235223b6c6f6761646f7c623a313b),
('r11ivm7vh9kct8t4rr8lijum2hfl71on', '172.16.245.103', 1542301844, 0x5f5f63695f6c6173745f726567656e65726174657c693a313534323330313233303b6e6f6d657c733a32323a225465636e69636f2041646d696e69737472617469766f223b6c6f63616c7c733a323a22474d223b656d61696c7c733a33313a227461646d696e69737472617469766f5f676d406d697361752e676f762e6d7a223b69647c733a313a2237223b7065726d697373616f7c733a313a2235223b6c6f6761646f7c623a313b),
('1qne2bdfmgbgtcv96l4bei2m53mctfvc', '172.16.244.138', 1542302526, 0x5f5f63695f6c6173745f726567656e65726174657c693a313534323330313436313b6e6f6d657c733a31353a2241726d616e646f2041726c696e646f223b6c6f63616c7c733a373a22474d2f44544943223b656d61696c7c733a31393a22616d61766965406d697361752e676f762e6d7a223b69647c733a313a2232223b7065726d697373616f7c733a313a2231223b6c6f6761646f7c623a313b),
('lkjbj1nrdonitbfnovofenqg5h4gag6e', '172.16.246.18', 1542302091, 0x5f5f63695f6c6173745f726567656e65726174657c693a313534323330323037393b),
('brq5vgj3jj9fj0b7thq83qg1shg3n75h', '172.16.244.138', 1542302690, 0x5f5f63695f6c6173745f726567656e65726174657c693a313534323330323637373b6e6f6d657c733a31353a2241726d616e646f2041726c696e646f223b6c6f63616c7c733a373a22474d2f44544943223b656d61696c7c733a31393a22616d61766965406d697361752e676f762e6d7a223b69647c733a313a2232223b7065726d697373616f7c733a313a2231223b6c6f6761646f7c623a313b),
('fuutl3lpuj8d5nml2mp3b1v1hhnfmfdj', '172.16.252.107', 1542302835, 0x5f5f63695f6c6173745f726567656e65726174657c693a313534323330323833343b6e6f6d657c733a32323a225465636e69636f2041646d696e69737472617469766f223b6c6f63616c7c733a343a22444e414d223b656d61696c7c733a33333a227461646d696e69737472617469766f5f646e616d406d697361752e676f762e6d7a223b69647c733a323a223133223b7065726d697373616f7c733a313a2235223b6c6f6761646f7c623a313b),
('7a4osoes1mnquq9cagh443no7nrrpe1l', '172.16.248.180', 1542302881, 0x5f5f63695f6c6173745f726567656e65726174657c693a313534323330323838313b6e6f6d657c733a32333a2254c3a9636e69636f2041646d696e69737472617469766f223b6c6f63616c7c733a333a22445248223b656d61696c7c733a33323a227461646d696e69737472617469766f5f647268406d697361752e676f762e6d7a223b69647c733a313a2233223b7065726d697373616f7c733a313a2235223b6c6f6761646f7c623a313b),
('klblqniqd4o6uhbqgdq9k18t1cs12b7a', '172.16.244.138', 1542303163, 0x5f5f63695f6c6173745f726567656e65726174657c693a313534323330333032323b6e6f6d657c733a31353a2241726d616e646f2041726c696e646f223b6c6f63616c7c733a373a22474d2f44544943223b656d61696c7c733a31393a22616d61766965406d697361752e676f762e6d7a223b69647c733a313a2232223b7065726d697373616f7c733a313a2231223b6c6f6761646f7c623a313b),
('hs68u3t3gltu9jlhj4oli2fie20a6g47', '172.16.248.180', 1542303245, 0x5f5f63695f6c6173745f726567656e65726174657c693a313534323330333138333b6e6f6d657c733a32333a2254c3a9636e69636f2041646d696e69737472617469766f223b6c6f63616c7c733a333a22445248223b656d61696c7c733a33323a227461646d696e69737472617469766f5f647268406d697361752e676f762e6d7a223b69647c733a313a2233223b7065726d697373616f7c733a313a2235223b6c6f6761646f7c623a313b),
('ad3p25g2c566aafn7cob6ft7fsk6e2as', '172.16.252.107', 1542303222, 0x5f5f63695f6c6173745f726567656e65726174657c693a313534323330333230383b6e6f6d657c733a32323a225465636e69636f2041646d696e69737472617469766f223b6c6f63616c7c733a343a22444e414d223b656d61696c7c733a33333a227461646d696e69737472617469766f5f646e616d406d697361752e676f762e6d7a223b69647c733a323a223133223b7065726d697373616f7c733a313a2235223b6c6f6761646f7c623a313b),
('iih6t3ha7mbeaiv8ugo5bj22hlvdo81m', '172.16.245.103', 1542303538, 0x5f5f63695f6c6173745f726567656e65726174657c693a313534323330333234313b6e6f6d657c733a32323a225465636e69636f2041646d696e69737472617469766f223b6c6f63616c7c733a323a22474d223b656d61696c7c733a33313a227461646d696e69737472617469766f5f676d406d697361752e676f762e6d7a223b69647c733a313a2237223b7065726d697373616f7c733a313a2235223b6c6f6761646f7c623a313b),
('c21g3rvma2vb9a5p1tpll19b6459r796', '172.16.246.30', 1542303362, 0x5f5f63695f6c6173745f726567656e65726174657c693a313534323330333235363b6e6f6d657c733a32323a225465636e69636f2041646d696e69737472617469766f223b6c6f63616c7c733a323a224953223b656d61696c7c733a33313a227461646d696e69737472617469766f5f6973406d697361752e676f762e6d7a223b69647c733a323a223130223b7065726d697373616f7c733a313a2235223b6c6f6761646f7c623a313b),
('kocvnk5busofi21lq8t880t2qkerp68s', '172.16.253.80', 1542303672, 0x5f5f63695f6c6173745f726567656e65726174657c693a313534323330333431393b),
('el7mptrf0l3p7rcjqol2qhnfk17ipbmq', '172.16.246.30', 1542303423, 0x5f5f63695f6c6173745f726567656e65726174657c693a313534323330333432333b),
('gr209oe0humebmtk2guehnlom5imevtr', '172.16.245.103', 1542303874, 0x5f5f63695f6c6173745f726567656e65726174657c693a313534323330333539333b6e6f6d657c733a31393a2243686566652064652053656372657461726961223b6c6f63616c7c733a323a22474d223b656d61696c7c733a32373a2263736563726574617269615f676d406d697361752e676f762e6d7a223b69647c733a313a2238223b7065726d697373616f7c733a313a2234223b6c6f6761646f7c623a313b),
('q26an2bb2nbtk8q6nr78933av8ml6rkf', '172.16.246.30', 1542303855, 0x5f5f63695f6c6173745f726567656e65726174657c693a313534323330333539393b6e6f6d657c733a31393a2243686566652064652053656372657461726961223b6c6f63616c7c733a323a224953223b656d61696c7c733a32373a2263736563726574617269615f6973406d697361752e676f762e6d7a223b69647c733a323a223131223b7065726d697373616f7c733a313a2234223b6c6f6761646f7c623a313b),
('o4olgu2l119thsjnfb2ii54urj74e6ak', '172.16.248.180', 1542304142, 0x5f5f63695f6c6173745f726567656e65726174657c693a313534323330333630313b6e6f6d657c733a31393a2243686566652064612053656372657461726961223b6c6f63616c7c733a333a22445248223b656d61696c7c733a32383a2263736563726574617269615f647268406d697361752e676f762e6d7a223b69647c733a313a2234223b7065726d697373616f7c733a313a2234223b6c6f6761646f7c623a313b),
('ifeq6cs3ov57kgop7ak6epcnm863d8e1', '172.16.252.107', 1542303823, 0x5f5f63695f6c6173745f726567656e65726174657c693a313534323330333630323b6e6f6d657c733a31393a2243686566652064612053656372657461726961223b6c6f63616c7c733a343a22444e414d223b656d61696c7c733a32393a2263736563726574617269615f646e616d406d697361752e676f762e6d7a223b69647c733a323a223134223b7065726d697373616f7c733a313a2234223b6c6f6761646f7c623a313b),
('c9fbv0psdi90sivcsbs67f4opgk45q9d', '172.16.244.138', 1542303848, 0x5f5f63695f6c6173745f726567656e65726174657c693a313534323330333633333b6e6f6d657c733a31393a2243686566652064652053656372657461726961223b6c6f63616c7c733a323a22474d223b656d61696c7c733a32373a2263736563726574617269615f676d406d697361752e676f762e6d7a223b69647c733a313a2238223b7065726d697373616f7c733a313a2234223b6c6f6761646f7c623a313b),
('g314c808phsvasdreq124s79254dcf1a', '172.16.252.107', 1542303904, 0x5f5f63695f6c6173745f726567656e65726174657c693a313534323330333930343b6e6f6d657c733a31393a2243686566652064612053656372657461726961223b6c6f63616c7c733a343a22444e414d223b656d61696c7c733a32393a2263736563726574617269615f646e616d406d697361752e676f762e6d7a223b69647c733a323a223134223b7065726d697373616f7c733a313a2234223b6c6f6761646f7c623a313b),
('dasnvhuoor4mnhth4rlka9sp5oqupp97', '172.16.252.107', 1542304202, 0x5f5f63695f6c6173745f726567656e65726174657c693a313534323330333930343b6e6f6d657c733a31393a2243686566652064612053656372657461726961223b6c6f63616c7c733a343a22444e414d223b656d61696c7c733a32393a2263736563726574617269615f646e616d406d697361752e676f762e6d7a223b69647c733a323a223134223b7065726d697373616f7c733a313a2234223b6c6f6761646f7c623a313b),
('8oofrjltn7cpdenj3vj709v9dlujb6v8', '172.16.245.103', 1542304285, 0x5f5f63695f6c6173745f726567656e65726174657c693a313534323330343133353b6e6f6d657c733a31393a2243686566652064652053656372657461726961223b6c6f63616c7c733a323a22474d223b656d61696c7c733a32373a2263736563726574617269615f676d406d697361752e676f762e6d7a223b69647c733a313a2238223b7065726d697373616f7c733a313a2234223b6c6f6761646f7c623a313b),
('42lam181ho4ekhm54tlis4sj26bsvo63', '172.16.246.30', 1542304369, 0x5f5f63695f6c6173745f726567656e65726174657c693a313534323330343137353b6e6f6d657c733a31393a2243686566652064652053656372657461726961223b6c6f63616c7c733a323a224953223b656d61696c7c733a32373a2263736563726574617269615f6973406d697361752e676f762e6d7a223b69647c733a323a223131223b7065726d697373616f7c733a313a2234223b6c6f6761646f7c623a313b737563636573737c733a33383a22436f72726573706f6e64656e636961205472616d697461646f20636f6d205375636573736f21223b5f5f63695f766172737c613a313a7b733a373a2273756363657373223b733a333a226f6c64223b7d),
('nost9p2o3n5aclppc1aha89905f2nfpg', '172.16.252.107', 1542304363, 0x5f5f63695f6c6173745f726567656e65726174657c693a313534323330343232333b6e6f6d657c733a31393a2243686566652064612053656372657461726961223b6c6f63616c7c733a343a22444e414d223b656d61696c7c733a32393a2263736563726574617269615f646e616d406d697361752e676f762e6d7a223b69647c733a323a223134223b7065726d697373616f7c733a313a2234223b6c6f6761646f7c623a313b737563636573737c733a33383a22436f72726573706f6e64656e636961205472616d697461646f20636f6d205375636573736f21223b5f5f63695f766172737c613a313a7b733a373a2273756363657373223b733a333a226f6c64223b7d),
('chbd6l98f4u0uoilqgkvq2g4p9ojtahn', '172.16.248.180', 1542304280, 0x5f5f63695f6c6173745f726567656e65726174657c693a313534323330343232383b6e6f6d657c733a31393a2243686566652064612053656372657461726961223b6c6f63616c7c733a333a22445248223b656d61696c7c733a32383a2263736563726574617269615f647268406d697361752e676f762e6d7a223b69647c733a313a2234223b7065726d697373616f7c733a313a2234223b6c6f6761646f7c623a313b),
('3rdtfk9tbeudr6lnobo2uhcttg0t6s40', '172.16.245.103', 1542305484, 0x5f5f63695f6c6173745f726567656e65726174657c693a313534323330353139333b6e6f6d657c733a31393a2243686566652064652053656372657461726961223b6c6f63616c7c733a323a22474d223b656d61696c7c733a32373a2263736563726574617269615f676d406d697361752e676f762e6d7a223b69647c733a313a2238223b7065726d697373616f7c733a313a2234223b6c6f6761646f7c623a313b),
('6cdmcul3o2t131ig56hrup03ql7hgamu', '172.16.248.180', 1542305486, 0x5f5f63695f6c6173745f726567656e65726174657c693a313534323330353230303b6e6f6d657c733a31393a2243686566652064612053656372657461726961223b6c6f63616c7c733a333a22445248223b656d61696c7c733a32383a2263736563726574617269615f647268406d697361752e676f762e6d7a223b69647c733a313a2234223b7065726d697373616f7c733a313a2234223b6c6f6761646f7c623a313b),
('a461s9659qmbr3u25j0umfek2eh3ku9m', '172.16.252.107', 1542305290, 0x5f5f63695f6c6173745f726567656e65726174657c693a313534323330353230313b6e6f6d657c733a31393a2243686566652064612053656372657461726961223b6c6f63616c7c733a343a22444e414d223b656d61696c7c733a32393a2263736563726574617269615f646e616d406d697361752e676f762e6d7a223b69647c733a323a223134223b7065726d697373616f7c733a313a2234223b6c6f6761646f7c623a313b),
('2un7suane2unpfa1ghgb61rbu3ouu5lc', '172.16.246.30', 1542305486, 0x5f5f63695f6c6173745f726567656e65726174657c693a313534323330353230323b6e6f6d657c733a31393a2243686566652064652053656372657461726961223b6c6f63616c7c733a323a224953223b656d61696c7c733a32373a2263736563726574617269615f6973406d697361752e676f762e6d7a223b69647c733a323a223131223b7065726d697373616f7c733a313a2234223b6c6f6761646f7c623a313b),
('emk8a9s0pj6ia1kletj9t5rrhh6vp1gs', '172.16.244.138', 1542305403, 0x5f5f63695f6c6173745f726567656e65726174657c693a313534323330353231383b6e6f6d657c733a31393a2243686566652064652053656372657461726961223b6c6f63616c7c733a323a22474d223b656d61696c7c733a32373a2263736563726574617269615f676d406d697361752e676f762e6d7a223b69647c733a313a2238223b7065726d697373616f7c733a313a2234223b6c6f6761646f7c623a313b),
('l4dr00bqhhu7dlk71qk0gedkddaocitd', '172.16.244.138', 1542305811, 0x5f5f63695f6c6173745f726567656e65726174657c693a313534323330353630303b6e6f6d657c733a31393a2243686566652064652053656372657461726961223b6c6f63616c7c733a323a22474d223b656d61696c7c733a32373a2263736563726574617269615f676d406d697361752e676f762e6d7a223b69647c733a313a2238223b7065726d697373616f7c733a313a2234223b6c6f6761646f7c623a313b),
('7jsvfqkrlqa0c8buie5uv4s2o4ns61as', '172.16.245.103', 1542305985, 0x5f5f63695f6c6173745f726567656e65726174657c693a313534323330353637393b6e6f6d657c733a31313a224469726563746f72286129223b6c6f63616c7c733a323a22474d223b656d61696c7c733a32343a226469726563746f725f676d406d697361752e676f762e6d7a223b69647c733a313a2239223b7065726d697373616f7c733a313a2233223b6c6f6761646f7c623a313b),
('stuqck5speb58d17v7t6sgv990mtsc5p', '172.16.253.80', 1542305758, 0x5f5f63695f6c6173745f726567656e65726174657c693a313534323330353735383b),
('np92i40breqp4je4ik4cfi4m0898tmd4', '172.16.248.180', 1542305974, 0x5f5f63695f6c6173745f726567656e65726174657c693a313534323330353935303b6e6f6d657c733a31313a224469726563746f72286129223b6c6f63616c7c733a333a22445248223b656d61696c7c733a32353a226469726563746f725f647268406d697361752e676f762e6d7a223b69647c733a313a2236223b7065726d697373616f7c733a313a2233223b6c6f6761646f7c623a313b),
('bf0g0geuhrukpv2k4fap8tgjrbbbemc8', '172.16.246.30', 1542305982, 0x5f5f63695f6c6173745f726567656e65726174657c693a313534323330353935363b6e6f6d657c733a31313a224469726563746f72286129223b6c6f63616c7c733a323a224953223b656d61696c7c733a32343a226469726563746f725f6973406d697361752e676f762e6d7a223b69647c733a323a223132223b7065726d697373616f7c733a313a2233223b6c6f6761646f7c623a313b),
('lkv9dg265k6c1dkdpgfqi0p89phbtu0o', '172.16.252.107', 1542306257, 0x5f5f63695f6c6173745f726567656e65726174657c693a313534323330353936343b6e6f6d657c733a31313a224469726563746f72286129223b6c6f63616c7c733a343a22444e414d223b656d61696c7c733a32363a226469726563746f725f646e616d406d697361752e676f762e6d7a223b69647c733a323a223135223b7065726d697373616f7c733a313a2233223b6c6f6761646f7c623a313b),
('4cj0p5kje12vh0u9cbhcpo5qtch16q8r', '172.16.245.103', 1542305986, 0x5f5f63695f6c6173745f726567656e65726174657c693a313534323330353938353b6e6f6d657c733a31313a224469726563746f72286129223b6c6f63616c7c733a323a22474d223b656d61696c7c733a32343a226469726563746f725f676d406d697361752e676f762e6d7a223b69647c733a313a2239223b7065726d697373616f7c733a313a2233223b6c6f6761646f7c623a313b),
('s4ic0q3vpikuql7dcjvafej5l5copfsg', '172.16.244.138', 1542306185, 0x5f5f63695f6c6173745f726567656e65726174657c693a313534323330353939363b6e6f6d657c733a31313a224469726563746f72286129223b6c6f63616c7c733a333a22445248223b656d61696c7c733a32353a226469726563746f725f647268406d697361752e676f762e6d7a223b69647c733a313a2236223b7065726d697373616f7c733a313a2233223b6c6f6761646f7c623a313b),
('soi7heqc4tfo1n3v8njvnektlnsg548m', '172.16.244.138', 1542306353, 0x5f5f63695f6c6173745f726567656e65726174657c693a313534323330363239383b6e6f6d657c733a31313a224469726563746f72286129223b6c6f63616c7c733a333a22445248223b656d61696c7c733a32353a226469726563746f725f647268406d697361752e676f762e6d7a223b69647c733a313a2236223b7065726d697373616f7c733a313a2233223b6c6f6761646f7c623a313b),
('m3n2tj8mkeik9lp7bm3kkao8pemavpqj', '172.16.252.107', 1542306632, 0x5f5f63695f6c6173745f726567656e65726174657c693a313534323330363335373b6e6f6d657c733a31313a224469726563746f72286129223b6c6f63616c7c733a343a22444e414d223b656d61696c7c733a32363a226469726563746f725f646e616d406d697361752e676f762e6d7a223b69647c733a323a223135223b7065726d697373616f7c733a313a2233223b6c6f6761646f7c623a313b737563636573737c733a33393a22436f72726573706f6e64656e636961204465737061636861646f20636f6d205375636573736f21223b5f5f63695f766172737c613a313a7b733a373a2273756363657373223b733a333a226f6c64223b7d),
('3r4bdghb5gk1be6982qcee22vc2a9k07', '172.16.246.18', 1542306605, 0x5f5f63695f6c6173745f726567656e65726174657c693a313534323330363630323b),
('bruodelf9bmb7ap8he2p0qfk1p2hj7lh', '172.16.246.30', 1542306741, 0x5f5f63695f6c6173745f726567656e65726174657c693a313534323330363636313b6e6f6d657c733a31393a2243686566652064652053656372657461726961223b6c6f63616c7c733a323a224953223b656d61696c7c733a32373a2263736563726574617269615f6973406d697361752e676f762e6d7a223b69647c733a323a223131223b7065726d697373616f7c733a313a2234223b6c6f6761646f7c623a313b),
('jpt8vfm6ctuk279ikfkj7qmf2is2o8o8', '172.16.248.180', 1542306888, 0x5f5f63695f6c6173745f726567656e65726174657c693a313534323330363636333b6e6f6d657c733a31393a2243686566652064612053656372657461726961223b6c6f63616c7c733a333a22445248223b656d61696c7c733a32383a2263736563726574617269615f647268406d697361752e676f762e6d7a223b69647c733a313a2234223b7065726d697373616f7c733a313a2234223b6c6f6761646f7c623a313b),
('u788fd8q18fno1pf5u0301nstsljrpbj', '172.16.252.107', 1542306786, 0x5f5f63695f6c6173745f726567656e65726174657c693a313534323330363637333b6e6f6d657c733a31393a2243686566652064612053656372657461726961223b6c6f63616c7c733a343a22444e414d223b656d61696c7c733a32393a2263736563726574617269615f646e616d406d697361752e676f762e6d7a223b69647c733a323a223134223b7065726d697373616f7c733a313a2234223b6c6f6761646f7c623a313b),
('ii2a7ldeh7un1o24d6218lb3ha4hc8eq', '172.16.244.138', 1542306960, 0x5f5f63695f6c6173745f726567656e65726174657c693a313534323330363637373b6e6f6d657c733a31393a2243686566652064612053656372657461726961223b6c6f63616c7c733a333a22445248223b656d61696c7c733a32383a2263736563726574617269615f647268406d697361752e676f762e6d7a223b69647c733a313a2234223b7065726d697373616f7c733a313a2234223b6c6f6761646f7c623a313b),
('sg0radle5gkvf4m6ackcpr6u4fajk4op', '172.16.245.103', 1542306956, 0x5f5f63695f6c6173745f726567656e65726174657c693a313534323330363639333b),
('ctp695rp7hc2sa5ev44eq9lm5njci3qb', '172.16.252.107', 1542307034, 0x5f5f63695f6c6173745f726567656e65726174657c693a313534323330373033343b),
('mjsrk026lrn7al9fs2ede68dqu3326so', '172.16.244.138', 1542307040, 0x5f5f63695f6c6173745f726567656e65726174657c693a313534323330373034303b),
('sb067gfv650r7gvnujpt1ds1g3k4hvhj', '172.16.246.30', 1542307049, 0x5f5f63695f6c6173745f726567656e65726174657c693a313534323330373034393b),
('cq52j6v4idpoiur5nbpejthntfalpriq', '172.16.246.30', 1542307049, 0x5f5f63695f6c6173745f726567656e65726174657c693a313534323330373034393b),
('tsk78bckg66mm8mhd695m301i1m9uhip', '172.16.248.180', 1542307081, 0x5f5f63695f6c6173745f726567656e65726174657c693a313534323330373038313b),
('3fg14vc2h68kpc897r3f0f8plfeqs8gs', '172.16.243.169', 1542310266, 0x5f5f63695f6c6173745f726567656e65726174657c693a313534323331303236363b),
('tpjfbn7i704lm2qj1ispk3qdrtdrbd1e', '172.16.251.229', 1542374777, 0x5f5f63695f6c6173745f726567656e65726174657c693a313534323337343737373b),
('04ksqafiugor8csle87gs84j1oc5s3mr', '172.16.244.50', 1543333829, 0x5f5f63695f6c6173745f726567656e65726174657c693a313534333333333832393b),
('6tt1s5cii8r8qn8fc5ajq6b510b78e4d', '172.16.243.215', 1543868221, 0x5f5f63695f6c6173745f726567656e65726174657c693a313534333836373932313b6e6f6d657c733a31353a2241726d616e646f2041726c696e646f223b6c6f63616c7c733a373a22474d2f44544943223b656d61696c7c733a31393a22616d61766965406d697361752e676f762e6d7a223b69647c733a313a2232223b7065726d697373616f7c733a313a2231223b6c6f6761646f7c623a313b),
('solkkl7dh2ftvhia4mgkdpmfubrjfe70', '172.16.243.215', 1543868500, 0x5f5f63695f6c6173745f726567656e65726174657c693a313534333836383235353b6e6f6d657c733a31353a2241726d616e646f2041726c696e646f223b6c6f63616c7c733a373a22474d2f44544943223b656d61696c7c733a31393a22616d61766965406d697361752e676f762e6d7a223b69647c733a313a2232223b7065726d697373616f7c733a313a2231223b6c6f6761646f7c623a313b),
('kshopgf9bssm5mkt3af42hsdi1m73c4u', '172.16.243.215', 1543868782, 0x5f5f63695f6c6173745f726567656e65726174657c693a313534333836383536393b6e6f6d657c733a353a224d6f6d6164223b6c6f63616c7c733a373a22474d2f44544943223b656d61696c7c733a32313a226d73756d616c6779406d697361752e676f762e6d7a223b69647c733a313a2231223b7065726d697373616f7c733a313a2233223b6c6f6761646f7c623a313b),
('a4em9hofounlk53ob64r03vhvcb8l3md', '172.16.243.215', 1543872248, 0x5f5f63695f6c6173745f726567656e65726174657c693a313534333837323234383b6e6f6d657c733a353a224d6f6d6164223b6c6f63616c7c733a373a22474d2f44544943223b656d61696c7c733a32313a226d73756d616c6779406d697361752e676f762e6d7a223b69647c733a313a2231223b7065726d697373616f7c733a313a2233223b6c6f6761646f7c623a313b);

-- --------------------------------------------------------

--
-- Table structure for table `classificacao`
--

CREATE TABLE `classificacao` (
  `idClassificacao` int(11) NOT NULL,
  `assunto` varchar(200) NOT NULL,
  `codigo` varchar(200) NOT NULL
) ENGINE=InnoDB DEFAULT CHARSET=latin1;

--
-- Dumping data for table `classificacao`
--

INSERT INTO `classificacao` (`idClassificacao`, `assunto`, `codigo`) VALUES
(1, 'ADMINISTRAÇÃO GERAL', '000'),
(2, 'REFORMA   DO  SECTOR  PÚBLICO.  MODERNIZAÇÃO DO APARELHO DO ESTADO.  REFORMA ADMINISTRATIVA', '001'),
(3, 'LEGISLAÇÃO', '001.1'),
(6, 'RACIONALIZAÇÃO. DESCENTRALIZAÇÃO E DESCONCENTRAÇÃO DE ESTRUTURAS', '001.2'),
(7, 'POLÍTICAS PÚBLICAS', '001.3'),
(9, 'MONITORIA', '001.32'),
(10, 'PRESTAÇÃO DE CONTAS', '001.33'),
(11, 'BOA GOVERNAÇÃO. TRANSPARÊNCIA ADMINISTRATIVA. COMBATE À CORRUPÇÃO', '001.34'),
(12, 'PLANOS, PROGRAMAS E PROJECTOS DE TRABALHO', '002'),
(13, 'RELATÓRIOS DE ACTIVIDADES', '003'),
(14, 'ACORDOS. CONVÊNIOS. COOPERAÇÃO. CONTRATOS', '004'),
(16, 'REGIMENTOS. REGULAMENTOS. ESTATUTOS. ORGANOGRAMAS.', '010.1'),
(17, 'AUDIÊNCIAS. DESPACHOS. REUNIÕES', '010.2'),
(18, 'ORGANIZAÇÃO E FUNCIONAMENTO', '010'),
(19, 'COMUNICAÇÃO SOCIAL', '011'),
(20, 'RELAÇÕES COM A IMPRENSA', '012'),
(21, 'CREDENCIAMENTO DE JORNALISTAS', '012.1'),
(22, 'ENTREVISTAS. NOTICIÁRIOS. REPORTAGENS. EDITORIAIS', '012.11'),
(23, 'DIVULGAÇÃO INTERNA', '012.12'),
(24, 'PROMOÇÕES INSTITUCIONAIS. PUBLICIDADE. PROPAGANDA. MARKETING', '012.2'),
(25, 'OUTROS ASSUNTOS REFERENTES À ORGANIZAÇÃO E FUNCIONAMENTO', '019'),
(26, 'INFORMAÇÕES SOBRE O ÓRGÃO', '019.01'),
(27, 'RECURSOS HUMANOS', '020'),
(28, 'GARANTIA DA LEGALIDADE, INSPECÇÃO E IMPUGNAÇÃO', '020.11'),
(29, 'VISTOS DO TRIBUNAL ADMINISTRATIVO CONTENCIOSO ADMINISTRATIVO', '020.12'),
(30, 'ÉTICA E DEONTOLOGIA', '020.2'),
(31, 'ÉTICA E DEONTOLOGIA', '020.3'),
(32, 'SINDICATOS. ACORDOS. LUTUOSAS', '020.4'),
(33, 'PROCESSOS INDIVIDUAIS. CADASTRO. BIOGRAFIA. ASSENTAMENTOS INDIVIDUAIS.', '020.5'),
(34, 'QUADRO DE PESSOAL: Geral e Provincial', '021'),
(35, 'APROVAÇÃO. ALTERAÇÃO', '021.11'),
(36, 'RECRUTAMENTO E SELECÇÃO', '022'),
(37, 'CONCURSOS', '022.1'),
(38, 'DE INGRESSO', '022.11'),
(39, 'CONTRATO. CONTRATAÇÃO FORA DO QUADRO', '022.12'),
(40, 'CRIAÇÃO. REESTRUTURAÇÃO. EXTINÇÃO', '023'),
(41, 'CARREIRAS DE REGIME GERAL, ESPECIAL E ESPECÍFICAS', '023.11'),
(42, 'READMISSÃO. REINTEGRAÇÃO. REVERSÃO. PROVA DE VIDA', '023.2'),
(43, 'DESLOCAÇÕES E TRANSFERÊNCIAS', '023.3'),
(44, 'MUDANÇA DE CARREIRA', '023.41'),
(45, 'DE PROMOÇÃO', '023.42'),
(46, 'TIROCÍNIO', '023.43'),
(47, 'FUNÇÕES DE DIRECÇÃO, CHEFIA E CONFIANÇA', '023.5'),
(48, 'DELEGAÇÃO DE COMPETÊNCIAS. PROCURAÇÕES. ORDEM DE SERVIÇO', '23.51'),
(49, 'REGIMES ESPECIAIS DE ACTIVIDADE E DE INACTIVIDADE:', '023.6'),
(50, 'INFORMAÇÃO DE SERVIÇO', '023.7'),
(51, 'CLASSIFICAÇÃO DE SERVIÇO PRESTADO. AVALIAÇÃO DE DESEMPENHO', '023.71'),
(52, 'RECLAMAÇÃO E RECURSO', '023.72'),
(53, 'INSPECÇÃO', '023.8'),
(54, 'FORMAÇÃO. APERFEIÇOAMENTO. PROFISSIONALIZAÇÃO DOS FUNCIONÁRIOS', '024'),
(55, 'CURSOS. BOLSAS DE ESTUDO. ESTÁGIOS. RECICLAGENS', '024.1'),
(56, 'PROMOVIDOS NO TERRITÓRIO NACIONAL', '024.11'),
(57, 'PROMOVIDOS NO ESTRANGEIRO', '024.12'),
(58, 'OUTROS ASSUNTOS REFERENTES À FORMAÇÃO, E APERFEIÇOAMENTO', '024.9'),
(59, 'DEVERES, DIREITOS E REGALIAS', '025'),
(60, 'FOLHAS DE PAGAMENTO. FICHAS FINANCEIRAS', '025.1'),
(61, 'TABELA SALARIAL', '025.11'),
(62, 'REAJUSTAMENTO SALARIAL', '025.111'),
(63, 'REMUNERAÇÕES', '025.12'),
(64, 'VENCIMENTO', '025.121'),
(65, 'SUPLEMENTO DE VENCIMENTO', '025.122'),
(66, 'SUBSÍDIOS', '025.123'),
(67, 'DISTINÇÕES E PRÉMIOS', '025.124'),
(68, 'DESCONTOS', '025.2'),
(69, 'IMPOSTO DE RENDIMENTO DE PESSOAS SINGULARES (IRPS)', '025.21'),
(70, 'COMPENSAÇÃO DE APOSENTAÇÃO E REFORMA (CAR)', '025.23'),
(71, 'SUBSÍDIO DE FUNERAL (SF)', '025.24'),
(72, 'CONTRIBUIÇÃO PARA SEGURANÇA SOCIAL', '025.25'),
(73, 'CONSIGNAÇÕES', '025.26'),
(74, 'OUTROS DESCONTOS', '025.29'),
(75, 'LICENÇAS .', '025.3'),
(76, 'LICENÇA DISCIPLINAR', '025. 31'),
(77, 'OUTRAS LICENÇAS', '025.39'),
(78, 'DISPENSAS', '025.4'),
(79, 'FALTAS', '025.5'),
(80, 'JUSTIFICADAS', '025.51'),
(81, 'INJUSTIFICADAS', '025.52'),
(82, 'OUTROS DEVERES, DIREITOS E REGALIAS', '025.9'),
(83, 'RESPONSABILIDADE DISCIPLINAR', '026'),
(84, 'DENÚNCIAS. SINDICÂNCIAS. INQUÉRITOS', '026.1'),
(85, 'PROCESSOS DISCIPLINARES', '026.2'),
(86, 'PENALIDADES DISCIPLINARES', '026.3'),
(87, 'REINCIDÊNCIA', '026.4'),
(88, 'PRESCRIÇÃO', '026.6'),
(89, 'PREVIDÊNCIA, ASSISTÊNCIA E SEGURANÇA SOCIAL', '027'),
(90, 'BENEFÍCIOS', '027.1'),
(91, 'SEGUROS', '027.11'),
(92, 'ADIANTAMENTOS E EMPRÉSTIMOS A FUNCIONÁRIOS', '027.12'),
(93, 'HABITAÇÃO. TRANSPORTE', '027.13'),
(94, 'FARDAMENTO. UNIFORME', '027.14'),
(95, 'ASSISTÊNCIA MÉDICA E MEDICAMENTOSA (AMM). HIGIENE E SEGURANÇA NO TRABALHO.', '027.15'),
(96, 'PENSÕES', '027.2'),
(97, 'DE SOBREVIVÊNCIA', '027.21'),
(98, 'DE SANGUE', '027.22'),
(99, 'POR SERVIÇOS EXCEPCIONAIS E RELEVANTES PRESTADOS AO PAÍS', '027.23'),
(100, 'OUTROS BENEFÍCIOS', '027.29'),
(101, 'CESSAÇÃO DA RELAÇÃO DE TRABALHO NO APARELHO DE ESTADO', '028'),
(102, 'MORTE', '028.1'),
(103, 'APOSENTAÇÃO', '028.2'),
(104, 'DEMISSÃO. EXPULSÃO. CESSAÇÃO DE FUNÇÕES. PERDA DE REQUISITOS GERAIS DE PROVIMENTO', '028.3'),
(105, 'EXONERAÇÃO', '028.4'),
(106, 'DENÚNCIA. RESCISÃO CONTRATUAL. ABANDONO DE LUGAR', '028.5'),
(107, 'OUTROS ASSUNTOS REFERENTES A RECURSOS HUMANOS', '029'),
(108, 'HORÁRIO DE EXPEDIENTE (Inclusive a escala de serviço)', '029.1'),
(109, 'CONTROLO DE FREQUÊNCIA (livro de ponto, cartões).', '029.11'),
(110, 'VIAGENS E BAGAGENS. DESLOCAÇÕES', '029.2'),
(111, 'EM MISSÃO DE SERVIÇO', '029.21'),
(112, 'NO TERRITÓRIO NACIONAL', '029.211'),
(113, 'NO ESTRANGEIRO', '029.212'),
(114, 'MOVIMENTOS REIVINDICATIVOS', '029.3'),
(115, 'GREVES', '029.31'),
(116, 'MANIFESTAÇÕES', '029.32'),
(117, 'PARALIZAÇÕES', '029.33'),
(118, 'ORÇAMENTO', '030'),
(119, 'PROGRAMAÇAO ORÇAMENTAL', '031'),
(120, 'PREVISÃO ORÇAMENTAL', '031.11'),
(121, 'PROPOSTA ORÇAMENTAL . PROJECTOS', '031.12'),
(122, 'ORÇAMENTOS APROVADOS', '031.13'),
(123, 'INVESTIMENTO EXTERNO', '031.14'),
(124, 'AUDITORIA. INSPECÇÃO', '031.15'),
(125, 'EXECUÇÃO ORÇAMENTAL', '031.2'),
(126, 'RECEITAS', '031.21'),
(127, 'DESPESAS', '032.22'),
(128, 'DESCENTRALIZAÇÃO DE RECURSOS. DSTRIBUIÇÃO ORÇAMENTAL', '031.23'),
(129, 'ACOMPANHAMENTO DE DESPESA MENSAL (PESSOAL/DÍVIDA)', '031.24'),
(130, 'GESTÃO FINANCEIRA', '032'),
(131, 'FUNDOS ESPECIAIS', '032.1'),
(132, 'BOLSAS DE VALOR', '032.2'),
(133, 'PROGRAMAÇÃO FINANCEIRA DE DESEMBOLSO', '032.3'),
(134, 'PLANO OPERATIVO. CRONOGRAMA DE DESEMBOLSO', '032.41'),
(135, 'ESTÍMULOS FINANCEIROS E CREDITÍCIOS', '033'),
(136, 'OPERAÇÕES BANCÁRIAS', '034'),
(137, 'CONTA INDIVIDUAL', '034.1'),
(138, 'CONTA CONJUNTA', '034.2'),
(139, 'ASSINATURAS AUTORIZADAS', '034.3'),
(140, 'PAGAMENTOS EM MOEDA NACIONAL', '034.4'),
(141, 'PAGAMENTOS EM MOEDA ESTRANGEIRA', '034.5'),
(142, 'EXTRATOS DE CONTAS', '034.6'),
(143, 'BALANÇOS. BALANCETES', '035'),
(144, 'OUTROS ASSUNTOS REFERENTES AO ORÇAMENTO', '039'),
(145, 'IMPOSTOS E TAXAS. VALORES TRIBUTÁRIOS', '039.1'),
(146, 'PATRIMÓNIO', '040'),
(147, 'CADASTRO DE FORNECEDORES', '040.1'),
(148, 'BENS IMÓVEIS', '041'),
(149, 'FORNECIMENTO E MANUTENÇÃO DE SERVIÇOS BÁSICOS', '041.1'),
(150, 'ÁGUA E ESGOTO', '041.11'),
(151, 'LUZ', '041.12'),
(152, 'CONDOMÍNIO', '041.2'),
(153, 'AQUISIÇÃO', '041.3'),
(154, 'COMPRA', '041.31'),
(155, 'CEDÊNCIA', '041.32'),
(156, 'DOAÇÃO', '041.33'),
(157, 'PERMUTA. TROCA', '041.34'),
(158, 'ALUGUER. LOCAÇÃO. ARRENDAMENTO. CONTRATO. COMODATO. USUFRUTO', '041.35'),
(159, 'ALIENAÇÃO', '041.4'),
(160, 'VENDA', '041.41'),
(161, 'PERMUTA', '041.44'),
(162, 'DESAPROPRIAÇÃO. DESPEJO. REATRIBUIÇÃO. REIVINDICAÇÃO DE DOMÍNIO. ABATE', '041.45'),
(163, 'OUTRAS FORMAS DE AQUISIÇÃO', '041.49'),
(164, 'OBRAS', '041.5'),
(165, 'CONSTRUÇÃO', '041.51'),
(166, 'REABILITAÇÃO', '041.52'),
(167, 'RECUPERAÇÃO', '041.53'),
(168, 'RESTAURAÇÃO', '041.54'),
(169, 'MANUTENÇÃO E REPARAÇÃO DE IMÓMEIS. (inclusive licitação', '041.6'),
(170, 'MANUTENÇÃO DE ELEVADORES', '041.61'),
(171, 'MANUTENÇÃO DE AR CONDICIONADO', '041.62'),
(172, 'MANUTENÇÃO DE SUBESTAÇÃO E GERADORES', '041.63'),
(173, 'LIMPEZA. IMUNIZAÇÃO. DESINFESTAÇÃO. JARDINAGEM', '041.64'),
(174, 'OUTROS SERVIÇOS DE MANUTENÇÃO', '041.69'),
(175, 'OUTROS ASSUNTOS REFERENTES A BENS IMÓVEIS', '041.9'),
(176, 'CONTROLO DE ENTRADAS E SAÍDAS (de bens e pessoas)', '041.91'),
(177, 'MUDANÇAS', '041.92'),
(178, 'PARA OUTROS IMÓVEIS', '041.93'),
(179, 'DENTRO DO MESMO IMÓVEL', '041.94'),
(180, 'USO DE DEPENDÊNCIAS, TERRAÇOS E CAVES', '041.95'),
(181, 'BENS MÓVEIS', '042'),
(182, 'TRANSPORTES', '042.1'),
(183, 'COMPRA DE BENS E IMOVEIS', '042.21'),
(184, 'ALUGUER DE BENS E IMOVEIS', '042.22'),
(185, 'CEDÊNCIA. DOAÇÃO. PERMUTA. TRANSFERÊNCIA', '042.23'),
(186, 'REGISTO. LICENCIAMENTO', '042.3'),
(187, 'ALIENAÇÃO. LICITAÇÃO', '042.4'),
(188, 'VENDA. LEILÃO. ABATE', '042.41'),
(189, 'COMBUSTÍVEIS E LUBRIFICANTES. LIMPEZA. MANUTENÇÃO E REPARAÇÃO DE MÓVEIS', '042.42'),
(190, 'ACIDENTES. INFRACÇÕES. MULTAS', '042.5'),
(191, 'OUTROS ASSUNTOS REFERENTES A MÓVEIS', '042.9'),
(192, 'CONTROLO DE USO DE TRANSPORTES', '042.91'),
(193, 'INVENTÁRIO', '042.911'),
(194, 'INVENTÁRIO DE BENS MÓVEIS', '042.912'),
(195, 'AUTORIZAÇÃO PARA USO FORA DO HORÁRIO DE EXPEDIENTE', '042.913'),
(196, 'PARQUEAMENTO. GARAGEM', '042.914'),
(197, 'BENS MATERIAIS', '043'),
(198, 'MATERIAL DURADOURO', '043.1'),
(199, 'AQUISIÇÃO DE BENS MATERIAIS', '043.11'),
(200, 'COMPRA DE BENS MATERIAIS', '043.111'),
(201, 'LICITAÇÃO DE BENS MATERIAS', '043.112'),
(202, 'ALUGUER. COMODATO. LEASING', '043.113'),
(203, 'CEDÊNCIA. EMPRÉSTIMO', '043.114'),
(204, 'PERMUTA. TROCA DE BENS MATERIAIS', '043.115'),
(205, 'TRANSFERÊNCIA. DOAÇÃO', '043.116'),
(206, 'REVERSÃO. HERANÇA', '043.117'),
(207, 'FABRICO. PRODUÇÂO', '043.118'),
(208, 'OUTRAS FORMAS DE AQUISIÇÃO DE BENS MATERIAIS', '043.119'),
(209, 'MATERIAL NÃO DURADOURO', '043.2'),
(210, 'COMPRA DE MATERIAL NÃO DURADOURO', '043.21'),
(211, 'CEDÊNCIA. DOAÇÃO. PERMUTA DE MATEIAL NÃO DURADOURO', '043.22'),
(212, 'CONFECÇÃO DE IMPRESSOS', '043.23'),
(213, 'MOVIMENTAÇÃO DE MATERIAL (duradouro e não duradouro)', '043.3'),
(214, 'TERMOS DE RESPONSABILIDADE', '043.31'),
(215, 'CONTROLO DE STOCK', '043.32'),
(216, 'EXTRAVIO. ROUBO. DESAPARECIMENTO', '043.33'),
(217, 'TRANSPORTE DE MATERIAL', '043.34'),
(218, 'AUTORIZAÇÃO DE SAÍDA DE MATERIAL. BAIXA (material duradouro e não duradouro', '043.35'),
(219, 'ARMAZENAMENTO. DEPÓSITO', '043.36'),
(220, 'ALIENAÇÃO. ABATE', '043.4'),
(221, 'VENDA. LEILÃO. HASTA-PÚBLICA', '043.41'),
(222, 'REQUISIÇÃO E CONTRATAÇÃO DE SERVIÇOS (inclusive licitação)', '043.5'),
(223, 'SERVIÇOS INTERNOS', '043.511'),
(224, '043.512', 'SERVIÇOS EXTERNOS'),
(225, 'INVENTÁRIO DE MATERIAL NAO DURADOURO', '043.6'),
(226, 'OUTROS ASSUNTOS REFERENTES A MATERIAL', '043.9'),
(227, 'ESPECIFICAÇÃO. PADRONIZAÇÃO. CODIFICAÇÃO. PREVISÃO', '043.91'),
(228, 'IDENTIFICAÇÃO. CLASSIFICAÇÃO. CATALOGAÇÃO. CATÁLOGO', '043.92'),
(229, 'SERVIÇOS DE REPROGRAFIA', '043.93'),
(230, 'REQUISIÇÃO DE MATERIAL NÃO DURADOURO', '043.931'),
(231, 'CONTROLO DE MATERIAL NÃO DURADOURO', '043.932'),
(232, 'OUTROS ASSUNTOS REFERENTES A PATRIMÓNIO', '049'),
(233, 'GUARDA E SEGURANÇA. GUARNIÇÃO. SENTINELA. PLANTÃO', '049.1'),
(234, 'SEGUROS (OUTROS ASSUNTOS REFERENTES A PATRIMÓNIO)', '049.11'),
(235, 'PREVENÇÃO E COMBATE AO INCÊNDIO. BOMBEIROS', '049.12'),
(236, 'SINISTRO', '049.13'),
(237, 'VISTORIAS. SINDICÂNCIAS. PERÍCIAS TÉCNICAS', '049.14'),
(238, 'DOCUMENTAÇÃO E INFORMAÇÃO', '050'),
(239, 'PUBLICAÇÃO DE MATÉRIAS', '050.1'),
(240, 'NO BOLETIM DA REPÚBLICA', '050.11'),
(241, 'PUBLICAÇÃO DE MATÉRIAS EM LIVROS', '050.12'),
(242, 'PUBLICAÇÃO DE MATÉRIAS EM REVISTAS E JORNAIS', '050.13'),
(243, 'PUBLICAÇÃO DE MATÉRIAS NACIONAIS', '050.131'),
(244, 'PUBLICAÇÃO DE MATÉRIAS INTERNACIONAIS', '050.132'),
(245, 'PUBLICAÇÃO DE MATÉRIAS EM OUTROS PERIÓDICOS', '050.2'),
(246, 'PRODUÇÃO EDITORIAL', '051'),
(247, 'COMPOSIÇÃO. REVISÃO', '051.1'),
(248, 'DISTRIBUIÇÃO. PROMOÇÃO. DIVULGAÇÃO', '051.2'),
(249, 'SERVIÇOS GRÁFICOS', '051.3'),
(250, 'DOCUMENTAÇÃO ARQUIVÍSTICA', '052'),
(251, 'LEGISLAÇÃO E REGULAMENTAÇÃO. POLÍTICA E SISTEMA NACIONAL DE ARQUIVOS. POLÍTICA DE ACESSO AOS DOCUMENTOS DE ARQUIVO', '052.1'),
(252, 'RELAÇÃO, FILIAÇÃO E PARCERIA COM O CONSELHO INTERNACIONAL DE ARQUIVOS E INSTITUIÇÕES CONGÉNERES', '052.2'),
(253, 'GESTÃO DE DOCUMENTOS', '052.3'),
(254, 'NORMAS E MANUAIS', '052.31'),
(255, 'PRODUÇÃO DOCUMENTAL. LEVANTAMENTO. DIAGNÓSTICO. FLUXO', '052.32'),
(256, 'PROTOCOLO: recepção, tramitação, expedição, classificação e arquivamento.', '052.33'),
(257, 'CLASSIFICAÇÃO DE DOCUMENTOS. CÓDIGO DE CLASSIFICAÇÃO', '052.34'),
(258, 'CLASSIFICAÇÃO QUANTO AO GÉNERO', '052.341'),
(259, 'CLASSIFICAÇÃO QUANTO À ESPÉCIE', '052.342'),
(260, 'CLASSIFICAÇÃO QUANTO À NATUREZA DO ASSUNTO', '052.343'),
(261, 'MÉTODOS DE ARQUIVAMENTO', '052.35'),
(262, 'DESTINAÇÃO DE DOCUMENTOS', '052.4'),
(263, 'ANÁLISE. AVALIAÇÃO. SELECÇÃO', '052.41'),
(264, 'TABELA DE TEMPORALIDADE', '052.411'),
(265, 'ELIMINAÇÃO', '052.42'),
(266, 'AUTOS, LISTAS E EDITAIS DE ELIMINAÇÃO', '052.421'),
(267, 'TRANSFERÊNCIA. RECOLHA', '052.43'),
(268, 'GUIAS E TERMOS DE TRANSFERÊNCIA', '052.431'),
(269, 'GUIAS, RELAÇÕES E TERMOS DE RECOLHA', '052.432'),
(270, 'LISTAGENS DESCRITIVAS DO ACERVO', '052.433'),
(271, 'CONSULTAS. EMPRÉSTIMOS', '052.44'),
(272, 'ASSESSORIA E ASSITÊNCIA TÉCNICA', '052.45'),
(273, 'GESTÃO DE DOCUMENTOS ELECTRÓNICOS. INFORMÁTICA', '053'),
(274, 'IDENTIFICAÇÃO. DESCRIÇÃO', '053.1'),
(275, 'PLANOS E PROJECTOS', '053.2'),
(276, 'PROGRAMAS. SISTEMAS. REDES', '053.3'),
(277, 'MANUAIS TÉCNICOS', '053.31'),
(278, 'MANUAIS DO UTILIZADOR', '053.32'),
(279, 'SOFTWARE. HARDRWARE. DISCOS E DISQUETES', '053.33'),
(280, 'DIGITALIZAÇÃO. INFORMATIZAÇÃO', '053.4'),
(281, 'AUTENTICIDADE. SISTEMA DE SEGURANÇA', '053.5'),
(282, 'ASSISTÊNCIA TÉCNICA', '053.6'),
(283, 'DOCUMENTAÇÃO BIBLIOGRÁFICA (livros,periódicos, folhetos e audiovisuais).', '054'),
(284, 'NORMAS E MANUAIS DE DOCUMENTAÇÃO BIBLIOGRÁFICA', '054.1'),
(285, 'AQUISIÇÃO (no país e no estrangeiro).DE DOCUMENTAÇÃO BIBLIOGRÁFICA', '054.2'),
(286, 'COMPRA DE DOCUMENTAÇÃO BIBLIOGRÁFICA', '054.21'),
(287, 'DOAÇÃO DE DOCUMENTAÇÃO BIBLIOGRÁFICA', '054.22'),
(288, 'PERMUTADO DE DOCUMENTAÇÃO BIBLIOGRÁFICA', '054.23'),
(289, 'DOCUMENTAÇÃO BIBLIOGRÁFICA DE REGISTO', '054.3'),
(290, 'CATALOGAÇÃO. CLASSIFICAÇÃO. INDEXAÇÃO', '054.4'),
(291, 'REFERÊNCIA E CIRCULAÇÃO DE DOCUMENTAÇÃO BIBLIOGRÁFICA', '054.5'),
(292, 'CONSULTA. EMPRÉSTIMO', '054.51'),
(293, 'INVENTÁRIO. BAIXA DE DOCUMENTAÇÃO BIBLIOGRÁFICA', '054.52'),
(294, 'INTERCÂMBIOS ENTRE BIBLIOTECAS', '054.53'),
(295, 'HORÁRIO DA BIBLIOTECA', '054.54'),
(296, 'PEDIDO E ATRIBUIÇÃO DE CARTÃO DE LEITOR', '054.55'),
(297, 'RENOVAÇÃO DE CARTOES DE LEITOR', '054.56'),
(298, 'ASSISTÊNCIA TÉCNICA DE DOCUMENTACAO BIBLIOGRAFICA', '054.57'),
(299, 'DOCUMENTAÇÃO MUSELÓGICA', '055'),
(300, 'CONSERVAÇÃO E PRESERVAÇÃO DE DOCUMENTOS. REPRODUÇÃO DE DOCUMENTOS', '056'),
(301, 'DESINFESTAÇÃO. HIGIENIZAÇÃO DE DOCUMENTACAO MUSEOLÓGICA', '056.1'),
(302, 'ARMAZENAMENTO. DEPÓSITO DE DOCUMENTAÇÃO MUSELÓGICA', '056.2'),
(303, 'RESTAURAÇÃO. ENCADERNAÇÃO DE DOCUMENTAÇÃO MUSELÓGICA', '056.3'),
(304, 'SISTEMA DE PREVENÇÃO E DETECÇÃO DE INCÊNDIOS. CORTA-FOGOS', '056.4'),
(305, 'MICROFILMAGEM. REPROGRAFIA', '056.6'),
(306, 'OUTROS ASSUNTOS REFERENTES À DOCUMENTAÇÃO E INFORMAÇÃO', '059'),
(307, 'COMUNICAÇÕES', '060'),
(308, 'SERVIÇO POSTAL', '061'),
(309, 'SERVIÇO DE ENVIO E ENTREGA EXPRESSA', '061.1'),
(310, 'NACIONAL-SERVICO POSTAL', '061.11'),
(311, 'INTERNACIONAL-SERVIÇO POSTAL', '061.12'),
(312, 'OUTROS SERVIÇOS POSTAIS', '061.9'),
(313, 'SERVIÇO TELEFÓNICO. FAX. TELEMÓVEL', '062'),
(314, 'INSTALAÇÃO. TRANSFERÊNCIA. MANUTENÇÃO. REPARAÇÃO', '062.1'),
(315, 'LIGAÇÕES. OBTENÇÃO DE COMUNICAÇÃO AUTOMÁTICA', '062.2'),
(316, 'URBANAS-SERVIÇO TELEFÓNICO. FAX. TELEMÓVEL', '062.21'),
(317, 'INTERURBANAS-SERVIÇO TELEFÓNICO. FAX. TELEMÓVEL', '062.22'),
(318, 'REGIONAIS-SERVIÇO TELEFÓNICO. FAX. TELEMÓVEL', '062.23'),
(319, 'TEMPORIZAÇÃO E CUSTOS DE CHAMADAS', '062.25'),
(320, 'NO POSTO DO ASSINANTE', '062.251'),
(321, 'NO POSTO PÚBLICO', '062.252'),
(322, 'CÓDIGOS DE ACESSO. INDICATIVOS DE ACESSO', '062.26'),
(323, 'SERVIÇOS DE URGÊNCIA E DE UTILIDADE PÚBLICA', '062.3'),
(324, 'REGULAMENTOS DE SERVIÇOS TELEFÓNICOS', '062.4'),
(325, 'CONTAS TELEFÓNICAS. FACTURAÇÃO', '062.5'),
(326, 'PAGAMENTOS DE SERVIÇO TELEFÓNICO. FAX. TELEMÓVEL', '062.51'),
(327, 'RECLAMAÇÕES DE SERVIÇO TELEFÓNICO. FAX. TELEMÓVEL', '062.52'),
(328, 'PEDIDOS DE PAGAMENTO EM PRESTAÇÕES', '062.53'),
(329, 'SERVIÇO DE TRANSMISSÃO DE DADOS, VOZ E IMAGEM.', '062.6'),
(330, 'LISTAS TELEFÓNICAS', '062.7'),
(331, 'SERVIÇO DE TELEX', '063'),
(332, 'INSTALAÇÃO. MANUTENÇÃO. REPARAÇÃO DE SERVICO DE TELEFAX', '063.1'),
(333, 'SERVIÇO DE RÁDIO', '064'),
(334, 'INSTALAÇÃO. MANUTENÇÃO. REPARAÇÃO  DE SERVIÇO DE RÁDIO', '064.1'),
(335, 'OUTROS ASSUNTOS REFERENTES À COMUNICAÇÕES', '069'),
(336, 'VAGA', '070'),
(337, 'VAGA 1', '080'),
(338, 'OUTROS ASSUNTOS REFERENTES À ADMINISTRAÇÃO GERAL', '090'),
(339, 'ACÇÕES JUDICIAIS', '091'),
(340, '900', 'ASSUNTOS DIVERSOS'),
(341, 'SOLENIDADES. COMEMORAÇÕES. HOMENAGENS DISCURSOS. PALESTRAS', '910'),
(342, 'CONGRESSOS. CONFERÊNCIAS. SEMINÁRIOS. SIMPÓSIOS. ENCONTROS. CONVENÇÕES. CICLOS DE PALESTRAS. WORKSHOPS. MESAS REDONDAS', '920'),
(343, 'PROMOVIDOS PELO ÓRGÃO', '921'),
(344, 'NO TERRITÓRIO NACIONAL-ASSUNTOS DIVERSOS', '921.1'),
(345, 'PROMOVIDOS POR OUTROS ÓRGÃOS', '922'),
(346, 'NO TERRITÓRIO NACIONAL-PROMOVIDOS POR OUTROS ÓRGÃOS', '922.1'),
(347, 'NO ESTRANGEIRO-PROMOVIDOS POR OUTROS ÓRGÃOS', '922.2'),
(348, 'FEIRAS. SALÕES. EXPOSIÇÕES. MOSTRAS. CONCURSOS. FESTAS', '930'),
(349, 'VISITAS E VISITANTES', '940'),
(350, 'VAGA 2', '950'),
(351, 'VAGA 3', '960'),
(352, 'VAGA 4', '970'),
(353, 'VAGA 5', '980'),
(354, 'ASSUNTOS TRANSITÓRIOS', '990'),
(355, 'APRESENTAÇÃO. RECOMENDAÇÃO', '991'),
(356, 'AVISOS. COMUNICADOS E INFORMES', '992'),
(357, 'AGRADECIMENTOS. CONVITES. FELICITAÇÕES. CONDOLÊNCIAS', '993'),
(358, 'PROTESTOS. REIVINDICAÇÕES. SUGESTÕES', '994'),
(359, 'PEDIDOS, OFERTAS E INFORMAÇÕES DIVERSAS', '995'),
(360, 'ASSOCIAÇÕES', '996'),
(361, 'ASSOCIAÇÕES  CULTURAIS', '996.1'),
(362, 'ASSOCIAÇÕES DE AMIGOS', '996.2'),
(363, 'ASSOCIAÇÕES  DE FUNCIONÁRIOS', '996.3');

-- --------------------------------------------------------

--
-- Table structure for table `clientes`
--

CREATE TABLE `clientes` (
  `idClientes` int(11) NOT NULL,
  `nomeCliente` varchar(255) NOT NULL,
  `sexo` varchar(20) DEFAULT NULL,
  `pessoa_fisica` tinyint(1) NOT NULL DEFAULT '1',
  `documento` varchar(20) NOT NULL,
  `telefone` varchar(20) NOT NULL,
  `celular` varchar(20) DEFAULT NULL,
  `email` varchar(100) NOT NULL,
  `dataCadastro` date DEFAULT NULL,
  `rua` varchar(70) DEFAULT NULL,
  `numero` varchar(15) DEFAULT NULL,
  `bairro` varchar(45) DEFAULT NULL,
  `cidade` varchar(45) DEFAULT NULL,
  `estado` varchar(20) DEFAULT NULL,
  `cep` varchar(20) DEFAULT NULL
) ENGINE=InnoDB DEFAULT CHARSET=latin1;

--
-- Dumping data for table `clientes`
--

INSERT INTO `clientes` (`idClientes`, `nomeCliente`, `sexo`, `pessoa_fisica`, `documento`, `telefone`, `celular`, `email`, `dataCadastro`, `rua`, `numero`, `bairro`, `cidade`, `estado`, `cep`) VALUES
(2, 'Neide Chissico', NULL, 1, 'Armando', '41451512', '54132', 'chissiconeyd@gmail.com', '2017-09-10', 'asdas', '4665132', 'Armando', 'Armando', 'Armando', '4196532'),
(3, 'Cliente', NULL, 1, 'Cliente', 'Cliente', 'Cliente', 'Cliente@gmail.com', '2017-09-23', 'Cliente', 'Cliente', 'Cliente', 'Cliente', 'Cliente', 'Cliente'),
(4, 'Neide Chissico', NULL, 1, 'assa', 'asd', 'asdsa', 'asdasassa@gmail.com', '2017-10-11', 'asdas', 'asdas', 'asdas', 'assa', 'sadsa', 'assd');

-- --------------------------------------------------------

--
-- Stand-in structure for view `consultarcargo`
-- (See below for the actual view)
--
CREATE TABLE `consultarcargo` (
`nomeCargo` varchar(45)
,`nomeDestinatario` varchar(45)
,`idDestinatario` int(11)
);

-- --------------------------------------------------------

--
-- Table structure for table `contas`
--

CREATE TABLE `contas` (
  `idContas` int(11) NOT NULL,
  `conta` varchar(45) DEFAULT NULL,
  `banco` varchar(45) DEFAULT NULL,
  `numero` varchar(45) DEFAULT NULL,
  `saldo` decimal(10,2) DEFAULT NULL,
  `cadastro` date DEFAULT NULL,
  `status` tinyint(1) DEFAULT NULL,
  `tipo` varchar(80) DEFAULT NULL
) ENGINE=InnoDB DEFAULT CHARSET=latin1;

-- --------------------------------------------------------

--
-- Table structure for table `correspondencia`
--

CREATE TABLE `correspondencia` (
  `idCorrespondencia` int(11) NOT NULL,
  `verUnicidadeCorre` varchar(45) NOT NULL DEFAULT 'Campo diferente',
  `numCorrespondencia` varchar(100) NOT NULL DEFAULT 'Campo diferente',
  `categoria` varchar(200) NOT NULL,
  `prioridade` varchar(200) NOT NULL,
  `tipoDoc` varchar(45) DEFAULT NULL,
  `codigoAssunto` varchar(45) DEFAULT NULL,
  `refProv` int(11) DEFAULT NULL,
  `refRec` varchar(200) DEFAULT 'Campo diferente',
  `proviniencia` varchar(200) NOT NULL,
  `tipoProviniencia` varchar(45) DEFAULT NULL,
  `origem` varchar(45) NOT NULL,
  `assunto` tinytext NOT NULL,
  `file` varchar(100) DEFAULT NULL,
  `path` varchar(300) DEFAULT NULL,
  `url` varchar(300) DEFAULT NULL,
  `dataEmissao` date NOT NULL,
  `observacao` text,
  `observacaoTra` text NOT NULL,
  `observacaoDes` text NOT NULL,
  `direcao` varchar(45) DEFAULT NULL,
  `departamento` varchar(45) DEFAULT NULL,
  `reparticao` varchar(45) DEFAULT NULL,
  `usuarioId` varchar(11) NOT NULL,
  `destino` varchar(200) DEFAULT 'Nulo',
  `estadoVer` varchar(45) NOT NULL,
  `estadoTra` varchar(45) NOT NULL,
  `estadoDes` varchar(45) NOT NULL,
  `estadoPar` varchar(45) NOT NULL,
  `dataFinal` date DEFAULT NULL
) ENGINE=InnoDB DEFAULT CHARSET=latin1;

--
-- Dumping data for table `correspondencia`
--

INSERT INTO `correspondencia` (`idCorrespondencia`, `verUnicidadeCorre`, `numCorrespondencia`, `categoria`, `prioridade`, `tipoDoc`, `codigoAssunto`, `refProv`, `refRec`, `proviniencia`, `tipoProviniencia`, `origem`, `assunto`, `file`, `path`, `url`, `dataEmissao`, `observacao`, `observacaoTra`, `observacaoDes`, `direcao`, `departamento`, `reparticao`, `usuarioId`, `destino`, `estadoVer`, `estadoTra`, `estadoDes`, `estadoPar`, `dataFinal`) VALUES
(1, 'Campo diferente', 'NOTA Nº 1905/010.3/DNF/18', 'Entrada', 'Normal', 'NOTA', '010.2', 1905, '1/010.2/GM/DTIC/18', 'DNF', 'Interna', 'GM/DTIC', 'Pedido de apoio para o melhoramneto da pagina web e funcionamento do email instituicional.', 'c3ded34c16e763505481af9e96a74c76.pdf', 'C:/xampp/htdocs/sigdoc/assets/arquivos/14-11-2018/c3ded34c16e763505481af9e96a74c76.pdf', 'http://172.16.244.50/sigdoc/assets/arquivos/14-11-2018/c3ded34c16e763505481af9e96a74c76.pdf', '2018-11-14', '', '', '', '4', '', '', 'Armando Arl', 'Nulo', 'NAO', 'NAO', 'NAO', 'NAO', NULL),
(2, 'Campo diferente', 'NOTA Nº 2260/022.121/DAF/18', 'Entrada', 'Muito Urgente', 'NOTA', '002', 2260, '2/002/DRH/18', 'DAF', 'Interna', 'DRH', 'dcome@misau.gov.mz', '2b1d7c26057513cb23ac5dc5483710d5.pdf', 'C:/xampp/htdocs/sigdoc/assets/arquivos/14-11-2018/2b1d7c26057513cb23ac5dc5483710d5.pdf', 'http://172.16.244.50/sigdoc/assets/arquivos/14-11-2018/2b1d7c26057513cb23ac5dc5483710d5.pdf', '2018-11-14', 'sdfds', '', 'concordo', '9', '', '', 'Técnico Adm', 'Nulo', 'NAO', 'NAO', 'SIM', 'NAO', NULL),
(3, 'Campo diferente', 'CARTA Nº 1905/010.3/MCTESTP/18', 'Entrada', 'Normal', 'CARTA', '001.33', 1905, '3/001.33/DRH/18', 'MCTESTP', 'Externa', 'DRH', 'dcome@misau.gov.mz', '02775cbb96ef457567e9d0fc9d925d6e.pdf', 'C:/xampp/htdocs/sigdoc/assets/arquivos/14-11-2018/02775cbb96ef457567e9d0fc9d925d6e.pdf', 'http://172.16.244.50/sigdoc/assets/arquivos/14-11-2018/02775cbb96ef457567e9d0fc9d925d6e.pdf', '2018-11-14', 'dcome@misau.gov.mz', '', '', NULL, NULL, NULL, 'Técnico Adm', 'DNSP/DCQAA/RepQAQCQ', 'NAO', 'SIM', 'NAO', 'SIM', NULL),
(4, 'Campo diferente', 'REGULAMENTO Nº 468/010.3/DNSP/DN/RNCD/18', 'Entrada', 'Normal', 'REGULAMENTO', '010.2', 468, '4/010.2/DRH/18', 'DNSP/DN/RNCD', 'Interna', 'DRH', 'Sistema de gestao de documentos', 'eb4837a5efb8021c2b53fc8d4fd5ff68.pdf', 'C:/xampp/htdocs/sigdoc/assets/arquivos/14-11-2018/eb4837a5efb8021c2b53fc8d4fd5ff68.pdf', 'http://172.16.244.50/sigdoc/assets/arquivos/14-11-2018/eb4837a5efb8021c2b53fc8d4fd5ff68.pdf', '2018-11-14', '', 'dsdsfdsfd', 'informar sobre o estado tecnico', '2', '14', '15', 'Técnico Adm', 'DRH', 'SIM', 'SIM', 'SIM', 'NAO', NULL),
(5, 'Campo diferente', 'COMUNICADO Nº 2260/022.12/DAF/18', 'Entrada', 'Urgente', 'COMUNICADO', '001.1', 2260, '5/001.1/DRH/18', 'DAF', 'Interna', 'DRH', 'hghgvjh', '99ff33a4baceec0496e125ce6c416b50.pdf', 'C:/xampp/htdocs/sigdoc/assets/arquivos/15-11-2018/99ff33a4baceec0496e125ce6c416b50.pdf', 'http://172.16.244.50/sigdoc/assets/arquivos/15-11-2018/99ff33a4baceec0496e125ce6c416b50.pdf', '2018-11-15', 'hjjjh', 'Em anexo a correspondencia', 'Autorizo a vigem,', '9', '', '', 'Técnico Adm', 'GM', 'SIM', 'SIM', 'SIM', 'NAO', NULL),
(6, 'Campo diferente', 'CONVÊNIO Nº 2260/022.121/DTIC/18', 'Saida', 'Muito Urgente', 'CONVÊNIO', '010.2', 2260, '6/010.2/DNAM/18', 'DTIC', 'Interna', 'DNAM', 'scdssdfds', 'c2f81754bc6ce9aa67bfb2123f391f89.pdf', 'C:/xampp/htdocs/sigdoc/assets/arquivos/15-11-2018/c2f81754bc6ce9aa67bfb2123f391f89.pdf', 'http://172.16.244.50/sigdoc/assets/arquivos/15-11-2018/c2f81754bc6ce9aa67bfb2123f391f89.pdf', '2018-11-15', '', '', 'Marcar reunião para dia 22 de Novembro', '16', '', '', 'Tecnico Adm', 'IS', 'SIM', 'SIM', 'SIM', 'SIM', NULL),
(7, 'Campo diferente', 'DECLARAÇÃO Nº 311/002/DAF/18', 'Entrada', 'Muito Urgente', 'DECLARAÇÃO', '010.2', 311, '7/010.2/DNAM/18', 'DAF', 'Interna', 'DNAM', 'Elaboracao do PES', 'ab1f222de602621c310086cbd8e45986.pdf', 'C:/xampp/htdocs/sigdoc/assets/arquivos/15-11-2018/ab1f222de602621c310086cbd8e45986.pdf', 'http://172.16.244.50/sigdoc/assets/arquivos/15-11-2018/ab1f222de602621c310086cbd8e45986.pdf', '2018-11-15', 'O documento chegou tarde', 'Contratacao dos  medicos cubanos', '', '9', '', '', 'Tecnico Adm', 'DRH/DAP/SAT', 'NAO', 'SIM', 'NAO', 'NAO', NULL),
(8, 'Campo diferente', 'NOTA Nº 3112/GM/002/018/DAF/18', 'Entrada', 'Muito Urgente', 'NOTA', '010.2', 3112, '8/010.2/DRH/18', 'DAF', 'Interna', 'DRH', 'Primeira reuniao dos responsaveis das autoridades refutatorias nacionais de drogas dos estados', 'c7fcf6bc1ddafeae3839328de5a45894.pdf', 'C:/xampp/htdocs/sigdoc/assets/arquivos/15-11-2018/c7fcf6bc1ddafeae3839328de5a45894.pdf', 'http://172.16.244.50/sigdoc/assets/arquivos/15-11-2018/c7fcf6bc1ddafeae3839328de5a45894.pdf', '2018-11-15', '', 'pedido de parecer ', 'Informar sobre o estado Tecnico', '9', '', '', 'Técnico Adm', 'IS', 'SIM', 'SIM', 'SIM', 'NAO', NULL),
(9, 'Campo diferente', 'OFÍCIO Nº 12/002/DTIC/18', 'Entrada', 'Urgente', 'OFÍCIO', '001', 12, '9/001/IS/18', 'DTIC', 'Interna', 'IS', 'saadsadsa', 'c5503de2eb8843f8a5420893d5d8a037.pdf', 'C:/xampp/htdocs/sigdoc/assets/arquivos/15-11-2018/c5503de2eb8843f8a5420893d5d8a037.pdf', 'http://172.16.244.50/sigdoc/assets/arquivos/15-11-2018/c5503de2eb8843f8a5420893d5d8a037.pdf', '2018-11-15', '', 'envio de documentos', 'Estado Tecnico', '16', '', '', 'Tecnico Adm', 'DNAM', 'SIM', 'SIM', 'SIM', 'NAO', NULL),
(10, 'Campo diferente', 'CIRCULAR Nº 24//18', 'Entrada', 'Muito Urgente', 'CIRCULAR', '920', 24, '10/920/GM/18', '', 'Interna', 'GM', 'Palestra mozabancok', 'b139d4c90218b979abbbe114077d6585.jpg', 'C:/xampp/htdocs/sigdoc/assets/arquivos/15-11-2018/b139d4c90218b979abbbe114077d6585.jpg', 'http://172.16.244.50/sigdoc/assets/arquivos/15-11-2018/b139d4c90218b979abbbe114077d6585.jpg', '2018-11-15', '', 'Teste', '', NULL, NULL, NULL, 'Tecnico Adm', 'DRH', 'SIM', 'SIM', 'NAO', 'NAO', NULL);

-- --------------------------------------------------------

--
-- Table structure for table `corre_arquivados`
--

CREATE TABLE `corre_arquivados` (
  `idCorre_arquivados` int(11) NOT NULL,
  `idCorrespondencia` int(11) NOT NULL,
  `observacao` varchar(300) NOT NULL
) ENGINE=InnoDB DEFAULT CHARSET=latin1;

-- --------------------------------------------------------

--
-- Table structure for table `corre_sigiloso`
--

CREATE TABLE `corre_sigiloso` (
  `idCorre_sigiloso` int(200) NOT NULL,
  `categoria` varchar(200) NOT NULL,
  `tipoProviniencia` varchar(200) NOT NULL,
  `proviniencia` varchar(200) NOT NULL,
  `dataEmissao` varchar(200) NOT NULL,
  `observacao` text NOT NULL,
  `prioridade` varchar(200) NOT NULL,
  `usuarioId` varchar(200) NOT NULL,
  `origem` varchar(200) NOT NULL,
  `numCorrespondencia` varchar(200) NOT NULL,
  `destinatarioId` int(11) NOT NULL
) ENGINE=InnoDB DEFAULT CHARSET=latin1;

-- --------------------------------------------------------

--
-- Table structure for table `departamento`
--

CREATE TABLE `departamento` (
  `idDepartamento` int(11) NOT NULL,
  `nomeDepartamento` varchar(45) DEFAULT NULL,
  `abrevDepartamento` varchar(45) DEFAULT NULL,
  `contactoDepartamento` varchar(45) DEFAULT NULL,
  `emailDepartamento` varchar(45) DEFAULT NULL,
  `responsavelDepartamento` varchar(45) DEFAULT NULL,
  `direcaoId` int(11) DEFAULT NULL,
  `dataCadastro` varchar(45) DEFAULT NULL
) ENGINE=InnoDB DEFAULT CHARSET=latin1;

--
-- Dumping data for table `departamento`
--

INSERT INTO `departamento` (`idDepartamento`, `nomeDepartamento`, `abrevDepartamento`, `contactoDepartamento`, `emailDepartamento`, `responsavelDepartamento`, `direcaoId`, `dataCadastro`) VALUES
(1, 'Departamento de tecnologias de Informação e C', 'DTIC', '', '', 'Momade Sumalgy', 12, NULL),
(2, 'Departamento de Comunicação e Imagem', 'DCI', '', '', '', 12, NULL),
(3, 'Departamento de Infra-Estruturas e Equipament', 'DIEH', '', '', '', 7, NULL),
(4, 'Departamento das Juntas de Saúde', 'DJS', '', '', '', 3, NULL),
(5, 'Departamento de Aquisições', 'DA', '', '', '', 13, NULL),
(6, 'Centro de Abastecimento', 'CA', '', '', '', 9, NULL),
(7, 'Lar de Maxaquene (Casa dos Medicos)', 'LM', '', '', '', 9, NULL),
(8, 'Departamento de Administração de Pessoal', 'DAP', '', '', '', 8, NULL),
(9, 'Departamento de Inspenção de Cuidados de Saúd', 'DICS', '', '', '', 1, NULL),
(10, 'Departamento de Inspenção Farmaceutica', 'DIF', '', '', '', 1, NULL),
(11, 'Departamento de Inspenção de Formação de Prof', 'DIFPS', '', '', '', 1, NULL),
(12, 'Departamento de Inspenção Administartiva', 'DIA', '', '', '', 1, NULL),
(13, 'Departamento de Saúde Familiar', 'DSF', '', '', '', 2, NULL),
(14, 'Departamento de Nutrição', 'DN', '', '', '', 2, NULL),
(15, 'Departamento de Promoção de Saúde', 'DPROS', '', '', '', 2, NULL),
(16, 'Departamento de Saúde Mental', 'DSM', '', '', '', 2, NULL),
(17, 'Departamento de Vigilância em Saúde', 'DVS', '', '', '', 2, NULL),
(18, 'Departamento de Prevenção e Controlo de Doenç', 'DPCD', '', '', '', 2, NULL),
(19, 'Departamento de Saúde Ambiental', 'DSA', '', '', '', 2, NULL),
(20, 'Departamento de Programas Nacionais de Saúde', 'DPNS', '', '', '', 2, NULL),
(21, 'Departamento de Controlo da Qualidade de Agua', 'DCQAA', '', '', '', 2, NULL),
(22, 'Departamento de Cuidados de Saùde Primários', 'DCSP', '', '', '', 2, NULL),
(23, 'Departamento de Administração e Gestão das Un', 'DAGUS', '', '', '', 3, NULL),
(24, 'Departamento de Atenção Médica Especializada', 'DAME', '', '', '', 3, NULL),
(25, 'Departamento de Enfermagem', 'DE', '', '', '', 3, NULL),
(26, 'Departamento de Meios Auxiliares e Diagnostic', 'DMAD', '', '', '', 3, NULL),
(27, 'Departamento de Terapêutica Hospitalar', 'DTH', '', '', '', 3, NULL),
(28, 'Departamento de Humanização dos Cuidados de S', 'DHCS', '', '', '', 3, NULL),
(29, 'Departamento de Informação para Saúde', 'DIS', '', '', '', 7, NULL),
(30, 'Departamento de Planificação e Economia Sanit', 'DPES', '', '', '', 7, NULL),
(31, 'Departamento de Cooperação Internacional', 'DepCI', '', '', '', 15, NULL),
(32, 'Departamento de Monitoria e Avaliação', 'DMA', '', '', '', 7, NULL),
(33, 'Departamento de Coordenação de Projectos', 'DCP', '', '', '', 7, NULL),
(34, 'Departamento de Planificação e Recursos Human', 'DPRH', '', '', '', 8, NULL),
(35, 'Departamento de Administração do Pessoal', 'DepAP', '', '', '', 15, NULL),
(36, 'Departamento de Normas e Procedimentos', 'DNP', '', '', '', 8, NULL),
(37, 'Departamento Financeiro', 'DF', '', '', '', 9, NULL),
(38, 'Departamento de Logistica', 'DL', '', '', '', 9, NULL),
(39, 'Departamento de Administração e Gestão Docume', 'DAGD', '', '', '', 8, NULL),
(40, 'Departamento de Análise, Estatistica e Planea', 'DAEP', '', '', '', 9, NULL),
(41, 'Departamento de Protocolo', 'DP', '', '', '', 9, NULL),
(42, 'Departamento Socio-Antropológico e Etnobocâni', 'DSAAE', '', '', '', 6, NULL),
(43, 'Departamento de Fitoquímica e Controle de Qua', 'DFCQ', '', '', '', 6, NULL),
(44, 'Departamento de Ensaios Biologicos e Clínicos', 'DEBC', '', '', '', 6, NULL),
(45, 'Departamento de Formação Inicial', 'DFI', '', '', '', 5, NULL),
(46, 'Departamento De Formação Contínua', 'DFC', '', '', '', 5, NULL),
(47, 'Departamento de Formação Médica Especializada', 'DFME', '', '', '', 5, NULL),
(48, 'Departamento de Acreditação e Certificação', 'DAC', '', '', '', 5, NULL),
(49, 'Departamento de Avaliação de Medicamentos, Va', 'DAMVPBS', '', '', '', 4, NULL),
(50, 'Departamento de Licenciamento Farmaceutico', 'DLF', '', '', '', 4, NULL),
(51, 'Departamento de Farmacovigilancia e Uso Racio', 'DFURM', '', '', '', 4, NULL),
(52, 'Departamento de comprovação de Qualidade de m', 'DCQMVPB', '', '', '', 4, NULL),
(53, 'Departamento de regulamentação e Vigilância d', 'DRVM', '', '', '', 4, NULL);

-- --------------------------------------------------------

--
-- Table structure for table `despacho`
--

CREATE TABLE `despacho` (
  `idDespacho` int(11) NOT NULL,
  `correspondenciaId` int(11) NOT NULL,
  `observacao` varchar(2000) DEFAULT NULL,
  `dataDespacho` date NOT NULL,
  `aguardarInstrucoes` varchar(200) DEFAULT NULL,
  `darSeguimento` varchar(200) DEFAULT NULL,
  `prepararCarta` varchar(200) DEFAULT NULL,
  `apreciar` varchar(200) DEFAULT NULL,
  `devolver` varchar(200) DEFAULT NULL,
  `prepararResposta` varchar(200) DEFAULT NULL,
  `aprovar` varchar(200) DEFAULT NULL,
  `esclarecer` varchar(200) DEFAULT NULL,
  `providenciar` varchar(200) DEFAULT NULL,
  `arquivar` varchar(200) DEFAULT NULL,
  `enviarProcesso` varchar(200) DEFAULT NULL,
  `reter` varchar(200) DEFAULT NULL,
  `assinar` varchar(200) DEFAULT NULL,
  `estudar` varchar(200) DEFAULT NULL,
  `tirarCopias` varchar(200) DEFAULT NULL,
  `autorizar` varchar(200) DEFAULT NULL,
  `falarComigo` varchar(200) DEFAULT NULL,
  `tirarFotocopias` varchar(200) DEFAULT NULL,
  `conferir` varchar(200) DEFAULT NULL,
  `habilitar` varchar(200) DEFAULT NULL,
  `tomarConhecimento` varchar(200) DEFAULT NULL,
  `confirmar` varchar(200) DEFAULT NULL,
  `informar` varchar(200) DEFAULT NULL,
  `traduzir` varchar(200) DEFAULT NULL,
  `corrigir` varchar(200) DEFAULT NULL,
  `reuniao` varchar(200) DEFAULT NULL,
  `visar` varchar(200) DEFAULT NULL,
  `dactilografar` varchar(200) DEFAULT NULL,
  `juntarProcesso` varchar(200) DEFAULT NULL,
  `passarAoSr` varchar(200) DEFAULT NULL,
  `voltarProcesso` varchar(200) DEFAULT NULL,
  `darParecer` varchar(200) DEFAULT NULL
) ENGINE=InnoDB DEFAULT CHARSET=latin1;

--
-- Dumping data for table `despacho`
--

INSERT INTO `despacho` (`idDespacho`, `correspondenciaId`, `observacao`, `dataDespacho`, `aguardarInstrucoes`, `darSeguimento`, `prepararCarta`, `apreciar`, `devolver`, `prepararResposta`, `aprovar`, `esclarecer`, `providenciar`, `arquivar`, `enviarProcesso`, `reter`, `assinar`, `estudar`, `tirarCopias`, `autorizar`, `falarComigo`, `tirarFotocopias`, `conferir`, `habilitar`, `tomarConhecimento`, `confirmar`, `informar`, `traduzir`, `corrigir`, `reuniao`, `visar`, `dactilografar`, `juntarProcesso`, `passarAoSr`, `voltarProcesso`, `darParecer`) VALUES
(1, 1, 'fhddtggdfty', '2018-09-19', 'Aguardar Instruções', NULL, NULL, NULL, NULL, NULL, NULL, NULL, NULL, NULL, NULL, NULL, NULL, NULL, '', NULL, NULL, '', NULL, NULL, NULL, NULL, NULL, NULL, NULL, NULL, NULL, NULL, NULL, '', NULL, NULL),
(2, 2, 'concordo', '2018-11-14', NULL, NULL, NULL, NULL, NULL, NULL, 'Aprovar', NULL, NULL, NULL, NULL, NULL, NULL, NULL, '', NULL, NULL, '', NULL, NULL, NULL, NULL, NULL, NULL, NULL, NULL, NULL, NULL, NULL, '', NULL, NULL),
(3, 4, 'Pode dar seguimento', '2018-11-14', NULL, NULL, NULL, NULL, NULL, NULL, 'Aprovar', NULL, NULL, NULL, NULL, NULL, NULL, NULL, '', NULL, NULL, '', NULL, NULL, NULL, NULL, NULL, NULL, NULL, NULL, NULL, NULL, NULL, '', NULL, NULL),
(4, 5, 'Autorizo a vigem,', '2018-11-15', NULL, NULL, NULL, NULL, NULL, NULL, NULL, NULL, NULL, NULL, NULL, NULL, NULL, NULL, '', 'Autorizar', NULL, '', NULL, NULL, NULL, NULL, NULL, NULL, NULL, NULL, NULL, NULL, NULL, '', NULL, NULL),
(5, 6, 'Marcar reunião para dia 22 de Novembro', '2018-11-15', NULL, NULL, NULL, NULL, NULL, NULL, NULL, NULL, NULL, NULL, NULL, NULL, NULL, NULL, '', NULL, NULL, '', NULL, NULL, NULL, NULL, NULL, NULL, NULL, 'Marcar Reunião', NULL, NULL, NULL, '', NULL, NULL),
(6, 4, 'Informar sobre o estado tecnico', '2018-11-15', NULL, NULL, NULL, NULL, NULL, NULL, NULL, NULL, NULL, NULL, NULL, NULL, NULL, NULL, '', NULL, NULL, '', NULL, NULL, NULL, NULL, NULL, NULL, NULL, NULL, NULL, NULL, NULL, 'Momade', NULL, NULL),
(7, 4, 'informar sobre o estado tecnico', '2018-11-15', NULL, NULL, NULL, NULL, NULL, NULL, NULL, NULL, NULL, NULL, NULL, NULL, NULL, NULL, '', NULL, NULL, '', NULL, NULL, NULL, NULL, NULL, NULL, NULL, NULL, NULL, NULL, NULL, 'Momade', NULL, NULL),
(8, 8, 'Informar sobre o estado Tecnico', '2018-11-15', NULL, NULL, NULL, NULL, NULL, NULL, NULL, NULL, NULL, NULL, NULL, NULL, NULL, NULL, '1', NULL, NULL, '', NULL, NULL, NULL, NULL, NULL, NULL, NULL, NULL, NULL, NULL, NULL, 'Momade', NULL, NULL),
(9, 9, 'Estado Tecnico', '2018-11-15', NULL, NULL, NULL, NULL, NULL, NULL, NULL, NULL, NULL, NULL, NULL, NULL, NULL, NULL, '', NULL, NULL, '', NULL, NULL, NULL, NULL, NULL, NULL, NULL, NULL, NULL, NULL, NULL, 'Sr, Momad', NULL, NULL);

-- --------------------------------------------------------

--
-- Table structure for table `destinatario`
--

CREATE TABLE `destinatario` (
  `idDestinatario` int(11) NOT NULL,
  `nomeDestinatario` varchar(45) DEFAULT NULL,
  `cargoId` int(11) DEFAULT NULL
) ENGINE=InnoDB DEFAULT CHARSET=latin1;

--
-- Dumping data for table `destinatario`
--

INSERT INTO `destinatario` (`idDestinatario`, `nomeDestinatario`, `cargoId`) VALUES
(1, 'Momad Sumalgy', 1),
(2, 'Armando Mavie', 3),
(3, 'Julia Chiluvane', 3);

-- --------------------------------------------------------

--
-- Table structure for table `direcao`
--

CREATE TABLE `direcao` (
  `idDirecao` int(11) NOT NULL,
  `nomeDirecao` varchar(45) NOT NULL,
  `abrevDirecao` varchar(45) DEFAULT NULL,
  `contactoDirecao` varchar(45) DEFAULT NULL,
  `emailDirecao` varchar(45) DEFAULT NULL,
  `responsavelDirecao` varchar(45) DEFAULT NULL,
  `dataCadastro` date NOT NULL
) ENGINE=InnoDB DEFAULT CHARSET=latin1;

--
-- Dumping data for table `direcao`
--

INSERT INTO `direcao` (`idDirecao`, `nomeDirecao`, `abrevDirecao`, `contactoDirecao`, `emailDirecao`, `responsavelDirecao`, `dataCadastro`) VALUES
(1, 'Inspecção da Saúde', 'IS', '', '', '', '0000-00-00'),
(2, 'Direção Nacional de Saúde Pública', 'DNSP', '', '', '', '0000-00-00'),
(3, 'Direção Nacional de Assistência Médica', 'DNAM', '', '', '', '0000-00-00'),
(4, 'Direção Nacional de Farmácia', 'DNF', '', '', '', '0000-00-00'),
(5, 'Direção Nacional de Formação de Profissionais', 'DNFPS', '', '', '', '0000-00-00'),
(6, 'Direção Nacional de Medicina Tradicional e Al', 'DNMTA', '', '', '', '0000-00-00'),
(7, 'Direção de Planificação e Cooperação', 'DPC', '', '', '', '0000-00-00'),
(8, 'Direção de Recursos Humanos', 'DRH', '', '', '', '0000-00-00'),
(9, 'Direção de Administração e Finanças', 'DAF', '', '', '', '0000-00-00'),
(10, 'Direção de Gestão de Garantia de Qualidade', 'DGGQ', '', '', '', '0000-00-00'),
(11, 'Gabinete Jurídico', 'GJ', '', '', '', '0000-00-00'),
(12, 'Gabinete da Ministro', 'GM', '', '', '', '0000-00-00'),
(13, 'Departamentos Autonomos', 'Departamentos Autonomos', '', '', '', '0000-00-00'),
(14, 'Departamento de Infra-Estrutura e Equipamento', 'DIEH', '', '', '', '0000-00-00'),
(15, 'Departamento das juntas de saúde', 'DJS', '', '', '', '0000-00-00'),
(16, 'Departamento de tecnologias de informacao e c', 'DTIC', '', '', '', '0000-00-00');

-- --------------------------------------------------------

--
-- Table structure for table `documentos`
--

CREATE TABLE `documentos` (
  `idDocumentos` int(11) NOT NULL,
  `documento` varchar(70) DEFAULT NULL,
  `descricao` text,
  `file` varchar(100) DEFAULT NULL,
  `path` varchar(300) DEFAULT NULL,
  `url` varchar(300) DEFAULT NULL,
  `cadastro` date DEFAULT NULL,
  `categoria` varchar(80) DEFAULT NULL,
  `tipo` varchar(15) DEFAULT NULL,
  `tamanho` varchar(45) DEFAULT NULL
) ENGINE=InnoDB DEFAULT CHARSET=latin1;

-- --------------------------------------------------------

--
-- Table structure for table `emitente`
--

CREATE TABLE `emitente` (
  `id` int(11) NOT NULL,
  `nome` varchar(255) DEFAULT 'MINISTÉRIO DA SAÚDE',
  `extensao` int(11) DEFAULT NULL,
  `telefone` varchar(20) DEFAULT NULL,
  `email` varchar(255) DEFAULT NULL,
  `ie` varchar(50) DEFAULT NULL,
  `rua` varchar(70) DEFAULT NULL,
  `numero` varchar(15) DEFAULT NULL,
  `bairro` varchar(45) DEFAULT NULL,
  `cidade` varchar(45) DEFAULT NULL,
  `uf` varchar(20) DEFAULT NULL,
  `url_logo` varchar(225) DEFAULT NULL
) ENGINE=InnoDB DEFAULT CHARSET=latin1;

--
-- Dumping data for table `emitente`
--

INSERT INTO `emitente` (`id`, `nome`, `extensao`, `telefone`, `email`, `ie`, `rua`, `numero`, `bairro`, `cidade`, `uf`, `url_logo`) VALUES
(1, 'MINISTÉRIO DA SAÚDE', 193, '1111111111', 'gm@misau.gov.mz', 'Eduardo Modlane', 'Eduardo Modlane', '4', 'Armando', 'Armando', 'Armando', 'http://172.16.244.50/sigdoc/assets/uploads/e251ccec3263b110737af940317da3b2.png');

-- --------------------------------------------------------

--
-- Table structure for table `equipamentos`
--

CREATE TABLE `equipamentos` (
  `idEquipamentos` int(11) NOT NULL,
  `equipamento` varchar(150) NOT NULL,
  `num_serie` varchar(80) DEFAULT NULL,
  `modelo` varchar(80) DEFAULT NULL,
  `cor` varchar(45) DEFAULT NULL,
  `descricao` varchar(150) DEFAULT NULL,
  `tensao` varchar(45) DEFAULT NULL,
  `potencia` varchar(45) DEFAULT NULL,
  `voltagem` varchar(45) DEFAULT NULL,
  `data_fabricacao` date DEFAULT NULL,
  `marcas_id` int(11) DEFAULT NULL,
  `clientes_id` int(11) DEFAULT NULL
) ENGINE=InnoDB DEFAULT CHARSET=latin1;

-- --------------------------------------------------------

--
-- Table structure for table `equipamentos_os`
--

CREATE TABLE `equipamentos_os` (
  `idEquipamentos_os` int(11) NOT NULL,
  `defeito_declarado` varchar(200) DEFAULT NULL,
  `defeito_encontrado` varchar(200) DEFAULT NULL,
  `solucao` varchar(45) DEFAULT NULL,
  `equipamentos_id` int(11) DEFAULT NULL,
  `os_id` int(11) DEFAULT NULL
) ENGINE=InnoDB DEFAULT CHARSET=latin1;

-- --------------------------------------------------------

--
-- Table structure for table `itens_de_vendas`
--

CREATE TABLE `itens_de_vendas` (
  `idItens` int(11) NOT NULL,
  `subTotal` varchar(45) DEFAULT NULL,
  `quantidade` int(11) DEFAULT NULL,
  `vendas_id` int(11) NOT NULL,
  `produtos_id` int(11) NOT NULL
) ENGINE=InnoDB DEFAULT CHARSET=latin1;

-- --------------------------------------------------------

--
-- Table structure for table `lancamentos`
--

CREATE TABLE `lancamentos` (
  `idLancamentos` int(11) NOT NULL,
  `descricao` varchar(255) DEFAULT NULL,
  `valor` varchar(15) NOT NULL,
  `data_vencimento` date NOT NULL,
  `data_pagamento` date DEFAULT NULL,
  `baixado` tinyint(1) DEFAULT NULL,
  `cliente_fornecedor` varchar(255) DEFAULT NULL,
  `forma_pgto` varchar(100) DEFAULT NULL,
  `tipo` varchar(45) DEFAULT NULL,
  `anexo` varchar(250) DEFAULT NULL,
  `clientes_id` int(11) DEFAULT NULL,
  `categorias_id` int(11) DEFAULT NULL,
  `contas_id` int(11) DEFAULT NULL
) ENGINE=InnoDB DEFAULT CHARSET=latin1;

--
-- Dumping data for table `lancamentos`
--

INSERT INTO `lancamentos` (`idLancamentos`, `descricao`, `valor`, `data_vencimento`, `data_pagamento`, `baixado`, `cliente_fornecedor`, `forma_pgto`, `tipo`, `anexo`, `clientes_id`, `categorias_id`, `contas_id`) VALUES
(1, 'Fatura de Venda - #1', '0.00', '2017-09-08', '0000-00-00', 1, 'Neide Chissico', 'Dinheiro', 'receita', NULL, 2, NULL, NULL),
(2, 'Fatura de Venda - #1', '0', '2017-09-02', '2017-09-13', 1, 'Cliente', 'Dinheiro', 'receita', NULL, 3, NULL, NULL),
(3, 'teste', '0.00', '2017-10-16', '2017-10-16', 1, 'neide', 'Dinheiro', 'receita', NULL, NULL, NULL, NULL),
(4, 'teste2', '0.00', '2017-10-09', '2017-10-11', 1, 'teste2', 'Cartão de Crédito', 'receita', NULL, NULL, NULL, NULL),
(5, 'teste23', '0.00', '2017-10-16', '2017-10-02', 1, 'teste23', 'Dinheiro', 'receita', NULL, NULL, NULL, NULL),
(6, 'teste23', '0.00', '2017-10-15', '2017-10-10', 1, 'teste23', 'Dinheiro', 'despesa', NULL, NULL, NULL, NULL),
(7, 'teste23', '0.00', '2017-10-09', '2017-10-17', 1, 'teste23', 'Dinheiro', 'despesa', NULL, NULL, NULL, NULL);

-- --------------------------------------------------------

--
-- Table structure for table `logs`
--

CREATE TABLE `logs` (
  `idLogs` int(11) NOT NULL,
  `usuario` varchar(80) DEFAULT NULL,
  `tarefa` varchar(100) DEFAULT NULL,
  `data` date DEFAULT NULL,
  `hora` time DEFAULT NULL,
  `ip` varchar(45) DEFAULT NULL
) ENGINE=InnoDB DEFAULT CHARSET=latin1;

-- --------------------------------------------------------

--
-- Table structure for table `marcas`
--

CREATE TABLE `marcas` (
  `idMarcas` int(11) NOT NULL,
  `marca` varchar(100) DEFAULT NULL,
  `cadastro` date DEFAULT NULL,
  `situacao` tinyint(1) DEFAULT NULL
) ENGINE=InnoDB DEFAULT CHARSET=latin1;

-- --------------------------------------------------------

--
-- Table structure for table `os`
--

CREATE TABLE `os` (
  `idOs` int(11) NOT NULL,
  `dataInicial` date DEFAULT NULL,
  `dataFinal` date DEFAULT NULL,
  `garantia` varchar(45) DEFAULT NULL,
  `descricaoProduto` text,
  `defeito` text,
  `status` varchar(45) DEFAULT NULL,
  `observacoes` text,
  `laudoTecnico` text,
  `valorTotal` varchar(15) DEFAULT NULL,
  `clientes_id` int(11) NOT NULL,
  `usuarios_id` int(11) NOT NULL,
  `lancamento` int(11) DEFAULT NULL,
  `faturado` tinyint(1) NOT NULL
) ENGINE=InnoDB DEFAULT CHARSET=latin1;

--
-- Dumping data for table `os`
--

INSERT INTO `os` (`idOs`, `dataInicial`, `dataFinal`, `garantia`, `descricaoProduto`, `defeito`, `status`, `observacoes`, `laudoTecnico`, `valorTotal`, `clientes_id`, `usuarios_id`, `lancamento`, `faturado`) VALUES
(1, '2017-09-23', '2017-09-14', 'aasd', '', '', 'Aberto', '', '', '0', 3, 3, NULL, 1),
(2, '2017-10-10', '2017-10-11', '1', 'sadasdsa', 'sadsadsa', 'Aberto', 'asdsad', 'asdsadsa', '400', 2, 2, 2, 1),
(3, '2017-10-10', '2017-10-11', '1', 'sadasdsa', 'sadsadsa', 'Aberto', 'asdsad', 'asdsadsa', '400', 2, 2, 2, 1),
(4, '2017-10-10', '2017-10-11', '1', 'sadasdsa', 'sadsadsa', 'Fechado', 'asdsad', 'asdsadsa', '400', 2, 2, 2, 1);

-- --------------------------------------------------------

--
-- Table structure for table `parecer`
--

CREATE TABLE `parecer` (
  `idParecer` int(11) NOT NULL,
  `correspondenciaId` int(11) NOT NULL,
  `usuarioId` int(11) NOT NULL,
  `parecer` text NOT NULL,
  `dataParecer` date NOT NULL
) ENGINE=InnoDB DEFAULT CHARSET=latin1;

--
-- Dumping data for table `parecer`
--

INSERT INTO `parecer` (`idParecer`, `correspondenciaId`, `usuarioId`, `parecer`, `dataParecer`) VALUES
(1, 3, 1, 'enviar pra DAF', '2018-11-14'),
(2, 6, 1, 'Da seguimento essa assunto', '2018-11-15');

-- --------------------------------------------------------

--
-- Table structure for table `permissoes`
--

CREATE TABLE `permissoes` (
  `idPermissao` int(11) NOT NULL,
  `nome` varchar(80) NOT NULL,
  `permissoes` text,
  `situacao` tinyint(1) DEFAULT NULL,
  `data` date DEFAULT NULL
) ENGINE=InnoDB DEFAULT CHARSET=latin1;

--
-- Dumping data for table `permissoes`
--

INSERT INTO `permissoes` (`idPermissao`, `nome`, `permissoes`, `situacao`, `data`) VALUES
(1, 'Super User', 'a:39:{s:16:\"aCorrespondencia\";s:1:\"1\";s:16:\"eCorrespondencia\";s:1:\"1\";s:16:\"dCorrespondencia\";s:1:\"1\";s:16:\"vCorrespondencia\";s:1:\"1\";s:10:\"iProtocolo\";s:1:\"1\";s:16:\"tCorrespondencia\";s:1:\"1\";s:16:\"pCorrespondencia\";s:1:\"1\";s:19:\"despCorrespondencia\";s:1:\"1\";s:12:\"confRecepcao\";s:1:\"1\";s:18:\"detCorrespondencia\";s:1:\"1\";s:16:\"iCorrespondencia\";s:1:\"1\";s:10:\"Relatorios\";s:1:\"1\";s:9:\"estEstado\";s:1:\"1\";s:11:\"estDespacho\";s:1:\"1\";s:11:\"estRecebido\";N;s:11:\"estPendente\";s:1:\"1\";s:8:\"vTipoDoc\";s:1:\"1\";s:8:\"eTipoDoc\";s:1:\"1\";s:8:\"dTipoDoc\";s:1:\"1\";s:8:\"aDirecao\";s:1:\"1\";s:8:\"eDirecao\";s:1:\"1\";s:8:\"dDirecao\";s:1:\"1\";s:8:\"vDirecao\";s:1:\"1\";s:13:\"aDepartamento\";s:1:\"1\";s:13:\"eDepartamento\";s:1:\"1\";s:13:\"dDepartamento\";s:1:\"1\";s:13:\"vDepartamento\";s:1:\"1\";s:11:\"aReparticao\";s:1:\"1\";s:11:\"eReparticao\";s:1:\"1\";s:11:\"dReparticao\";s:1:\"1\";s:11:\"vReparticao\";s:1:\"1\";s:8:\"cUsuario\";s:1:\"1\";s:9:\"cEmitente\";s:1:\"1\";s:10:\"cPermissao\";s:1:\"1\";s:7:\"cBackup\";s:1:\"1\";s:14:\"aClassificacao\";s:1:\"1\";s:14:\"eClassificacao\";s:1:\"1\";s:14:\"dClassificacao\";s:1:\"1\";s:14:\"vClassificacao\";s:1:\"1\";}', 1, '2014-09-03'),
(2, 'Administrador', 'a:39:{s:16:\"aCorrespondencia\";s:1:\"1\";s:16:\"eCorrespondencia\";s:1:\"1\";s:16:\"dCorrespondencia\";s:1:\"1\";s:16:\"vCorrespondencia\";s:1:\"1\";s:10:\"iProtocolo\";s:1:\"1\";s:16:\"tCorrespondencia\";s:1:\"1\";s:16:\"pCorrespondencia\";s:1:\"1\";s:19:\"despCorrespondencia\";s:1:\"1\";s:12:\"confRecepcao\";s:1:\"1\";s:18:\"detCorrespondencia\";s:1:\"1\";s:16:\"iCorrespondencia\";s:1:\"1\";s:10:\"Relatorios\";s:1:\"1\";s:9:\"estEstado\";s:1:\"1\";s:11:\"estDespacho\";s:1:\"1\";s:11:\"estRecebido\";N;s:11:\"estPendente\";s:1:\"1\";s:8:\"vTipoDoc\";s:1:\"1\";s:8:\"eTipoDoc\";s:1:\"1\";s:8:\"dTipoDoc\";s:1:\"1\";s:8:\"aDirecao\";s:1:\"1\";s:8:\"eDirecao\";s:1:\"1\";s:8:\"dDirecao\";s:1:\"1\";s:8:\"vDirecao\";s:1:\"1\";s:13:\"aDepartamento\";s:1:\"1\";s:13:\"eDepartamento\";s:1:\"1\";s:13:\"dDepartamento\";s:1:\"1\";s:13:\"vDepartamento\";s:1:\"1\";s:11:\"aReparticao\";s:1:\"1\";s:11:\"eReparticao\";s:1:\"1\";s:11:\"dReparticao\";s:1:\"1\";s:11:\"vReparticao\";s:1:\"1\";s:8:\"cUsuario\";s:1:\"1\";s:9:\"cEmitente\";s:1:\"1\";s:10:\"cPermissao\";s:1:\"1\";s:7:\"cBackup\";s:1:\"1\";s:14:\"aClassificacao\";s:1:\"1\";s:14:\"eClassificacao\";s:1:\"1\";s:14:\"dClassificacao\";s:1:\"1\";s:14:\"vClassificacao\";s:1:\"1\";}', 1, '2017-10-11'),
(3, 'Director(a)', 'a:39:{s:16:\"aCorrespondencia\";N;s:16:\"eCorrespondencia\";N;s:16:\"dCorrespondencia\";N;s:16:\"vCorrespondencia\";s:1:\"1\";s:10:\"iProtocolo\";N;s:16:\"tCorrespondencia\";N;s:16:\"pCorrespondencia\";s:1:\"1\";s:19:\"despCorrespondencia\";s:1:\"1\";s:12:\"confRecepcao\";s:1:\"1\";s:18:\"detCorrespondencia\";N;s:16:\"iCorrespondencia\";s:1:\"1\";s:10:\"Relatorios\";N;s:9:\"estEstado\";s:1:\"1\";s:11:\"estDespacho\";s:1:\"1\";s:11:\"estRecebido\";N;s:11:\"estPendente\";s:1:\"1\";s:8:\"vTipoDoc\";N;s:8:\"eTipoDoc\";N;s:8:\"dTipoDoc\";N;s:8:\"aDirecao\";N;s:8:\"eDirecao\";N;s:8:\"dDirecao\";N;s:8:\"vDirecao\";N;s:13:\"aDepartamento\";N;s:13:\"eDepartamento\";N;s:13:\"dDepartamento\";N;s:13:\"vDepartamento\";N;s:11:\"aReparticao\";N;s:11:\"eReparticao\";N;s:11:\"dReparticao\";N;s:11:\"vReparticao\";N;s:8:\"cUsuario\";N;s:9:\"cEmitente\";N;s:10:\"cPermissao\";N;s:7:\"cBackup\";N;s:14:\"aClassificacao\";N;s:14:\"eClassificacao\";N;s:14:\"dClassificacao\";N;s:14:\"vClassificacao\";N;}', 1, '2017-10-11'),
(4, 'Chefe da Secretaria', 'a:39:{s:16:\"aCorrespondencia\";s:1:\"1\";s:16:\"eCorrespondencia\";N;s:16:\"dCorrespondencia\";N;s:16:\"vCorrespondencia\";s:1:\"1\";s:10:\"iProtocolo\";s:1:\"1\";s:16:\"tCorrespondencia\";s:1:\"1\";s:16:\"pCorrespondencia\";s:1:\"1\";s:19:\"despCorrespondencia\";N;s:12:\"confRecepcao\";s:1:\"1\";s:18:\"detCorrespondencia\";s:1:\"1\";s:16:\"iCorrespondencia\";s:1:\"1\";s:10:\"Relatorios\";s:1:\"1\";s:9:\"estEstado\";s:1:\"1\";s:11:\"estDespacho\";s:1:\"1\";s:11:\"estRecebido\";N;s:11:\"estPendente\";s:1:\"1\";s:8:\"vTipoDoc\";N;s:8:\"eTipoDoc\";N;s:8:\"dTipoDoc\";N;s:8:\"aDirecao\";N;s:8:\"eDirecao\";N;s:8:\"dDirecao\";N;s:8:\"vDirecao\";N;s:13:\"aDepartamento\";N;s:13:\"eDepartamento\";N;s:13:\"dDepartamento\";N;s:13:\"vDepartamento\";N;s:11:\"aReparticao\";N;s:11:\"eReparticao\";N;s:11:\"dReparticao\";N;s:11:\"vReparticao\";N;s:8:\"cUsuario\";N;s:9:\"cEmitente\";N;s:10:\"cPermissao\";N;s:7:\"cBackup\";N;s:14:\"aClassificacao\";N;s:14:\"eClassificacao\";N;s:14:\"dClassificacao\";N;s:14:\"vClassificacao\";N;}', 1, '2017-11-28'),
(5, 'Técnico Administrativo', 'a:39:{s:16:\"aCorrespondencia\";s:1:\"1\";s:16:\"eCorrespondencia\";s:1:\"1\";s:16:\"dCorrespondencia\";N;s:16:\"vCorrespondencia\";s:1:\"1\";s:10:\"iProtocolo\";s:1:\"1\";s:16:\"tCorrespondencia\";N;s:16:\"pCorrespondencia\";N;s:19:\"despCorrespondencia\";N;s:12:\"confRecepcao\";s:1:\"1\";s:18:\"detCorrespondencia\";s:1:\"1\";s:16:\"iCorrespondencia\";s:1:\"1\";s:10:\"Relatorios\";N;s:9:\"estEstado\";s:1:\"1\";s:11:\"estDespacho\";s:1:\"1\";s:11:\"estRecebido\";N;s:11:\"estPendente\";s:1:\"1\";s:8:\"vTipoDoc\";N;s:8:\"eTipoDoc\";N;s:8:\"dTipoDoc\";N;s:8:\"aDirecao\";N;s:8:\"eDirecao\";N;s:8:\"dDirecao\";N;s:8:\"vDirecao\";N;s:13:\"aDepartamento\";N;s:13:\"eDepartamento\";N;s:13:\"dDepartamento\";N;s:13:\"vDepartamento\";N;s:11:\"aReparticao\";N;s:11:\"eReparticao\";N;s:11:\"dReparticao\";N;s:11:\"vReparticao\";N;s:8:\"cUsuario\";N;s:9:\"cEmitente\";N;s:10:\"cPermissao\";N;s:7:\"cBackup\";N;s:14:\"aClassificacao\";N;s:14:\"eClassificacao\";N;s:14:\"dClassificacao\";N;s:14:\"vClassificacao\";N;}', 1, '2017-12-04');

-- --------------------------------------------------------

--
-- Table structure for table `produtos`
--

CREATE TABLE `produtos` (
  `idProdutos` int(11) NOT NULL,
  `descricao` varchar(80) NOT NULL,
  `unidade` varchar(10) DEFAULT NULL,
  `precoCompra` decimal(10,2) DEFAULT NULL,
  `precoVenda` decimal(10,2) NOT NULL,
  `estoque` int(11) NOT NULL,
  `estoqueMinimo` int(11) DEFAULT NULL
) ENGINE=InnoDB DEFAULT CHARSET=latin1;

--
-- Dumping data for table `produtos`
--

INSERT INTO `produtos` (`idProdutos`, `descricao`, `unidade`, `precoCompra`, `precoVenda`, `estoque`, `estoqueMinimo`) VALUES
(1, 'producto', '3', '1.11', '2.22', 12, 2);

-- --------------------------------------------------------

--
-- Table structure for table `produtos_os`
--

CREATE TABLE `produtos_os` (
  `idProdutos_os` int(11) NOT NULL,
  `quantidade` int(11) NOT NULL,
  `os_id` int(11) NOT NULL,
  `produtos_id` int(11) NOT NULL,
  `subTotal` varchar(15) DEFAULT NULL
) ENGINE=InnoDB DEFAULT CHARSET=latin1;

-- --------------------------------------------------------

--
-- Table structure for table `provinienciaexterna`
--

CREATE TABLE `provinienciaexterna` (
  `idProvinienciaExterna` int(200) NOT NULL,
  `provinienciaExterna` varchar(200) NOT NULL,
  `abrevProvinienciaExterna` varchar(200) NOT NULL,
  `emailProvinienciaExterna` varchar(200) NOT NULL,
  `contactoProvinienciaExterna` varchar(200) NOT NULL,
  `enderecoProvinienciaExterna` varchar(200) NOT NULL
) ENGINE=InnoDB DEFAULT CHARSET=latin1;

--
-- Dumping data for table `provinienciaexterna`
--

INSERT INTO `provinienciaexterna` (`idProvinienciaExterna`, `provinienciaExterna`, `abrevProvinienciaExterna`, `emailProvinienciaExterna`, `contactoProvinienciaExterna`, `enderecoProvinienciaExterna`) VALUES
(1, 'Ministério da Educação e Desenvolvimento Humano', 'MINED', '', '', ''),
(2, 'Ministério da Ciência e Tecnologia Ensino Superior e Técnico Profissional', 'MCTESTP', '', '', ''),
(3, 'Ministério da Cultura e Turismo', 'MICULTUR', '', '', ''),
(4, 'Ministério do Trabalho, Emprego e Segurança Social', 'MITESS', '', '', ''),
(5, 'Ministério dos Negócios Estrangeiros e Cooperação', 'MINEC', '', '', ''),
(6, 'Ministério do Interior', 'MINT', '', '', ''),
(7, 'Ministério da Economia e Finanças', 'MEF', '', '', ''),
(8, 'Ministério dos Transportes e Comunicação', 'MTC', '', '', ''),
(9, 'Ministério da Agricultura e Segurança Alimentar', 'MASA', '', '', ''),
(10, 'Ministério do Género, Criança e Acção Social', 'MIGCAS', '', '', ''),
(11, 'Ministério do Mar, Águas Interiores e Pescas', 'MOZPESCA', '', '', ''),
(12, 'Ministério dos Recursos Minerais e Energia', 'MIREME', '', '', ''),
(13, 'Ministério da Indústria e Comércio', 'MIC', '', '', ''),
(14, 'Ministério da Saude', 'MISAU', 'misau@misau.gov.mz', '8481216', 'Av. Eduardo Modlane'),
(15, 'teste', 'teste', '', '', ''),
(16, 'Ministério do HipHop', 'MIH', 'mih@gov.mz', '88888888', 'Bairro Central'),
(17, 'Teste2', 'Teste2', 'Teste2@gmai.com', '8489', 'Av. Eduardo Modlane 1'),
(18, 'Movitel', 'MV', 'MV@mz.com', '825454545', 'A.v Josina Machel'),
(19, 'ETRA-PSC', 'ETRA-PSC', 'etrapsc@hotmail.com', '21333889', 'Av. Amed-Sekou Toure,Bairo Central');

-- --------------------------------------------------------

--
-- Table structure for table `reparticao`
--

CREATE TABLE `reparticao` (
  `idReparticao` int(11) NOT NULL,
  `nomeReparticao` varchar(200) NOT NULL,
  `abrevReparticao` varchar(200) NOT NULL,
  `contactoReparticao` varchar(200) NOT NULL,
  `emailReparticao` varchar(200) NOT NULL,
  `responsavelReparticao` varchar(200) NOT NULL,
  `departamentoId` int(11) NOT NULL
) ENGINE=InnoDB DEFAULT CHARSET=latin1;

--
-- Dumping data for table `reparticao`
--

INSERT INTO `reparticao` (`idReparticao`, `nomeReparticao`, `abrevReparticao`, `contactoReparticao`, `emailReparticao`, `responsavelReparticao`, `departamentoId`) VALUES
(1, 'Setor de Atendimento ao Servidor', 'SAT', '', '', '', 8),
(2, 'Repartição de Inspenção  de Cuidados Curativos e Preventivos', 'RICCP', '', '', '', 9),
(3, 'Repartição de Inspenção  de Saúde Primários', 'RICSP', '', '', '', 9),
(4, 'Repartição de Inspenção  e Fiscalização de Aprovisionamento, Importação e Exportação de Produtos Farmaceuticos', 'RIFAIEPF', '', '', '', 10),
(5, 'Repartição de Inspenção e Fiscalização de Industria Farmaceutica', 'RIFIF', '', '', '', 10),
(6, 'Repartição de Inspenção de Formação de Profissionais de Saúde e Formação Contínua', 'RIFPSFC', '', '', '', 11),
(7, 'Repartiçaõ de Inspenção de Administração Académica', 'RIAA', '', '', '', 11),
(8, 'Repartição de Inspenção Administrativa', 'RIA', '', '', '', 12),
(9, 'Repartiçaõ de Saúde Sexual, Reprodutiva e Cuidados Continuados', 'RSSRCC', '', '', '', 13),
(10, 'Repartição de Saúde da Mulher', 'RSM', '', '', '', 13),
(11, 'Repartição de Saúde da Criança', 'RSC', '', '', '', 13),
(12, 'Repartição de Alimentação Infantil', 'RAI', '', '', '', 14),
(13, 'Repartição de Deficiêncica em Micronutrientes e Reabilitaçâo Nutricional', 'RDMRN', '', '', '', 14),
(14, 'Repartição de Vigiância Nutricional', 'RVN', '', '', '', 14),
(15, 'Repartição de Nutrição Clínica e Dietíca', 'RNCD', '', '', '', 14),
(16, 'Repartição de Educação e Comuicação para Saúde', 'RECS', '', '', '', 15),
(17, 'Repatição de Promoção de Práticas Desportivas', 'RPPD', '', '', '', 15),
(18, 'Repartição de Saúde Escolar e do Adolescente', 'RSEA', '', '', '', 15),
(19, 'Repartição de Advocacia e Mobilização Comunitária', 'RAMC', '', '', '', 15),
(20, 'Repartição de Prevenção de Abuso de Substâncias', 'RPAS', '', '', '', 16),
(21, 'Repartição de Cuidados de Saúde mental e Atenção Especial', 'RCSMAE', '', '', '', 16),
(22, 'Repartição de Vigilância de Doenças Não Transmissíveis', 'RVDN', '', '', '', 17),
(23, 'Repartição das Doenças Previniveis por Vacina', 'RDPV', '', '', '', 17),
(24, 'Repartição de Prevenção e Controlo das Zoonoses', 'RPCZ', '', '', '', 18),
(25, 'Repartição de Doenças Transmitidas por Vectores', 'RDTV', '', '', '', 18),
(26, 'Repartição de Prevenção de Controle de outras Doenças', 'RPCDC', '', '', '', 18),
(27, 'Repartição de  Controlo de Doenças Cardiovasculares, Diabetes e Cancros', 'RCDCDC', '', '', '', 18),
(28, 'Repartição de Alimentos Seguros', 'RASEG', '', '', '', 19),
(29, 'Repartição de Controlo Sanitário nos Pontos de Entrada', 'Repcspe', '', '', '', 19),
(30, 'Repartição de Higiene e proteccao Ambiental', 'RepHPA', '', '', '', 19),
(31, 'Reartição de Saúde Ocupacional', 'RepSO', '', '', '', 19),
(32, 'Repartição de Qualidade', 'RepQ', '', '', '', 20),
(33, 'Repartição de Microbiologia de Águas e Alimentos', 'RepMAA', '', '', '', 20),
(34, 'Repartição da Qualidade', 'RepQua', '', '', '', 6),
(35, 'Repartição de Quimica de Aguas, Alimentos e Contaminantes Ambientes', 'RepQAQCQ', '', '', '', 21),
(36, 'Repartição de Normas e Procedimentos de Gestão Hospitalar', 'RepMPGH', '', '', '', 23),
(37, 'Repartição de Estatísticas e Arquivos Clínicos', 'RepEAC', '', '', '', 23),
(38, 'Repartição de Hotelaria Hospitalar', 'RepHH', '', '', '', 23),
(39, 'Repartição de Privada', 'RepPri', '', '', '', 23),
(40, 'Repartição de Anestesia, Reanimação e Urgencias Hospitalares', 'RepARUH', '', '', '', 24),
(41, 'Repartição de Normalização e Supervisão practica de Enfermagem', 'RepNSPE', '', '', '', 25),
(42, 'Repartição dos blocos Operatórios', 'RepBO', '', '', '', 25),
(43, 'Repartição de Prevenção e Controlo de Infecções e Segurança do Utente', 'RepPCISU', '', '', '', 25),
(44, 'Repartição de Imagiologia e Radiotrapia', 'RepIR', '', '', '', 26),
(45, 'Repartição de Laboratório Clinico', 'RepLC', '', '', '', 26),
(46, 'Repartição de Medicina Legal', 'RepML', '', '', '', 26),
(47, 'Repartição de Humanização dos Provedores de Saúde', 'RepHPS', '', '', '', 28),
(48, 'Repartição de Apoio do utente e dos Comités de co-gestão', 'RepAUCcg', '', '', '', 28);

-- --------------------------------------------------------

--
-- Table structure for table `sector`
--

CREATE TABLE `sector` (
  `idSector` int(11) NOT NULL,
  `nomeSector` varchar(200) NOT NULL,
  `abrevSector` varchar(200) NOT NULL,
  `contactoSector` varchar(200) NOT NULL,
  `emailSector` varchar(200) NOT NULL,
  `responsavelSector` varchar(200) NOT NULL,
  `reparticacaoId` int(11) NOT NULL
) ENGINE=InnoDB DEFAULT CHARSET=latin1;

-- --------------------------------------------------------

--
-- Table structure for table `servicos`
--

CREATE TABLE `servicos` (
  `idServicos` int(11) NOT NULL,
  `nome` varchar(45) NOT NULL,
  `descricao` varchar(45) DEFAULT NULL,
  `preco` decimal(10,2) NOT NULL
) ENGINE=InnoDB DEFAULT CHARSET=latin1;

--
-- Dumping data for table `servicos`
--

INSERT INTO `servicos` (`idServicos`, `nome`, `descricao`, `preco`) VALUES
(1, 'servicos', '', '12.22'),
(2, 'servicos', '', '12.22');

-- --------------------------------------------------------

--
-- Table structure for table `servicos_os`
--

CREATE TABLE `servicos_os` (
  `idServicos_os` int(11) NOT NULL,
  `os_id` int(11) NOT NULL,
  `servicos_id` int(11) NOT NULL,
  `subTotal` varchar(15) DEFAULT NULL
) ENGINE=InnoDB DEFAULT CHARSET=latin1;

-- --------------------------------------------------------

--
-- Table structure for table `tipodoc`
--

CREATE TABLE `tipodoc` (
  `idTipoDoc` int(11) NOT NULL,
  `nomeDoc` varchar(200) NOT NULL,
  `descricao` varchar(200) NOT NULL
) ENGINE=InnoDB DEFAULT CHARSET=latin1;

--
-- Dumping data for table `tipodoc`
--

INSERT INTO `tipodoc` (`idTipoDoc`, `nomeDoc`, `descricao`) VALUES
(1, 'CARTA', ''),
(2, 'CONVINTE', ''),
(3, 'ATA', 'Documento de valor jurídico, que consiste em registro narrativo fidedigno e decisões do que passou em uma assembleia, sessão ou reunião. Pode ser lavrada em livro próprio, autenticado, com páginas num'),
(4, 'ATESTADO', 'Documento firmado por servidor em razão do cargo que ocupa, ou função que exerce, declarando um fato existente, mas que não consta em livros, papéis ou documentos em poder da Administração.'),
(5, 'CERTIDÃO', 'Documento fornecido pela administração ao interessado, afirmando a existência de ato ou assentamentos constantes de processo, livro ou documentos que se encontrem nas repartições públicas. Pode ser de'),
(6, 'COMUNICADO', 'O comunicado é um tipo de aviso ou recado oficial, que é utilizado com o objetivo de passar uma determinada informação. Uma empresa, um colégio, órgãos da administração pública, entre outros costumam '),
(7, 'CIRCULAR', 'Correspondência de caráter interno da Instituição, expedida simultaneamente a diversos destinatários, com o objetivo de transmitir rotinas, orientações, procedimentos, esclarecer o conteúdo de leis, n'),
(8, 'NOTA', ''),
(9, 'CONVOCATORIA', 'Convocação é uma forma de comunicação escrita em que se convida ou chama alguém para uma reunião. Na elaboração do texto, é necessário especificar local, data, finalidade. A garantia da inteligibilida'),
(10, 'CONTRATO', 'Instrumento jurídico em que se firmam direitos e obrigações entre duas ou mais pessoas, sobre objeto lícito e possível, com o fim de adquirir, modificar, extinguir ou resguardar direitos. Contrato adm'),
(11, 'CONVÊNIO', 'Acordo bilateral e multilateral celebrado entre entidades públicas e outra ou outras entidades públicas ou privadas para realização de objetivos de interesse comum dos partícipes. Convênio é acordo, m'),
(12, 'BOLETIM DA REPUBLICA', 'Pronunciamento final de autoridade administrativa competente. É competência dos Conselhos Superiores e Centros Universitários.'),
(13, 'DECLARAÇÃO', 'Documento firmado por servidor em razão do cargo que ocupa, ou função que exerce, declarando um fato existente, que consta em livros, papéis ou documentos em poder da Administração.'),
(14, 'PROPOSTA', ''),
(15, 'EDITAL', 'Instrumento de comunicação utilizado pela Administração Pública para fins de abertura de concorrência e de concurso público, provimento de cargo público, convocação de servidor, licitações e divulgaçã'),
(16, 'MEMORANDO', 'Comunicação interna utilizada pelas chefias ou servidores autorizados, na qual se expõe qualquer assunto referente à atividade administrativa. Pelas suas características de certa informalidade, o memo'),
(17, 'RELATÓRIO', 'Documento onde o servidor expõe a atividade de um órgão/setor ou presta conta de seus atos a uma autoridade, de nível hierárquico superior. Geralmente produzido para expor situações de serviço, result'),
(18, 'OFÍCIO', ' Comunicação que as autoridades fazem entre si, entre subalternos e superiores, e entre a Administração e particulares, em caráter oficial. É o tipo mais comum de correspondência oficial. Embora norma'),
(19, 'ORDEM DE SERVIÇO', 'Ato interno, através do qual determinam instruções a respeito de procedimentos estabelecidos em Norma de Serviço e Resolução, em obediência à determinação prescrita nestas, ou para esclarecer os seus '),
(20, 'PARECER', 'Estudo minucioso, redigido com clareza, documentado cientificamente, visando esclarecer a dúvida constitutiva do objeto de consulta.'),
(21, 'REGULAMENTO', 'Ato normativo que constitui a lei do corpo administrativo a que se destina, sendo regra geral, produto de elaboração e revisão de Comissão instituída pelo Reitor. Constituída por servidores do próprio'),
(22, 'PROTOCOLO', 'Acordo bilateral celebrado entre a Universidade e outra entidade pública ou privada que querem fazer alguma parceria ou promover convênios, visando ações nas áreas de ensino, pesquisa e extensão. Assi');

-- --------------------------------------------------------

--
-- Table structure for table `tramite`
--

CREATE TABLE `tramite` (
  `idTramite` int(11) NOT NULL,
  `idCorrespondencia` varchar(200) NOT NULL,
  `destinatario` varchar(200) NOT NULL,
  `assunto` varchar(200) NOT NULL,
  `observacao` text NOT NULL,
  `direcao` varchar(11) NOT NULL,
  `departamento` varchar(11) NOT NULL,
  `reparticao` varchar(11) NOT NULL,
  `dataTramite` datetime NOT NULL,
  `file` varchar(200) NOT NULL,
  `path` varchar(200) NOT NULL,
  `url` varchar(200) NOT NULL,
  `estado` varchar(200) NOT NULL,
  `usuarioID` varchar(200) NOT NULL,
  `destino` varchar(200) NOT NULL
) ENGINE=InnoDB DEFAULT CHARSET=latin1;

--
-- Dumping data for table `tramite`
--

INSERT INTO `tramite` (`idTramite`, `idCorrespondencia`, `destinatario`, `assunto`, `observacao`, `direcao`, `departamento`, `reparticao`, `dataTramite`, `file`, `path`, `url`, `estado`, `usuarioID`, `destino`) VALUES
(1, '', '', '', 'sdsdsdfds', 'Gabinete da', 'Tecnologia ', 'Desenvolvim', '0000-00-00 00:00:00', '', '', '', '', '', ''),
(2, '', '', '', 'asddasdassdas', 'Gabinete da', 'Tecnologia ', 'Desenvolvim', '0000-00-00 00:00:00', '', '', '', '', '', ''),
(3, '', '', '', 'teste', 'Gabinete da', 'Tecnologia ', 'Desenvolvim', '0000-00-00 00:00:00', '', '', '', '', '', ''),
(4, '', '', '', 'teste2', 'teste', 'Tecnologia ', 'Desenvolvim', '0000-00-00 00:00:00', '', '', '', '', '', ''),
(5, '', '', '', 'teste2', 'teste', 'Tecnologia ', 'Desenvolvim', '0000-00-00 00:00:00', '', '', '', '', '', ''),
(6, '', '', '', 'teste2', 'teste', 'Tecnologia ', 'Desenvolvim', '0000-00-00 00:00:00', '', '', '', '', '', ''),
(7, '', '', '', 'teste2', 'teste', 'Tecnologia ', 'Desenvolvim', '0000-00-00 00:00:00', '', '', '', '', '', ''),
(8, '', '', '', 'assasa', 'Gabinete da', 'Tecnologia ', 'Desenvolvim', '0000-00-00 00:00:00', '', '', '', '', '', ''),
(9, '', '', '', 'sdsadsa', 'Gabinete da', 'Tecnologia ', 'Desenvolvim', '0000-00-00 00:00:00', '', '', '', '', '', ''),
(10, '', '', '', 'dsdfas', 'Gabinete da', 'Tecnologia ', 'Desenvolvim', '0000-00-00 00:00:00', '', '', '', '', '', ''),
(11, '', '', '', 'teste', 'teste', 'Tecnologia ', 'Desenvolvim', '0000-00-00 00:00:00', '', '', '', '', '', '');

-- --------------------------------------------------------

--
-- Table structure for table `usuarios`
--

CREATE TABLE `usuarios` (
  `idUsuarios` int(11) NOT NULL,
  `nome` varchar(80) NOT NULL,
  `apelido` varchar(20) DEFAULT NULL,
  `naturalidade` varchar(20) NOT NULL,
  `bairro` varchar(45) DEFAULT NULL,
  `cidade` varchar(45) DEFAULT NULL,
  `email` varchar(80) NOT NULL,
  `senha` varchar(200) NOT NULL,
  `contacto` varchar(20) NOT NULL,
  `cargo` varchar(20) DEFAULT NULL,
  `situacao` tinyint(1) NOT NULL,
  `dataCadastro` date NOT NULL,
  `permissoes_id` int(11) NOT NULL,
  `local` varchar(200) NOT NULL,
  `sexo` varchar(45) DEFAULT NULL,
  `dataNasc` date NOT NULL
) ENGINE=InnoDB DEFAULT CHARSET=latin1;

--
-- Dumping data for table `usuarios`
--

INSERT INTO `usuarios` (`idUsuarios`, `nome`, `apelido`, `naturalidade`, `bairro`, `cidade`, `email`, `senha`, `contacto`, `cargo`, `situacao`, `dataCadastro`, `permissoes_id`, `local`, `sexo`, `dataNasc`) VALUES
(1, 'Momad', 'Sumalgy', 'Nampula', 'krando', 'Maputo', 'msumalgy@misau.gov.mz', '7e51c73a0d5e198d977a94ed0a9063056d881b166843e18d6d14a6e353a0df8e0cab7a9ad2ed64b0e9773ec41c91a68f2c228082e347e51004827eafc2bff22cGD985qdwDIVUOBqr07QZcOspE9qQexkYny510/MdBuw=', '842908735', 'krando', 1, '0000-00-00', 3, 'GM/DTIC', 'Masculino', '1964-03-03'),
(2, 'Armando Arlindo', 'Mavie', 'Maputo', 'Armando', 'Matola', 'amavie@misau.gov.mz', '6a91c081aa4edb40ffac7d86eb0487ca96e3e2f7db086d6e85b345b79187f638fcfdc1a676b99ff6aac54eb3189e3f1c296fe36f37421515ee8b1813898bd1bffav6JCk+RZUpzFgYdrDUrGEFikuAJvdXKTOLi26Z2YA=', '848912752', '4159623', 1, '2017-09-10', 1, 'GM/DTIC', 'Masculino', '1993-03-24'),
(3, 'Técnico Administrativo', 'Teste', 'Maputo', 'Polana Caniço', 'Maputo', 'tadministrativo_drh@misau.gov.mz', '5139c91d3a89e97aeee4208236615bba95c6c0db0f7b7be3d3fb507fb01f100a5d75d3a5aa93cbfa2ca5600905ef4fe3ae42ea8cddeebbdbc0feef9ef25d75fdnyXeN4WA/KUbQyU6GWv5u9W8KbOQbs9KWtl+C4Rzz78=', '842130858', 'Tecnico Informatico', 1, '0000-00-00', 5, 'DRH', 'Masculino', '1995-02-20'),
(4, 'Chefe da Secretaria', 'Secretaria', 'Mapuo', NULL, 'Matola', 'csecretaria_drh@misau.gov.mz', 'd2d6dda6f9d6382f9b9c1ae2006939a89eeb0b9740dd5bf22a06f00d6a947215b07b3d5dc0fb09b3fbe1f231327dcbda32f73ac3fdaa464bd81eb65182633d40Yw375OCT3kyO6h2aOXI6/PWhE5+A7sW39Gop0trKtIk=', '845189610', NULL, 1, '0000-00-00', 4, 'DRH', 'Masculino', '1980-07-03'),
(5, 'Mévies Esménia', 'Mugabe', 'Mapuo', NULL, 'Maputo', 'mmugabe@misau.gov.mz', '785ee3dadd42f24532264b4267956a6b5bc40f75846fe6919a0fa923c13bc50c2888b4a6ea63eb20efe6ff8fb27ffc724dc5bd9546c0e797fb4013207e124aefrNrYRq7qTyXoY1UWLPBVZouIp9x0/lJqCeKr7XXOvEw=', '842130858', NULL, 1, '0000-00-00', 5, 'GM/DTIC', 'Femenino', '1996-01-30'),
(6, 'Director(a)', 'Director(a)', 'Maputo', NULL, 'Maputo', 'director_drh@misau.gov.mz', 'fbf3e656a917ebb6d05d39b61ee865161fa855c1a65389b3e0e28a1c997bb5db5692dd31b2fbf4b6cecc13e0f44fefc55b728adfd2f9735e2c8fbbaf5e6ab253yKua68Ztty1jIEookxvykc6jkeSdNs7N6j4WlEQNw1A=', '23423', NULL, 1, '0000-00-00', 3, 'DRH', 'Masculino', '1991-03-11'),
(7, 'Tecnico Administrativo', 'GM', 'Maputo', NULL, 'Maputo', 'tadministrativo_gm@misau.gov.mz', '4d89491c0dd25db0b053dea1e5948bf9f2961bc8247a7e48d52d765c996e6de58704a10a0a598afd62ff58bd1069e2a6bcc29c6b785a173f78703025ed0ea6e3FNnzcSAq7SctJPLQ1wIbjx3LVHy+5rQrLl0DoXZ9hcg=', '234324', NULL, 1, '0000-00-00', 5, 'GM', 'Masculino', '1993-11-11'),
(8, 'Chefe de Secretaria', 'GM', 'Maputo', NULL, 'Maputo', 'csecretaria_gm@misau.gov.mz', '8b76a5de7ec54422df9c6590d246d9695e727a0939102de8c4abe460ad59c6ea1875ecdaac46b172f42a3d81a93cd422dbded78d0d7bf5f82ebebaf65880eab8LuAqwiQmMJBSJRoZbXqKPirTgccQkedFoQf92Wi2Y0k=', '511', NULL, 1, '0000-00-00', 4, 'GM', 'Masculino', '1960-01-22'),
(9, 'Director(a)', 'GM', 'Maputo', NULL, 'Maputo', 'director_gm@misau.gov.mz', '471a3c19eb4f67f4a899dd900e10cd621aa521db4346032728547c3ed0071f976b86411ec761bcf4b28d6f47f2d4a7c1448f867f95b86962eeb3da921a1caea1TV+BBTOnrvF3TKyF+IgRdMP+aKEySrxudS7RkE0R3qg=', '115', NULL, 1, '0000-00-00', 3, 'GM', 'Masculino', '2000-04-20'),
(10, 'Tecnico Administrativo', 'IS', 'Maputo', NULL, 'Maputo', 'tadministrativo_is@misau.gov.mz', 'decd01c2bc605a5c5209fba8969ada0d9f23778b196e4b419bd1396347a16a46a4e7f2569064dc323d3557abf100277fae04b6172c2ac53bcbd999f590379d8agQwvMrhy+VDl0tmic9x3kuPgcIJi8QzS2g7vqr9dyKE=', '848912752', NULL, 1, '0000-00-00', 5, 'IS', 'Masculino', '2018-11-15'),
(11, 'Chefe de Secretaria', 'IS', 'Matola', NULL, 'Matola', 'csecretaria_is@misau.gov.mz', '17220aa5d586468090e5f6b69d1524fb6182c4cd7add93b3ee2d34e9b8cb87f65d7b618194feceb9140315639455939adb39884eac6003a55100e7cca69031d3BHdL5GVYlMLnhVbF5x1rNTe82XmVwJVkacfmq01/dPc=', '84751656', NULL, 1, '0000-00-00', 4, 'IS', 'Masculino', '2018-11-08'),
(12, 'Director(a)', 'IS', 'Matola', NULL, 'Matola', 'director_is@misau.gov.mz', '2b323b7e2403744a292b0deb553ed8ab0451ae420e393dfcc0dcefabbbd4b3b22e019693ca17808c36bbe2ed2c2f17ccfb330124460d20ed530ac077c7bb783f24aJ8ZD9b19HNZ5mfR26zPGqu2NPJtD2t/Hg4Lp09Oo=', '84751656', NULL, 1, '0000-00-00', 3, 'IS', 'Masculino', '2018-11-16'),
(13, 'Tecnico Administrativo', 'DNAM', 'Matola', NULL, 'Matola', 'tadministrativo_dnam@misau.gov.mz', '5ec70c46816140425e9078285f9d9adb90b0f59157707204808a5d99a533ef91be664717013cf177f4bfbb05537102f656f9f825a2dda5b7abc82f8c963f75c3SLDpoNbEDRY1V7B43H91hPHyoHEc4a55QHM4ZVHGei0=', '84751656', NULL, 1, '0000-00-00', 5, 'DNAM', 'Masculino', '2018-11-15'),
(14, 'Chefe da Secretaria', 'DNAM', 'Matola', NULL, 'Matola', 'csecretaria_dnam@misau.gov.mz', '78ca8107988b5626ee31b60dbfdb84fa2a0d6bdf867043ad7d83b435a9a0bf2603cfc0370d44ff5319b12eb7f3af9cde58c9fd19312a289080224b8e1f8793ccSM0BDqCcAG5NzPB/W7vVFQRSeFFiVLQXQjO5bU52+ds=', '84751656', NULL, 1, '0000-00-00', 4, 'DNAM', 'Masculino', '2018-11-16'),
(15, 'Director(a)', 'DNAM', 'Matola', NULL, 'Matola', 'director_dnam@misau.gov.mz', 'a2fdb9fd2b66d32df8e40bc92ecf961dd532eae3a3f68fb9f0411f99fdab768d6cdbc5cf2d86d09df2feafa3e6aaf89d7bfa3a687271c4b63c8791bd4d5577791/2kN7UQOxbI5uTV8W211Y/1ru670MlIvMiPviatTI4=', '54645', NULL, 1, '0000-00-00', 3, 'DNAM', 'Masculino', '2018-11-02');

-- --------------------------------------------------------

--
-- Table structure for table `vendas`
--

CREATE TABLE `vendas` (
  `idVendas` int(11) NOT NULL,
  `dataVenda` date DEFAULT NULL,
  `valorTotal` varchar(45) DEFAULT NULL,
  `desconto` varchar(45) DEFAULT NULL,
  `faturado` tinyint(1) DEFAULT NULL,
  `clientes_id` int(11) NOT NULL,
  `usuarios_id` int(11) DEFAULT NULL,
  `lancamentos_id` int(11) DEFAULT NULL
) ENGINE=InnoDB DEFAULT CHARSET=latin1;

--
-- Dumping data for table `vendas`
--

INSERT INTO `vendas` (`idVendas`, `dataVenda`, `valorTotal`, `desconto`, `faturado`, `clientes_id`, `usuarios_id`, `lancamentos_id`) VALUES
(3, '2017-09-12', NULL, NULL, 0, 2, 2, NULL),
(4, '2017-09-23', NULL, NULL, 0, 3, 3, NULL),
(5, '2017-10-11', NULL, NULL, 0, 2, 2, NULL);

-- --------------------------------------------------------

--
-- Structure for view `consultarcargo`
--
DROP TABLE IF EXISTS `consultarcargo`;

CREATE ALGORITHM=UNDEFINED DEFINER=`root`@`localhost` SQL SECURITY DEFINER VIEW `consultarcargo`  AS  select `c`.`nomeCargo` AS `nomeCargo`,`d`.`nomeDestinatario` AS `nomeDestinatario`,`d`.`idDestinatario` AS `idDestinatario` from (`cargo` `c` join `destinatario` `d`) where (`d`.`cargoId` = `c`.`idCargo`) ;

--
-- Indexes for dumped tables
--

--
-- Indexes for table `anexos`
--
ALTER TABLE `anexos`
  ADD PRIMARY KEY (`idAnexos`),
  ADD KEY `fk_anexos_os1` (`os_id`);

--
-- Indexes for table `cargo`
--
ALTER TABLE `cargo`
  ADD PRIMARY KEY (`idCargo`);

--
-- Indexes for table `categorias`
--
ALTER TABLE `categorias`
  ADD PRIMARY KEY (`idCategorias`);

--
-- Indexes for table `ci_sessions`
--
ALTER TABLE `ci_sessions`
  ADD KEY `ci_sessions_timestamp` (`timestamp`);

--
-- Indexes for table `classificacao`
--
ALTER TABLE `classificacao`
  ADD PRIMARY KEY (`idClassificacao`);

--
-- Indexes for table `clientes`
--
ALTER TABLE `clientes`
  ADD PRIMARY KEY (`idClientes`);

--
-- Indexes for table `contas`
--
ALTER TABLE `contas`
  ADD PRIMARY KEY (`idContas`);

--
-- Indexes for table `correspondencia`
--
ALTER TABLE `correspondencia`
  ADD PRIMARY KEY (`idCorrespondencia`);

--
-- Indexes for table `corre_arquivados`
--
ALTER TABLE `corre_arquivados`
  ADD PRIMARY KEY (`idCorre_arquivados`);

--
-- Indexes for table `corre_sigiloso`
--
ALTER TABLE `corre_sigiloso`
  ADD PRIMARY KEY (`idCorre_sigiloso`),
  ADD KEY `fk_corre_sigiloso_destinatario` (`destinatarioId`);

--
-- Indexes for table `departamento`
--
ALTER TABLE `departamento`
  ADD PRIMARY KEY (`idDepartamento`),
  ADD KEY `fk_departamento_direcao` (`direcaoId`);

--
-- Indexes for table `despacho`
--
ALTER TABLE `despacho`
  ADD PRIMARY KEY (`idDespacho`),
  ADD KEY `fk_despacho_correspondencia` (`correspondenciaId`);

--
-- Indexes for table `destinatario`
--
ALTER TABLE `destinatario`
  ADD PRIMARY KEY (`idDestinatario`),
  ADD KEY `fk_destinatario_cargo` (`cargoId`);

--
-- Indexes for table `direcao`
--
ALTER TABLE `direcao`
  ADD PRIMARY KEY (`idDirecao`);

--
-- Indexes for table `documentos`
--
ALTER TABLE `documentos`
  ADD PRIMARY KEY (`idDocumentos`);

--
-- Indexes for table `emitente`
--
ALTER TABLE `emitente`
  ADD PRIMARY KEY (`id`);

--
-- Indexes for table `equipamentos`
--
ALTER TABLE `equipamentos`
  ADD PRIMARY KEY (`idEquipamentos`),
  ADD KEY `fk_equipanentos_marcas1_idx` (`marcas_id`),
  ADD KEY `fk_equipanentos_clientes1_idx` (`clientes_id`);

--
-- Indexes for table `equipamentos_os`
--
ALTER TABLE `equipamentos_os`
  ADD PRIMARY KEY (`idEquipamentos_os`),
  ADD KEY `fk_equipamentos_os_equipanentos1_idx` (`equipamentos_id`),
  ADD KEY `fk_equipamentos_os_os1_idx` (`os_id`);

--
-- Indexes for table `itens_de_vendas`
--
ALTER TABLE `itens_de_vendas`
  ADD PRIMARY KEY (`idItens`),
  ADD KEY `fk_itens_de_vendas_vendas1` (`vendas_id`),
  ADD KEY `fk_itens_de_vendas_produtos1` (`produtos_id`);

--
-- Indexes for table `lancamentos`
--
ALTER TABLE `lancamentos`
  ADD PRIMARY KEY (`idLancamentos`),
  ADD KEY `fk_lancamentos_clientes1` (`clientes_id`),
  ADD KEY `fk_lancamentos_categorias1_idx` (`categorias_id`),
  ADD KEY `fk_lancamentos_contas1_idx` (`contas_id`);

--
-- Indexes for table `logs`
--
ALTER TABLE `logs`
  ADD PRIMARY KEY (`idLogs`);

--
-- Indexes for table `marcas`
--
ALTER TABLE `marcas`
  ADD PRIMARY KEY (`idMarcas`);

--
-- Indexes for table `os`
--
ALTER TABLE `os`
  ADD PRIMARY KEY (`idOs`),
  ADD KEY `fk_os_clientes1` (`clientes_id`),
  ADD KEY `fk_os_usuarios1` (`usuarios_id`),
  ADD KEY `fk_os_lancamentos1` (`lancamento`);

--
-- Indexes for table `parecer`
--
ALTER TABLE `parecer`
  ADD PRIMARY KEY (`idParecer`),
  ADD KEY `fk_parecer_usuarios` (`usuarioId`),
  ADD KEY `fk_parecer_correspondencia` (`correspondenciaId`);

--
-- Indexes for table `permissoes`
--
ALTER TABLE `permissoes`
  ADD PRIMARY KEY (`idPermissao`);

--
-- Indexes for table `produtos`
--
ALTER TABLE `produtos`
  ADD PRIMARY KEY (`idProdutos`);

--
-- Indexes for table `produtos_os`
--
ALTER TABLE `produtos_os`
  ADD PRIMARY KEY (`idProdutos_os`),
  ADD KEY `fk_produtos_os_os1` (`os_id`),
  ADD KEY `fk_produtos_os_produtos1` (`produtos_id`);

--
-- Indexes for table `provinienciaexterna`
--
ALTER TABLE `provinienciaexterna`
  ADD PRIMARY KEY (`idProvinienciaExterna`);

--
-- Indexes for table `reparticao`
--
ALTER TABLE `reparticao`
  ADD PRIMARY KEY (`idReparticao`);

--
-- Indexes for table `sector`
--
ALTER TABLE `sector`
  ADD PRIMARY KEY (`idSector`);

--
-- Indexes for table `servicos`
--
ALTER TABLE `servicos`
  ADD PRIMARY KEY (`idServicos`);

--
-- Indexes for table `servicos_os`
--
ALTER TABLE `servicos_os`
  ADD PRIMARY KEY (`idServicos_os`),
  ADD KEY `fk_servicos_os_os1` (`os_id`),
  ADD KEY `fk_servicos_os_servicos1` (`servicos_id`);

--
-- Indexes for table `tipodoc`
--
ALTER TABLE `tipodoc`
  ADD PRIMARY KEY (`idTipoDoc`);

--
-- Indexes for table `tramite`
--
ALTER TABLE `tramite`
  ADD PRIMARY KEY (`idTramite`);

--
-- Indexes for table `usuarios`
--
ALTER TABLE `usuarios`
  ADD PRIMARY KEY (`idUsuarios`),
  ADD KEY `fk_usuarios_permissoes1_idx` (`permissoes_id`);

--
-- Indexes for table `vendas`
--
ALTER TABLE `vendas`
  ADD PRIMARY KEY (`idVendas`),
  ADD KEY `fk_vendas_clientes1` (`clientes_id`),
  ADD KEY `fk_vendas_usuarios1` (`usuarios_id`),
  ADD KEY `fk_vendas_lancamentos1` (`lancamentos_id`);

--
-- AUTO_INCREMENT for dumped tables
--

--
-- AUTO_INCREMENT for table `anexos`
--
ALTER TABLE `anexos`
  MODIFY `idAnexos` int(11) NOT NULL AUTO_INCREMENT;
--
-- AUTO_INCREMENT for table `cargo`
--
ALTER TABLE `cargo`
  MODIFY `idCargo` int(11) NOT NULL AUTO_INCREMENT, AUTO_INCREMENT=5;
--
-- AUTO_INCREMENT for table `categorias`
--
ALTER TABLE `categorias`
  MODIFY `idCategorias` int(11) NOT NULL AUTO_INCREMENT;
--
-- AUTO_INCREMENT for table `classificacao`
--
ALTER TABLE `classificacao`
  MODIFY `idClassificacao` int(11) NOT NULL AUTO_INCREMENT, AUTO_INCREMENT=364;
--
-- AUTO_INCREMENT for table `clientes`
--
ALTER TABLE `clientes`
  MODIFY `idClientes` int(11) NOT NULL AUTO_INCREMENT, AUTO_INCREMENT=5;
--
-- AUTO_INCREMENT for table `contas`
--
ALTER TABLE `contas`
  MODIFY `idContas` int(11) NOT NULL AUTO_INCREMENT;
--
-- AUTO_INCREMENT for table `correspondencia`
--
ALTER TABLE `correspondencia`
  MODIFY `idCorrespondencia` int(11) NOT NULL AUTO_INCREMENT, AUTO_INCREMENT=11;
--
-- AUTO_INCREMENT for table `corre_arquivados`
--
ALTER TABLE `corre_arquivados`
  MODIFY `idCorre_arquivados` int(11) NOT NULL AUTO_INCREMENT;
--
-- AUTO_INCREMENT for table `corre_sigiloso`
--
ALTER TABLE `corre_sigiloso`
  MODIFY `idCorre_sigiloso` int(200) NOT NULL AUTO_INCREMENT;
--
-- AUTO_INCREMENT for table `departamento`
--
ALTER TABLE `departamento`
  MODIFY `idDepartamento` int(11) NOT NULL AUTO_INCREMENT, AUTO_INCREMENT=54;
--
-- AUTO_INCREMENT for table `despacho`
--
ALTER TABLE `despacho`
  MODIFY `idDespacho` int(11) NOT NULL AUTO_INCREMENT, AUTO_INCREMENT=10;
--
-- AUTO_INCREMENT for table `destinatario`
--
ALTER TABLE `destinatario`
  MODIFY `idDestinatario` int(11) NOT NULL AUTO_INCREMENT, AUTO_INCREMENT=4;
--
-- AUTO_INCREMENT for table `direcao`
--
ALTER TABLE `direcao`
  MODIFY `idDirecao` int(11) NOT NULL AUTO_INCREMENT, AUTO_INCREMENT=17;
--
-- AUTO_INCREMENT for table `documentos`
--
ALTER TABLE `documentos`
  MODIFY `idDocumentos` int(11) NOT NULL AUTO_INCREMENT;
--
-- AUTO_INCREMENT for table `emitente`
--
ALTER TABLE `emitente`
  MODIFY `id` int(11) NOT NULL AUTO_INCREMENT, AUTO_INCREMENT=2;
--
-- AUTO_INCREMENT for table `equipamentos`
--
ALTER TABLE `equipamentos`
  MODIFY `idEquipamentos` int(11) NOT NULL AUTO_INCREMENT;
--
-- AUTO_INCREMENT for table `equipamentos_os`
--
ALTER TABLE `equipamentos_os`
  MODIFY `idEquipamentos_os` int(11) NOT NULL AUTO_INCREMENT;
--
-- AUTO_INCREMENT for table `itens_de_vendas`
--
ALTER TABLE `itens_de_vendas`
  MODIFY `idItens` int(11) NOT NULL AUTO_INCREMENT;
--
-- AUTO_INCREMENT for table `lancamentos`
--
ALTER TABLE `lancamentos`
  MODIFY `idLancamentos` int(11) NOT NULL AUTO_INCREMENT, AUTO_INCREMENT=8;
--
-- AUTO_INCREMENT for table `logs`
--
ALTER TABLE `logs`
  MODIFY `idLogs` int(11) NOT NULL AUTO_INCREMENT;
--
-- AUTO_INCREMENT for table `marcas`
--
ALTER TABLE `marcas`
  MODIFY `idMarcas` int(11) NOT NULL AUTO_INCREMENT;
--
-- AUTO_INCREMENT for table `os`
--
ALTER TABLE `os`
  MODIFY `idOs` int(11) NOT NULL AUTO_INCREMENT, AUTO_INCREMENT=5;
--
-- AUTO_INCREMENT for table `parecer`
--
ALTER TABLE `parecer`
  MODIFY `idParecer` int(11) NOT NULL AUTO_INCREMENT, AUTO_INCREMENT=3;
--
-- AUTO_INCREMENT for table `permissoes`
--
ALTER TABLE `permissoes`
  MODIFY `idPermissao` int(11) NOT NULL AUTO_INCREMENT, AUTO_INCREMENT=6;
--
-- AUTO_INCREMENT for table `produtos`
--
ALTER TABLE `produtos`
  MODIFY `idProdutos` int(11) NOT NULL AUTO_INCREMENT, AUTO_INCREMENT=2;
--
-- AUTO_INCREMENT for table `produtos_os`
--
ALTER TABLE `produtos_os`
  MODIFY `idProdutos_os` int(11) NOT NULL AUTO_INCREMENT;
--
-- AUTO_INCREMENT for table `provinienciaexterna`
--
ALTER TABLE `provinienciaexterna`
  MODIFY `idProvinienciaExterna` int(200) NOT NULL AUTO_INCREMENT, AUTO_INCREMENT=20;
--
-- AUTO_INCREMENT for table `reparticao`
--
ALTER TABLE `reparticao`
  MODIFY `idReparticao` int(11) NOT NULL AUTO_INCREMENT, AUTO_INCREMENT=49;
--
-- AUTO_INCREMENT for table `sector`
--
ALTER TABLE `sector`
  MODIFY `idSector` int(11) NOT NULL AUTO_INCREMENT;
--
-- AUTO_INCREMENT for table `servicos`
--
ALTER TABLE `servicos`
  MODIFY `idServicos` int(11) NOT NULL AUTO_INCREMENT, AUTO_INCREMENT=3;
--
-- AUTO_INCREMENT for table `servicos_os`
--
ALTER TABLE `servicos_os`
  MODIFY `idServicos_os` int(11) NOT NULL AUTO_INCREMENT;
--
-- AUTO_INCREMENT for table `tipodoc`
--
ALTER TABLE `tipodoc`
  MODIFY `idTipoDoc` int(11) NOT NULL AUTO_INCREMENT, AUTO_INCREMENT=23;
--
-- AUTO_INCREMENT for table `tramite`
--
ALTER TABLE `tramite`
  MODIFY `idTramite` int(11) NOT NULL AUTO_INCREMENT, AUTO_INCREMENT=12;
--
-- AUTO_INCREMENT for table `usuarios`
--
ALTER TABLE `usuarios`
  MODIFY `idUsuarios` int(11) NOT NULL AUTO_INCREMENT, AUTO_INCREMENT=16;
--
-- AUTO_INCREMENT for table `vendas`
--
ALTER TABLE `vendas`
  MODIFY `idVendas` int(11) NOT NULL AUTO_INCREMENT, AUTO_INCREMENT=6;
--
-- Constraints for dumped tables
--

--
-- Constraints for table `anexos`
--
ALTER TABLE `anexos`
  ADD CONSTRAINT `fk_anexos_os1` FOREIGN KEY (`os_id`) REFERENCES `os` (`idOs`) ON DELETE NO ACTION ON UPDATE NO ACTION;

--
-- Constraints for table `corre_sigiloso`
--
ALTER TABLE `corre_sigiloso`
  ADD CONSTRAINT `fk_corre_sigiloso_destinatario` FOREIGN KEY (`destinatarioId`) REFERENCES `destinatario` (`idDestinatario`) ON DELETE NO ACTION ON UPDATE NO ACTION;

--
-- Constraints for table `departamento`
--
ALTER TABLE `departamento`
  ADD CONSTRAINT `fk_departamento_direcao` FOREIGN KEY (`direcaoId`) REFERENCES `direcao` (`idDirecao`) ON DELETE NO ACTION ON UPDATE NO ACTION;

--
-- Constraints for table `despacho`
--
ALTER TABLE `despacho`
  ADD CONSTRAINT `fk_despacho_correspondencia` FOREIGN KEY (`correspondenciaId`) REFERENCES `correspondencia` (`idCorrespondencia`) ON DELETE NO ACTION ON UPDATE NO ACTION;

--
-- Constraints for table `destinatario`
--
ALTER TABLE `destinatario`
  ADD CONSTRAINT `fk_destinatario_cargo` FOREIGN KEY (`cargoId`) REFERENCES `cargo` (`idCargo`) ON DELETE NO ACTION ON UPDATE NO ACTION;

--
-- Constraints for table `equipamentos`
--
ALTER TABLE `equipamentos`
  ADD CONSTRAINT `fk_equipanentos_clientes1` FOREIGN KEY (`clientes_id`) REFERENCES `clientes` (`idClientes`) ON DELETE NO ACTION ON UPDATE NO ACTION,
  ADD CONSTRAINT `fk_equipanentos_marcas1` FOREIGN KEY (`marcas_id`) REFERENCES `marcas` (`idMarcas`) ON DELETE NO ACTION ON UPDATE NO ACTION;

--
-- Constraints for table `equipamentos_os`
--
ALTER TABLE `equipamentos_os`
  ADD CONSTRAINT `fk_equipamentos_os_equipanentos1` FOREIGN KEY (`equipamentos_id`) REFERENCES `equipamentos` (`idEquipamentos`) ON DELETE NO ACTION ON UPDATE NO ACTION,
  ADD CONSTRAINT `fk_equipamentos_os_os1` FOREIGN KEY (`os_id`) REFERENCES `os` (`idOs`) ON DELETE NO ACTION ON UPDATE NO ACTION;

--
-- Constraints for table `itens_de_vendas`
--
ALTER TABLE `itens_de_vendas`
  ADD CONSTRAINT `fk_itens_de_vendas_produtos1` FOREIGN KEY (`produtos_id`) REFERENCES `produtos` (`idProdutos`) ON DELETE NO ACTION ON UPDATE NO ACTION,
  ADD CONSTRAINT `fk_itens_de_vendas_vendas1` FOREIGN KEY (`vendas_id`) REFERENCES `vendas` (`idVendas`) ON DELETE NO ACTION ON UPDATE NO ACTION;

--
-- Constraints for table `lancamentos`
--
ALTER TABLE `lancamentos`
  ADD CONSTRAINT `fk_lancamentos_categorias1` FOREIGN KEY (`categorias_id`) REFERENCES `categorias` (`idCategorias`) ON DELETE NO ACTION ON UPDATE NO ACTION,
  ADD CONSTRAINT `fk_lancamentos_clientes1` FOREIGN KEY (`clientes_id`) REFERENCES `clientes` (`idClientes`) ON DELETE NO ACTION ON UPDATE NO ACTION,
  ADD CONSTRAINT `fk_lancamentos_contas1` FOREIGN KEY (`contas_id`) REFERENCES `contas` (`idContas`) ON DELETE NO ACTION ON UPDATE NO ACTION;

--
-- Constraints for table `os`
--
ALTER TABLE `os`
  ADD CONSTRAINT `fk_os_clientes1` FOREIGN KEY (`clientes_id`) REFERENCES `clientes` (`idClientes`) ON DELETE NO ACTION ON UPDATE NO ACTION,
  ADD CONSTRAINT `fk_os_lancamentos1` FOREIGN KEY (`lancamento`) REFERENCES `lancamentos` (`idLancamentos`) ON DELETE NO ACTION ON UPDATE NO ACTION,
  ADD CONSTRAINT `fk_os_usuarios1` FOREIGN KEY (`usuarios_id`) REFERENCES `usuarios` (`idUsuarios`) ON DELETE NO ACTION ON UPDATE NO ACTION;

--
-- Constraints for table `parecer`
--
ALTER TABLE `parecer`
  ADD CONSTRAINT `fk_parecer_correspondencia` FOREIGN KEY (`correspondenciaId`) REFERENCES `correspondencia` (`idCorrespondencia`) ON DELETE NO ACTION ON UPDATE NO ACTION,
  ADD CONSTRAINT `fk_parecer_usuarios` FOREIGN KEY (`usuarioId`) REFERENCES `usuarios` (`idUsuarios`) ON DELETE NO ACTION ON UPDATE NO ACTION;

--
-- Constraints for table `produtos_os`
--
ALTER TABLE `produtos_os`
  ADD CONSTRAINT `fk_produtos_os_os1` FOREIGN KEY (`os_id`) REFERENCES `os` (`idOs`) ON DELETE NO ACTION ON UPDATE NO ACTION,
  ADD CONSTRAINT `fk_produtos_os_produtos1` FOREIGN KEY (`produtos_id`) REFERENCES `produtos` (`idProdutos`) ON DELETE NO ACTION ON UPDATE NO ACTION;

--
-- Constraints for table `servicos_os`
--
ALTER TABLE `servicos_os`
  ADD CONSTRAINT `fk_servicos_os_os1` FOREIGN KEY (`os_id`) REFERENCES `os` (`idOs`) ON DELETE NO ACTION ON UPDATE NO ACTION,
  ADD CONSTRAINT `fk_servicos_os_servicos1` FOREIGN KEY (`servicos_id`) REFERENCES `servicos` (`idServicos`) ON DELETE NO ACTION ON UPDATE NO ACTION;

--
-- Constraints for table `usuarios`
--
ALTER TABLE `usuarios`
  ADD CONSTRAINT `fk_usuarios_permissoes1` FOREIGN KEY (`permissoes_id`) REFERENCES `permissoes` (`idPermissao`) ON DELETE NO ACTION ON UPDATE NO ACTION;

--
-- Constraints for table `vendas`
--
ALTER TABLE `vendas`
  ADD CONSTRAINT `fk_vendas_clientes1` FOREIGN KEY (`clientes_id`) REFERENCES `clientes` (`idClientes`) ON DELETE NO ACTION ON UPDATE NO ACTION,
  ADD CONSTRAINT `fk_vendas_lancamentos1` FOREIGN KEY (`lancamentos_id`) REFERENCES `lancamentos` (`idLancamentos`) ON DELETE NO ACTION ON UPDATE NO ACTION,
  ADD CONSTRAINT `fk_vendas_usuarios1` FOREIGN KEY (`usuarios_id`) REFERENCES `usuarios` (`idUsuarios`) ON DELETE NO ACTION ON UPDATE NO ACTION;

/*!40101 SET CHARACTER_SET_CLIENT=@OLD_CHARACTER_SET_CLIENT */;
/*!40101 SET CHARACTER_SET_RESULTS=@OLD_CHARACTER_SET_RESULTS */;
/*!40101 SET COLLATION_CONNECTION=@OLD_COLLATION_CONNECTION */;
