-- phpMyAdmin SQL Dump
-- version 4.6.5.2
-- https://www.phpmyadmin.net/
--
-- Host: 127.0.0.1
-- Generation Time: 05-Maio-2018 às 23:37
-- Versão do servidor: 10.1.21-MariaDB
-- PHP Version: 5.6.30

SET SQL_MODE = "NO_AUTO_VALUE_ON_ZERO";
SET time_zone = "+00:00";


/*!40101 SET @OLD_CHARACTER_SET_CLIENT=@@CHARACTER_SET_CLIENT */;
/*!40101 SET @OLD_CHARACTER_SET_RESULTS=@@CHARACTER_SET_RESULTS */;
/*!40101 SET @OLD_COLLATION_CONNECTION=@@COLLATION_CONNECTION */;
/*!40101 SET NAMES utf8mb4 */;

--
-- Database: `sigdoc`
--

-- --------------------------------------------------------

--
-- Estrutura da tabela `anexos`
--

CREATE TABLE `anexos` (
  `idAnexos` int(11) NOT NULL,
  `anexo` varchar(45) DEFAULT NULL,
  `thumb` varchar(45) DEFAULT NULL,
  `url` varchar(300) DEFAULT NULL,
  `path` varchar(300) DEFAULT NULL,
  `os_id` int(11) NOT NULL
) ENGINE=InnoDB DEFAULT CHARSET=latin1;

-- --------------------------------------------------------

--
-- Estrutura da tabela `cargo`
--

CREATE TABLE `cargo` (
  `idCargo` int(11) NOT NULL,
  `nomeCargo` varchar(45) DEFAULT NULL,
  `descricao` varchar(200) NOT NULL
) ENGINE=InnoDB DEFAULT CHARSET=latin1;

--
-- Extraindo dados da tabela `cargo`
--

INSERT INTO `cargo` (`idCargo`, `nomeCargo`, `descricao`) VALUES
(1, 'Chefe de DTIC', ''),
(2, 'Tec. Informatico', ''),
(3, 'Tec. Sup.', '      sdfsddfd'),
(4, 'Director', 'sadasdasdasdsadas');

-- --------------------------------------------------------

--
-- Estrutura da tabela `categorias`
--

CREATE TABLE `categorias` (
  `idCategorias` int(11) NOT NULL,
  `categoria` varchar(80) DEFAULT NULL,
  `cadastro` date DEFAULT NULL,
  `status` tinyint(1) DEFAULT NULL,
  `tipo` varchar(15) DEFAULT NULL
) ENGINE=InnoDB DEFAULT CHARSET=latin1;

-- --------------------------------------------------------

--
-- Estrutura da tabela `ci_sessions`
--

CREATE TABLE `ci_sessions` (
  `id` varchar(128) NOT NULL,
  `ip_address` varchar(45) NOT NULL,
  `timestamp` int(10) UNSIGNED NOT NULL DEFAULT '0',
  `data` blob NOT NULL
) ENGINE=InnoDB DEFAULT CHARSET=latin1;

--
-- Extraindo dados da tabela `ci_sessions`
--

INSERT INTO `ci_sessions` (`id`, `ip_address`, `timestamp`, `data`) VALUES
('af84hkm0j2mol0vraoh2bt2susfgfkg7', '127.0.0.1', 1525064184, 0x5f5f63695f6c6173745f726567656e65726174657c693a313532353036333839373b6e6f6d657c733a31333a2241646d696e6973747261646f72223b6c6f63616c7c733a323a22474d223b656d61696c7c733a31383a2261646d696e406d697361752e676f762e6d7a223b69647c733a323a223138223b7065726d697373616f7c733a313a2231223b6c6f6761646f7c623a313b),
('4a3recpp9j1ute63e52iqf3da8uiqa3j', '127.0.0.1', 1525064523, 0x5f5f63695f6c6173745f726567656e65726174657c693a313532353036343238303b6e6f6d657c733a31333a2241646d696e6973747261646f72223b6c6f63616c7c733a323a22474d223b656d61696c7c733a31383a2261646d696e406d697361752e676f762e6d7a223b69647c733a323a223138223b7065726d697373616f7c733a313a2231223b6c6f6761646f7c623a313b),
('ivc56ucic3pshkfd8fo2acobior4l62q', '127.0.0.1', 1525064936, 0x5f5f63695f6c6173745f726567656e65726174657c693a313532353036343633373b6e6f6d657c733a31333a2241646d696e6973747261646f72223b6c6f63616c7c733a323a22474d223b656d61696c7c733a31383a2261646d696e406d697361752e676f762e6d7a223b69647c733a323a223138223b7065726d697373616f7c733a313a2231223b6c6f6761646f7c623a313b),
('6bsk1ncobbkb845fj1ui3t4h8ake47hf', '127.0.0.1', 1525065271, 0x5f5f63695f6c6173745f726567656e65726174657c693a313532353036343937363b6e6f6d657c733a31333a2241646d696e6973747261646f72223b6c6f63616c7c733a323a22474d223b656d61696c7c733a31383a2261646d696e406d697361752e676f762e6d7a223b69647c733a323a223138223b7065726d697373616f7c733a313a2231223b6c6f6761646f7c623a313b),
('ud6r7m8amv3c5evo9olupmcj29opjvnc', '127.0.0.1', 1525065476, 0x5f5f63695f6c6173745f726567656e65726174657c693a313532353036353237383b6e6f6d657c733a31333a2241646d696e6973747261646f72223b6c6f63616c7c733a323a22474d223b656d61696c7c733a31383a2261646d696e406d697361752e676f762e6d7a223b69647c733a323a223138223b7065726d697373616f7c733a313a2231223b6c6f6761646f7c623a313b),
('18hjl6et7919csvp4893nl5kamveqoif', '127.0.0.1', 1525066915, 0x5f5f63695f6c6173745f726567656e65726174657c693a313532353036363632363b6e6f6d657c733a31333a2241646d696e6973747261646f72223b6c6f63616c7c733a323a22474d223b656d61696c7c733a31383a2261646d696e406d697361752e676f762e6d7a223b69647c733a323a223138223b7065726d697373616f7c733a313a2231223b6c6f6761646f7c623a313b),
('6t1mjpti4nvqkau1474v2nvsc6nomncu', '127.0.0.1', 1525066999, 0x5f5f63695f6c6173745f726567656e65726174657c693a313532353036363933323b6e6f6d657c733a31333a2241646d696e6973747261646f72223b6c6f63616c7c733a323a22474d223b656d61696c7c733a31383a2261646d696e406d697361752e676f762e6d7a223b69647c733a323a223138223b7065726d697373616f7c733a313a2231223b6c6f6761646f7c623a313b),
('6q1p0svceb70gq8g0sipudqtkj158auq', '127.0.0.1', 1525066935, 0x5f5f63695f6c6173745f726567656e65726174657c693a313532353036363933353b6e6f6d657c733a31333a2241646d696e6973747261646f72223b6c6f63616c7c733a323a22474d223b656d61696c7c733a31383a2261646d696e406d697361752e676f762e6d7a223b69647c733a323a223138223b7065726d697373616f7c733a313a2231223b6c6f6761646f7c623a313b),
('jthtqh6jmikkhrdnb8u5osb5gnup98a2', '127.0.0.1', 1525230980, 0x5f5f63695f6c6173745f726567656e65726174657c693a313532353233303938303b),
('86r3uo0mg9uegpu6l7vktoaojnucho1f', '127.0.0.1', 1525230980, 0x5f5f63695f6c6173745f726567656e65726174657c693a313532353233303938303b),
('u4mpcd64bfrge1mo4ggjg3nu2kn7i1un', '127.0.0.1', 1525536808, 0x5f5f63695f6c6173745f726567656e65726174657c693a313532353533363531323b6e6f6d657c733a31333a2241646d696e6973747261646f72223b6c6f63616c7c733a323a22474d223b656d61696c7c733a31383a2261646d696e406d697361752e676f762e6d7a223b69647c733a323a223138223b7065726d697373616f7c733a313a2231223b6c6f6761646f7c623a313b),
('r7are3g0gqdta31cbr79ht53m2reornv', '127.0.0.1', 1525537123, 0x5f5f63695f6c6173745f726567656e65726174657c693a313532353533363834333b6e6f6d657c733a31333a2241646d696e6973747261646f72223b6c6f63616c7c733a323a22474d223b656d61696c7c733a31383a2261646d696e406d697361752e676f762e6d7a223b69647c733a323a223138223b7065726d697373616f7c733a313a2231223b6c6f6761646f7c623a313b),
('29tij9lb4g8sonh28gcj79vl37e7tfps', '127.0.0.1', 1525537524, 0x5f5f63695f6c6173745f726567656e65726174657c693a313532353533373232393b6e6f6d657c733a31333a2241646d696e6973747261646f72223b6c6f63616c7c733a323a22474d223b656d61696c7c733a31383a2261646d696e406d697361752e676f762e6d7a223b69647c733a323a223138223b7065726d697373616f7c733a313a2231223b6c6f6761646f7c623a313b),
('uo2c7aa5bh0cs96odftp40u2kbr912t8', '127.0.0.1', 1525537572, 0x5f5f63695f6c6173745f726567656e65726174657c693a313532353533373536313b6e6f6d657c733a31333a2241646d696e6973747261646f72223b6c6f63616c7c733a323a22474d223b656d61696c7c733a31383a2261646d696e406d697361752e676f762e6d7a223b69647c733a323a223138223b7065726d697373616f7c733a313a2231223b6c6f6761646f7c623a313b),
('d4dapj0vo9gegg0919phdlvbm5i73h95', '127.0.0.1', 1525538690, 0x5f5f63695f6c6173745f726567656e65726174657c693a313532353533383439343b6e6f6d657c733a31333a2241646d696e6973747261646f72223b6c6f63616c7c733a323a22474d223b656d61696c7c733a31383a2261646d696e406d697361752e676f762e6d7a223b69647c733a323a223138223b7065726d697373616f7c733a313a2231223b6c6f6761646f7c623a313b),
('p92e87nnkprhfokrhs71cl60ndj7man0', '127.0.0.1', 1525539545, 0x5f5f63695f6c6173745f726567656e65726174657c693a313532353533393234363b6e6f6d657c733a31333a2241646d696e6973747261646f72223b6c6f63616c7c733a323a22474d223b656d61696c7c733a31383a2261646d696e406d697361752e676f762e6d7a223b69647c733a323a223138223b7065726d697373616f7c733a313a2231223b6c6f6761646f7c623a313b),
('hdhnbqcfbi1q30gaam61l12anvdk5c1h', '127.0.0.1', 1525539552, 0x5f5f63695f6c6173745f726567656e65726174657c693a313532353533393535313b6e6f6d657c733a31333a2241646d696e6973747261646f72223b6c6f63616c7c733a323a22474d223b656d61696c7c733a31383a2261646d696e406d697361752e676f762e6d7a223b69647c733a323a223138223b7065726d697373616f7c733a313a2231223b6c6f6761646f7c623a313b),
('bpttve7sukb0lvk9gkeburi39h75v0or', '127.0.0.1', 1525555609, 0x5f5f63695f6c6173745f726567656e65726174657c693a313532353535353630393b),
('l58g43o3eq9brba000iq4p4d6qibk4h2', '127.0.0.1', 1525555731, 0x5f5f63695f6c6173745f726567656e65726174657c693a313532353535353631303b6e6f6d657c733a31333a2241646d696e6973747261646f72223b6c6f63616c7c733a323a22474d223b656d61696c7c733a31383a2261646d696e406d697361752e676f762e6d7a223b69647c733a323a223138223b7065726d697373616f7c733a313a2231223b6c6f6761646f7c623a313b),
('83qqis6nkl30g233nus9ddp9rcnoa9tr', '127.0.0.1', 1525556255, 0x5f5f63695f6c6173745f726567656e65726174657c693a313532353535363235323b6e6f6d657c733a31333a2241646d696e6973747261646f72223b6c6f63616c7c733a323a22474d223b656d61696c7c733a31383a2261646d696e406d697361752e676f762e6d7a223b69647c733a323a223138223b7065726d697373616f7c733a313a2231223b6c6f6761646f7c623a313b);

-- --------------------------------------------------------

--
-- Estrutura da tabela `classificacao`
--

CREATE TABLE `classificacao` (
  `idClassificacao` int(11) NOT NULL,
  `assunto` varchar(200) NOT NULL,
  `codigo` varchar(200) NOT NULL
) ENGINE=InnoDB DEFAULT CHARSET=latin1;

--
-- Extraindo dados da tabela `classificacao`
--

INSERT INTO `classificacao` (`idClassificacao`, `assunto`, `codigo`) VALUES
(1, 'ADMINISTRAÇÃO GERAL', '000'),
(2, 'REFORMA   DO  SECTOR  PÚBLICO.  MODERNIZAÇÃO DO APARELHO DO ESTADO.  REFORMA ADMINISTRATIVA', '001'),
(3, 'LEGISLAÇÃO', '001.1'),
(6, 'RACIONALIZAÇÃO. DESCENTRALIZAÇÃO E DESCONCENTRAÇÃO DE ESTRUTURAS', '001.2'),
(7, 'POLÍTICAS PÚBLICAS', '001.3'),
(9, 'MONITORIA', '001.32'),
(10, 'PRESTAÇÃO DE CONTAS', '001.33'),
(11, 'BOA GOVERNAÇÃO. TRANSPARÊNCIA ADMINISTRATIVA. COMBATE À CORRUPÇÃO', '001.34'),
(12, 'PLANOS, PROGRAMAS E PROJECTOS DE TRABALHO', '002'),
(13, 'RELATÓRIOS DE ACTIVIDADES', '003'),
(14, 'ACORDOS. CONVÊNIOS. COOPERAÇÃO. CONTRATOS', '004'),
(16, 'REGIMENTOS. REGULAMENTOS. ESTATUTOS. ORGANOGRAMAS.', '010.1'),
(17, 'AUDIÊNCIAS. DESPACHOS. REUNIÕES', '010.2'),
(18, 'ORGANIZAÇÃO E FUNCIONAMENTO', '010'),
(19, 'COMUNICAÇÃO SOCIAL', '011'),
(20, 'RELAÇÕES COM A IMPRENSA', '012'),
(21, 'CREDENCIAMENTO DE JORNALISTAS', '012.1'),
(22, 'ENTREVISTAS. NOTICIÁRIOS. REPORTAGENS. EDITORIAIS', '012.11'),
(23, 'DIVULGAÇÃO INTERNA', '012.12'),
(24, 'PROMOÇÕES INSTITUCIONAIS. PUBLICIDADE. PROPAGANDA. MARKETING', '012.2'),
(25, 'OUTROS ASSUNTOS REFERENTES À ORGANIZAÇÃO E FUNCIONAMENTO', '019'),
(26, 'INFORMAÇÕES SOBRE O ÓRGÃO', '019.01'),
(27, 'RECURSOS HUMANOS', '020'),
(28, 'GARANTIA DA LEGALIDADE, INSPECÇÃO E IMPUGNAÇÃO', '020.11'),
(29, 'VISTOS DO TRIBUNAL ADMINISTRATIVO CONTENCIOSO ADMINISTRATIVO', '020.12'),
(30, 'ÉTICA E DEONTOLOGIA', '020.2'),
(31, 'ÉTICA E DEONTOLOGIA', '020.3'),
(32, 'SINDICATOS. ACORDOS. LUTUOSAS', '020.4'),
(33, 'PROCESSOS INDIVIDUAIS. CADASTRO. BIOGRAFIA. ASSENTAMENTOS INDIVIDUAIS.', '020.5'),
(34, 'QUADRO DE PESSOAL: Geral e Provincial', '021'),
(35, 'APROVAÇÃO. ALTERAÇÃO', '021.11'),
(36, 'RECRUTAMENTO E SELECÇÃO', '022'),
(37, 'CONCURSOS', '022.1'),
(38, 'DE INGRESSO', '022.11'),
(39, 'CONTRATO. CONTRATAÇÃO FORA DO QUADRO', '022.12'),
(40, 'CRIAÇÃO. REESTRUTURAÇÃO. EXTINÇÃO', '023'),
(41, 'CARREIRAS DE REGIME GERAL, ESPECIAL E ESPECÍFICAS', '023.11'),
(42, 'READMISSÃO. REINTEGRAÇÃO. REVERSÃO. PROVA DE VIDA', '023.2'),
(43, 'DESLOCAÇÕES E TRANSFERÊNCIAS', '023.3'),
(44, 'MUDANÇA DE CARREIRA', '023.41'),
(45, 'DE PROMOÇÃO', '023.42'),
(46, 'TIROCÍNIO', '023.43'),
(47, 'FUNÇÕES DE DIRECÇÃO, CHEFIA E CONFIANÇA', '023.5'),
(48, 'DELEGAÇÃO DE COMPETÊNCIAS. PROCURAÇÕES. ORDEM DE SERVIÇO', '23.51'),
(49, 'REGIMES ESPECIAIS DE ACTIVIDADE E DE INACTIVIDADE:', '023.6'),
(50, 'INFORMAÇÃO DE SERVIÇO', '023.7'),
(51, 'CLASSIFICAÇÃO DE SERVIÇO PRESTADO. AVALIAÇÃO DE DESEMPENHO', '023.71'),
(52, 'RECLAMAÇÃO E RECURSO', '023.72'),
(53, 'INSPECÇÃO', '023.8'),
(54, 'FORMAÇÃO. APERFEIÇOAMENTO. PROFISSIONALIZAÇÃO DOS FUNCIONÁRIOS', '024'),
(55, 'CURSOS. BOLSAS DE ESTUDO. ESTÁGIOS. RECICLAGENS', '024.1'),
(56, 'PROMOVIDOS NO TERRITÓRIO NACIONAL', '024.11'),
(57, 'PROMOVIDOS NO ESTRANGEIRO', '024.12'),
(58, 'OUTROS ASSUNTOS REFERENTES À FORMAÇÃO, E APERFEIÇOAMENTO', '024.9'),
(59, 'DEVERES, DIREITOS E REGALIAS', '025'),
(60, 'FOLHAS DE PAGAMENTO. FICHAS FINANCEIRAS', '025.1'),
(61, 'TABELA SALARIAL', '025.11'),
(62, 'REAJUSTAMENTO SALARIAL', '025.111'),
(63, 'REMUNERAÇÕES', '025.12'),
(64, 'VENCIMENTO', '025.121'),
(65, 'SUPLEMENTO DE VENCIMENTO', '025.122'),
(66, 'SUBSÍDIOS', '025.123'),
(67, 'DISTINÇÕES E PRÉMIOS', '025.124'),
(68, 'DESCONTOS', '025.2'),
(69, 'IMPOSTO DE RENDIMENTO DE PESSOAS SINGULARES (IRPS)', '025.21'),
(70, 'COMPENSAÇÃO DE APOSENTAÇÃO E REFORMA (CAR)', '025.23'),
(71, 'SUBSÍDIO DE FUNERAL (SF)', '025.24'),
(72, 'CONTRIBUIÇÃO PARA SEGURANÇA SOCIAL', '025.25'),
(73, 'CONSIGNAÇÕES', '025.26'),
(74, 'OUTROS DESCONTOS', '025.29'),
(75, 'LICENÇAS .', '025.3'),
(76, 'LICENÇA DISCIPLINAR', '025. 31'),
(77, 'OUTRAS LICENÇAS', '025.39'),
(78, 'DISPENSAS', '025.4'),
(79, 'FALTAS', '025.5'),
(80, 'JUSTIFICADAS', '025.51'),
(81, 'INJUSTIFICADAS', '025.52'),
(82, 'OUTROS DEVERES, DIREITOS E REGALIAS', '025.9'),
(83, 'RESPONSABILIDADE DISCIPLINAR', '026'),
(84, 'DENÚNCIAS. SINDICÂNCIAS. INQUÉRITOS', '026.1'),
(85, 'PROCESSOS DISCIPLINARES', '026.2'),
(86, 'PENALIDADES DISCIPLINARES', '026.3'),
(87, 'REINCIDÊNCIA', '026.4'),
(88, 'PRESCRIÇÃO', '026.6'),
(89, 'PREVIDÊNCIA, ASSISTÊNCIA E SEGURANÇA SOCIAL', '027'),
(90, 'BENEFÍCIOS', '027.1'),
(91, 'SEGUROS', '027.11'),
(92, 'ADIANTAMENTOS E EMPRÉSTIMOS A FUNCIONÁRIOS', '027.12'),
(93, 'HABITAÇÃO. TRANSPORTE', '027.13'),
(94, 'FARDAMENTO. UNIFORME', '027.14'),
(95, 'ASSISTÊNCIA MÉDICA E MEDICAMENTOSA (AMM). HIGIENE E SEGURANÇA NO TRABALHO.', '027.15'),
(96, 'PENSÕES', '027.2'),
(97, 'DE SOBREVIVÊNCIA', '027.21'),
(98, 'DE SANGUE', '027.22'),
(99, 'POR SERVIÇOS EXCEPCIONAIS E RELEVANTES PRESTADOS AO PAÍS', '027.23'),
(100, 'OUTROS BENEFÍCIOS', '027.29'),
(101, 'CESSAÇÃO DA RELAÇÃO DE TRABALHO NO APARELHO DE ESTADO', '028'),
(102, 'MORTE', '028.1'),
(103, 'APOSENTAÇÃO', '028.2'),
(104, 'DEMISSÃO. EXPULSÃO. CESSAÇÃO DE FUNÇÕES. PERDA DE REQUISITOS GERAIS DE PROVIMENTO', '028.3'),
(105, 'EXONERAÇÃO', '028.4'),
(106, 'DENÚNCIA. RESCISÃO CONTRATUAL. ABANDONO DE LUGAR', '028.5'),
(107, 'OUTROS ASSUNTOS REFERENTES A RECURSOS HUMANOS', '029'),
(108, 'HORÁRIO DE EXPEDIENTE (Inclusive a escala de serviço)', '029.1'),
(109, 'CONTROLO DE FREQUÊNCIA (livro de ponto, cartões).', '029.11'),
(110, 'VIAGENS E BAGAGENS. DESLOCAÇÕES', '029.2'),
(111, 'EM MISSÃO DE SERVIÇO', '029.21'),
(112, 'NO TERRITÓRIO NACIONAL', '029.211'),
(113, 'NO ESTRANGEIRO', '029.212'),
(114, 'MOVIMENTOS REIVINDICATIVOS', '029.3'),
(115, 'GREVES', '029.31'),
(116, 'MANIFESTAÇÕES', '029.32'),
(117, 'PARALIZAÇÕES', '029.33'),
(118, 'ORÇAMENTO', '030'),
(119, 'PROGRAMAÇAO ORÇAMENTAL', '031'),
(120, 'PREVISÃO ORÇAMENTAL', '031.11'),
(121, 'PROPOSTA ORÇAMENTAL . PROJECTOS', '031.12'),
(122, 'ORÇAMENTOS APROVADOS', '031.13'),
(123, 'INVESTIMENTO EXTERNO', '031.14'),
(124, 'AUDITORIA. INSPECÇÃO', '031.15'),
(125, 'EXECUÇÃO ORÇAMENTAL', '031.2'),
(126, 'RECEITAS', '031.21'),
(127, 'DESPESAS', '032.22'),
(128, 'DESCENTRALIZAÇÃO DE RECURSOS. DSTRIBUIÇÃO ORÇAMENTAL', '031.23'),
(129, 'ACOMPANHAMENTO DE DESPESA MENSAL (PESSOAL/DÍVIDA)', '031.24'),
(130, 'GESTÃO FINANCEIRA', '032'),
(131, 'FUNDOS ESPECIAIS', '032.1'),
(132, 'BOLSAS DE VALOR', '032.2'),
(133, 'PROGRAMAÇÃO FINANCEIRA DE DESEMBOLSO', '032.3'),
(134, 'PLANO OPERATIVO. CRONOGRAMA DE DESEMBOLSO', '032.41'),
(135, 'ESTÍMULOS FINANCEIROS E CREDITÍCIOS', '033'),
(136, 'OPERAÇÕES BANCÁRIAS', '034'),
(137, 'CONTA INDIVIDUAL', '034.1'),
(138, 'CONTA CONJUNTA', '034.2'),
(139, 'ASSINATURAS AUTORIZADAS', '034.3'),
(140, 'PAGAMENTOS EM MOEDA NACIONAL', '034.4'),
(141, 'PAGAMENTOS EM MOEDA ESTRANGEIRA', '034.5'),
(142, 'EXTRATOS DE CONTAS', '034.6'),
(143, 'BALANÇOS. BALANCETES', '035'),
(144, 'OUTROS ASSUNTOS REFERENTES AO ORÇAMENTO', '039'),
(145, 'IMPOSTOS E TAXAS. VALORES TRIBUTÁRIOS', '039.1'),
(146, 'PATRIMÓNIO', '040'),
(147, 'CADASTRO DE FORNECEDORES', '040.1'),
(148, 'BENS IMÓVEIS', '041'),
(149, 'FORNECIMENTO E MANUTENÇÃO DE SERVIÇOS BÁSICOS', '041.1'),
(150, 'ÁGUA E ESGOTO', '041.11'),
(151, 'LUZ', '041.12'),
(152, 'CONDOMÍNIO', '041.2'),
(153, 'AQUISIÇÃO', '041.3'),
(154, 'COMPRA', '041.31'),
(155, 'CEDÊNCIA', '041.32'),
(156, 'DOAÇÃO', '041.33'),
(157, 'PERMUTA. TROCA', '041.34'),
(158, 'ALUGUER. LOCAÇÃO. ARRENDAMENTO. CONTRATO. COMODATO. USUFRUTO', '041.35'),
(159, 'ALIENAÇÃO', '041.4'),
(160, 'VENDA', '041.41'),
(161, 'PERMUTA', '041.44'),
(162, 'DESAPROPRIAÇÃO. DESPEJO. REATRIBUIÇÃO. REIVINDICAÇÃO DE DOMÍNIO. ABATE', '041.45'),
(163, 'OUTRAS FORMAS DE AQUISIÇÃO', '041.49'),
(164, 'OBRAS', '041.5'),
(165, 'CONSTRUÇÃO', '041.51'),
(166, 'REABILITAÇÃO', '041.52'),
(167, 'RECUPERAÇÃO', '041.53'),
(168, 'RESTAURAÇÃO', '041.54'),
(169, 'MANUTENÇÃO E REPARAÇÃO DE IMÓMEIS. (inclusive licitação', '041.6'),
(170, 'MANUTENÇÃO DE ELEVADORES', '041.61'),
(171, 'MANUTENÇÃO DE AR CONDICIONADO', '041.62'),
(172, 'MANUTENÇÃO DE SUBESTAÇÃO E GERADORES', '041.63'),
(173, 'LIMPEZA. IMUNIZAÇÃO. DESINFESTAÇÃO. JARDINAGEM', '041.64'),
(174, 'OUTROS SERVIÇOS DE MANUTENÇÃO', '041.69'),
(175, 'OUTROS ASSUNTOS REFERENTES A BENS IMÓVEIS', '041.9'),
(176, 'CONTROLO DE ENTRADAS E SAÍDAS (de bens e pessoas)', '041.91'),
(177, 'MUDANÇAS', '041.92'),
(178, 'PARA OUTROS IMÓVEIS', '041.93'),
(179, 'DENTRO DO MESMO IMÓVEL', '041.94'),
(180, 'USO DE DEPENDÊNCIAS, TERRAÇOS E CAVES', '041.95'),
(181, 'BENS MÓVEIS', '042'),
(182, 'TRANSPORTES', '042.1'),
(183, 'COMPRA DE BENS E IMOVEIS', '042.21'),
(184, 'ALUGUER DE BENS E IMOVEIS', '042.22'),
(185, 'CEDÊNCIA. DOAÇÃO. PERMUTA. TRANSFERÊNCIA', '042.23'),
(186, 'REGISTO. LICENCIAMENTO', '042.3'),
(187, 'ALIENAÇÃO. LICITAÇÃO', '042.4'),
(188, 'VENDA. LEILÃO. ABATE', '042.41'),
(189, 'COMBUSTÍVEIS E LUBRIFICANTES. LIMPEZA. MANUTENÇÃO E REPARAÇÃO DE MÓVEIS', '042.42'),
(190, 'ACIDENTES. INFRACÇÕES. MULTAS', '042.5'),
(191, 'OUTROS ASSUNTOS REFERENTES A MÓVEIS', '042.9'),
(192, 'CONTROLO DE USO DE TRANSPORTES', '042.91'),
(193, 'INVENTÁRIO', '042.911'),
(194, 'INVENTÁRIO DE BENS MÓVEIS', '042.912'),
(195, 'AUTORIZAÇÃO PARA USO FORA DO HORÁRIO DE EXPEDIENTE', '042.913'),
(196, 'PARQUEAMENTO. GARAGEM', '042.914'),
(197, 'BENS MATERIAIS', '043'),
(198, 'MATERIAL DURADOURO', '043.1'),
(199, 'AQUISIÇÃO DE BENS MATERIAIS', '043.11'),
(200, 'COMPRA DE BENS MATERIAIS', '043.111'),
(201, 'LICITAÇÃO DE BENS MATERIAS', '043.112'),
(202, 'ALUGUER. COMODATO. LEASING', '043.113'),
(203, 'CEDÊNCIA. EMPRÉSTIMO', '043.114'),
(204, 'PERMUTA. TROCA DE BENS MATERIAIS', '043.115'),
(205, 'TRANSFERÊNCIA. DOAÇÃO', '043.116'),
(206, 'REVERSÃO. HERANÇA', '043.117'),
(207, 'FABRICO. PRODUÇÂO', '043.118'),
(208, 'OUTRAS FORMAS DE AQUISIÇÃO DE BENS MATERIAIS', '043.119'),
(209, 'MATERIAL NÃO DURADOURO', '043.2'),
(210, 'COMPRA DE MATERIAL NÃO DURADOURO', '043.21'),
(211, 'CEDÊNCIA. DOAÇÃO. PERMUTA DE MATEIAL NÃO DURADOURO', '043.22'),
(212, 'CONFECÇÃO DE IMPRESSOS', '043.23'),
(213, 'MOVIMENTAÇÃO DE MATERIAL (duradouro e não duradouro)', '043.3'),
(214, 'TERMOS DE RESPONSABILIDADE', '043.31'),
(215, 'CONTROLO DE STOCK', '043.32'),
(216, 'EXTRAVIO. ROUBO. DESAPARECIMENTO', '043.33'),
(217, 'TRANSPORTE DE MATERIAL', '043.34'),
(218, 'AUTORIZAÇÃO DE SAÍDA DE MATERIAL. BAIXA (material duradouro e não duradouro', '043.35'),
(219, 'ARMAZENAMENTO. DEPÓSITO', '043.36'),
(220, 'ALIENAÇÃO. ABATE', '043.4'),
(221, 'VENDA. LEILÃO. HASTA-PÚBLICA', '043.41'),
(222, 'REQUISIÇÃO E CONTRATAÇÃO DE SERVIÇOS (inclusive licitação)', '043.5'),
(223, 'SERVIÇOS INTERNOS', '043.511'),
(224, '043.512', 'SERVIÇOS EXTERNOS'),
(225, 'INVENTÁRIO DE MATERIAL NAO DURADOURO', '043.6'),
(226, 'OUTROS ASSUNTOS REFERENTES A MATERIAL', '043.9'),
(227, 'ESPECIFICAÇÃO. PADRONIZAÇÃO. CODIFICAÇÃO. PREVISÃO', '043.91'),
(228, 'IDENTIFICAÇÃO. CLASSIFICAÇÃO. CATALOGAÇÃO. CATÁLOGO', '043.92'),
(229, 'SERVIÇOS DE REPROGRAFIA', '043.93'),
(230, 'REQUISIÇÃO DE MATERIAL NÃO DURADOURO', '043.931'),
(231, 'CONTROLO DE MATERIAL NÃO DURADOURO', '043.932'),
(232, 'OUTROS ASSUNTOS REFERENTES A PATRIMÓNIO', '049'),
(233, 'GUARDA E SEGURANÇA. GUARNIÇÃO. SENTINELA. PLANTÃO', '049.1'),
(234, 'SEGUROS (OUTROS ASSUNTOS REFERENTES A PATRIMÓNIO)', '049.11'),
(235, 'PREVENÇÃO E COMBATE AO INCÊNDIO. BOMBEIROS', '049.12'),
(236, 'SINISTRO', '049.13'),
(237, 'VISTORIAS. SINDICÂNCIAS. PERÍCIAS TÉCNICAS', '049.14'),
(238, 'DOCUMENTAÇÃO E INFORMAÇÃO', '050'),
(239, 'PUBLICAÇÃO DE MATÉRIAS', '050.1'),
(240, 'NO BOLETIM DA REPÚBLICA', '050.11'),
(241, 'PUBLICAÇÃO DE MATÉRIAS EM LIVROS', '050.12'),
(242, 'PUBLICAÇÃO DE MATÉRIAS EM REVISTAS E JORNAIS', '050.13'),
(243, 'PUBLICAÇÃO DE MATÉRIAS NACIONAIS', '050.131'),
(244, 'PUBLICAÇÃO DE MATÉRIAS INTERNACIONAIS', '050.132'),
(245, 'PUBLICAÇÃO DE MATÉRIAS EM OUTROS PERIÓDICOS', '050.2'),
(246, 'PRODUÇÃO EDITORIAL', '051'),
(247, 'COMPOSIÇÃO. REVISÃO', '051.1'),
(248, 'DISTRIBUIÇÃO. PROMOÇÃO. DIVULGAÇÃO', '051.2'),
(249, 'SERVIÇOS GRÁFICOS', '051.3'),
(250, 'DOCUMENTAÇÃO ARQUIVÍSTICA', '052'),
(251, 'LEGISLAÇÃO E REGULAMENTAÇÃO. POLÍTICA E SISTEMA NACIONAL DE ARQUIVOS. POLÍTICA DE ACESSO AOS DOCUMENTOS DE ARQUIVO', '052.1'),
(252, 'RELAÇÃO, FILIAÇÃO E PARCERIA COM O CONSELHO INTERNACIONAL DE ARQUIVOS E INSTITUIÇÕES CONGÉNERES', '052.2'),
(253, 'GESTÃO DE DOCUMENTOS', '052.3'),
(254, 'NORMAS E MANUAIS', '052.31'),
(255, 'PRODUÇÃO DOCUMENTAL. LEVANTAMENTO. DIAGNÓSTICO. FLUXO', '052.32'),
(256, 'PROTOCOLO: recepção, tramitação, expedição, classificação e arquivamento.', '052.33'),
(257, 'CLASSIFICAÇÃO DE DOCUMENTOS. CÓDIGO DE CLASSIFICAÇÃO', '052.34'),
(258, 'CLASSIFICAÇÃO QUANTO AO GÉNERO', '052.341'),
(259, 'CLASSIFICAÇÃO QUANTO À ESPÉCIE', '052.342'),
(260, 'CLASSIFICAÇÃO QUANTO À NATUREZA DO ASSUNTO', '052.343'),
(261, 'MÉTODOS DE ARQUIVAMENTO', '052.35'),
(262, 'DESTINAÇÃO DE DOCUMENTOS', '052.4'),
(263, 'ANÁLISE. AVALIAÇÃO. SELECÇÃO', '052.41'),
(264, 'TABELA DE TEMPORALIDADE', '052.411'),
(265, 'ELIMINAÇÃO', '052.42'),
(266, 'AUTOS, LISTAS E EDITAIS DE ELIMINAÇÃO', '052.421'),
(267, 'TRANSFERÊNCIA. RECOLHA', '052.43'),
(268, 'GUIAS E TERMOS DE TRANSFERÊNCIA', '052.431'),
(269, 'GUIAS, RELAÇÕES E TERMOS DE RECOLHA', '052.432'),
(270, 'LISTAGENS DESCRITIVAS DO ACERVO', '052.433'),
(271, 'CONSULTAS. EMPRÉSTIMOS', '052.44'),
(272, 'ASSESSORIA E ASSITÊNCIA TÉCNICA', '052.45'),
(273, 'GESTÃO DE DOCUMENTOS ELECTRÓNICOS. INFORMÁTICA', '053'),
(274, 'IDENTIFICAÇÃO. DESCRIÇÃO', '053.1'),
(275, 'PLANOS E PROJECTOS', '053.2'),
(276, 'PROGRAMAS. SISTEMAS. REDES', '053.3'),
(277, 'MANUAIS TÉCNICOS', '053.31'),
(278, 'MANUAIS DO UTILIZADOR', '053.32'),
(279, 'SOFTWARE. HARDRWARE. DISCOS E DISQUETES', '053.33'),
(280, 'DIGITALIZAÇÃO. INFORMATIZAÇÃO', '053.4'),
(281, 'AUTENTICIDADE. SISTEMA DE SEGURANÇA', '053.5'),
(282, 'ASSISTÊNCIA TÉCNICA', '053.6'),
(283, 'DOCUMENTAÇÃO BIBLIOGRÁFICA (livros,periódicos, folhetos e audiovisuais).', '054'),
(284, 'NORMAS E MANUAIS DE DOCUMENTAÇÃO BIBLIOGRÁFICA', '054.1'),
(285, 'AQUISIÇÃO (no país e no estrangeiro).DE DOCUMENTAÇÃO BIBLIOGRÁFICA', '054.2'),
(286, 'COMPRA DE DOCUMENTAÇÃO BIBLIOGRÁFICA', '054.21'),
(287, 'DOAÇÃO DE DOCUMENTAÇÃO BIBLIOGRÁFICA', '054.22'),
(288, 'PERMUTADO DE DOCUMENTAÇÃO BIBLIOGRÁFICA', '054.23'),
(289, 'DOCUMENTAÇÃO BIBLIOGRÁFICA DE REGISTO', '054.3'),
(290, 'CATALOGAÇÃO. CLASSIFICAÇÃO. INDEXAÇÃO', '054.4'),
(291, 'REFERÊNCIA E CIRCULAÇÃO DE DOCUMENTAÇÃO BIBLIOGRÁFICA', '054.5'),
(292, 'CONSULTA. EMPRÉSTIMO', '054.51'),
(293, 'INVENTÁRIO. BAIXA DE DOCUMENTAÇÃO BIBLIOGRÁFICA', '054.52'),
(294, 'INTERCÂMBIOS ENTRE BIBLIOTECAS', '054.53'),
(295, 'HORÁRIO DA BIBLIOTECA', '054.54'),
(296, 'PEDIDO E ATRIBUIÇÃO DE CARTÃO DE LEITOR', '054.55'),
(297, 'RENOVAÇÃO DE CARTOES DE LEITOR', '054.56'),
(298, 'ASSISTÊNCIA TÉCNICA DE DOCUMENTACAO BIBLIOGRAFICA', '054.57'),
(299, 'DOCUMENTAÇÃO MUSELÓGICA', '055'),
(300, 'CONSERVAÇÃO E PRESERVAÇÃO DE DOCUMENTOS. REPRODUÇÃO DE DOCUMENTOS', '056'),
(301, 'DESINFESTAÇÃO. HIGIENIZAÇÃO DE DOCUMENTACAO MUSEOLÓGICA', '056.1'),
(302, 'ARMAZENAMENTO. DEPÓSITO DE DOCUMENTAÇÃO MUSELÓGICA', '056.2'),
(303, 'RESTAURAÇÃO. ENCADERNAÇÃO DE DOCUMENTAÇÃO MUSELÓGICA', '056.3'),
(304, 'SISTEMA DE PREVENÇÃO E DETECÇÃO DE INCÊNDIOS. CORTA-FOGOS', '056.4'),
(305, 'MICROFILMAGEM. REPROGRAFIA', '056.6'),
(306, 'OUTROS ASSUNTOS REFERENTES À DOCUMENTAÇÃO E INFORMAÇÃO', '059'),
(307, 'COMUNICAÇÕES', '060'),
(308, 'SERVIÇO POSTAL', '061'),
(309, 'SERVIÇO DE ENVIO E ENTREGA EXPRESSA', '061.1'),
(310, 'NACIONAL-SERVICO POSTAL', '061.11'),
(311, 'INTERNACIONAL-SERVIÇO POSTAL', '061.12'),
(312, 'OUTROS SERVIÇOS POSTAIS', '061.9'),
(313, 'SERVIÇO TELEFÓNICO. FAX. TELEMÓVEL', '062'),
(314, 'INSTALAÇÃO. TRANSFERÊNCIA. MANUTENÇÃO. REPARAÇÃO', '062.1'),
(315, 'LIGAÇÕES. OBTENÇÃO DE COMUNICAÇÃO AUTOMÁTICA', '062.2'),
(316, 'URBANAS-SERVIÇO TELEFÓNICO. FAX. TELEMÓVEL', '062.21'),
(317, 'INTERURBANAS-SERVIÇO TELEFÓNICO. FAX. TELEMÓVEL', '062.22'),
(318, 'REGIONAIS-SERVIÇO TELEFÓNICO. FAX. TELEMÓVEL', '062.23'),
(319, 'TEMPORIZAÇÃO E CUSTOS DE CHAMADAS', '062.25'),
(320, 'NO POSTO DO ASSINANTE', '062.251'),
(321, 'NO POSTO PÚBLICO', '062.252'),
(322, 'CÓDIGOS DE ACESSO. INDICATIVOS DE ACESSO', '062.26'),
(323, 'SERVIÇOS DE URGÊNCIA E DE UTILIDADE PÚBLICA', '062.3'),
(324, 'REGULAMENTOS DE SERVIÇOS TELEFÓNICOS', '062.4'),
(325, 'CONTAS TELEFÓNICAS. FACTURAÇÃO', '062.5'),
(326, 'PAGAMENTOS DE SERVIÇO TELEFÓNICO. FAX. TELEMÓVEL', '062.51'),
(327, 'RECLAMAÇÕES DE SERVIÇO TELEFÓNICO. FAX. TELEMÓVEL', '062.52'),
(328, 'PEDIDOS DE PAGAMENTO EM PRESTAÇÕES', '062.53'),
(329, 'SERVIÇO DE TRANSMISSÃO DE DADOS, VOZ E IMAGEM.', '062.6'),
(330, 'LISTAS TELEFÓNICAS', '062.7'),
(331, 'SERVIÇO DE TELEX', '063'),
(332, 'INSTALAÇÃO. MANUTENÇÃO. REPARAÇÃO DE SERVICO DE TELEFAX', '063.1'),
(333, 'SERVIÇO DE RÁDIO', '064'),
(334, 'INSTALAÇÃO. MANUTENÇÃO. REPARAÇÃO  DE SERVIÇO DE RÁDIO', '064.1'),
(335, 'OUTROS ASSUNTOS REFERENTES À COMUNICAÇÕES', '069'),
(336, 'VAGA', '070'),
(337, 'VAGA 1', '080'),
(338, 'OUTROS ASSUNTOS REFERENTES À ADMINISTRAÇÃO GERAL', '090'),
(339, 'ACÇÕES JUDICIAIS', '091'),
(340, '900', 'ASSUNTOS DIVERSOS'),
(341, 'SOLENIDADES. COMEMORAÇÕES. HOMENAGENS DISCURSOS. PALESTRAS', '910'),
(342, 'CONGRESSOS. CONFERÊNCIAS. SEMINÁRIOS. SIMPÓSIOS. ENCONTROS. CONVENÇÕES. CICLOS DE PALESTRAS. WORKSHOPS. MESAS REDONDAS', '920'),
(343, 'PROMOVIDOS PELO ÓRGÃO', '921'),
(344, 'NO TERRITÓRIO NACIONAL-ASSUNTOS DIVERSOS', '921.1'),
(345, 'PROMOVIDOS POR OUTROS ÓRGÃOS', '922'),
(346, 'NO TERRITÓRIO NACIONAL-PROMOVIDOS POR OUTROS ÓRGÃOS', '922.1'),
(347, 'NO ESTRANGEIRO-PROMOVIDOS POR OUTROS ÓRGÃOS', '922.2'),
(348, 'FEIRAS. SALÕES. EXPOSIÇÕES. MOSTRAS. CONCURSOS. FESTAS', '930'),
(349, 'VISITAS E VISITANTES', '940'),
(350, 'VAGA 2', '950'),
(351, 'VAGA 3', '960'),
(352, 'VAGA 4', '970'),
(353, 'VAGA 5', '980'),
(354, 'ASSUNTOS TRANSITÓRIOS', '990'),
(355, 'APRESENTAÇÃO. RECOMENDAÇÃO', '991'),
(356, 'AVISOS. COMUNICADOS E INFORMES', '992'),
(357, 'AGRADECIMENTOS. CONVITES. FELICITAÇÕES. CONDOLÊNCIAS', '993'),
(358, 'PROTESTOS. REIVINDICAÇÕES. SUGESTÕES', '994'),
(359, 'PEDIDOS, OFERTAS E INFORMAÇÕES DIVERSAS', '995'),
(360, 'ASSOCIAÇÕES', '996'),
(361, 'ASSOCIAÇÕES  CULTURAIS', '996.1'),
(362, 'ASSOCIAÇÕES DE AMIGOS', '996.2'),
(363, 'ASSOCIAÇÕES  DE FUNCIONÁRIOS', '996.3');

-- --------------------------------------------------------

--
-- Estrutura da tabela `clientes`
--

CREATE TABLE `clientes` (
  `idClientes` int(11) NOT NULL,
  `nomeCliente` varchar(255) NOT NULL,
  `sexo` varchar(20) DEFAULT NULL,
  `pessoa_fisica` tinyint(1) NOT NULL DEFAULT '1',
  `documento` varchar(20) NOT NULL,
  `telefone` varchar(20) NOT NULL,
  `celular` varchar(20) DEFAULT NULL,
  `email` varchar(100) NOT NULL,
  `dataCadastro` date DEFAULT NULL,
  `rua` varchar(70) DEFAULT NULL,
  `numero` varchar(15) DEFAULT NULL,
  `bairro` varchar(45) DEFAULT NULL,
  `cidade` varchar(45) DEFAULT NULL,
  `estado` varchar(20) DEFAULT NULL,
  `cep` varchar(20) DEFAULT NULL
) ENGINE=InnoDB DEFAULT CHARSET=latin1;

--
-- Extraindo dados da tabela `clientes`
--

INSERT INTO `clientes` (`idClientes`, `nomeCliente`, `sexo`, `pessoa_fisica`, `documento`, `telefone`, `celular`, `email`, `dataCadastro`, `rua`, `numero`, `bairro`, `cidade`, `estado`, `cep`) VALUES
(2, 'Neide Chissico', NULL, 1, 'Armando', '41451512', '54132', 'chissiconeyd@gmail.com', '2017-09-10', 'asdas', '4665132', 'Armando', 'Armando', 'Armando', '4196532'),
(3, 'Cliente', NULL, 1, 'Cliente', 'Cliente', 'Cliente', 'Cliente@gmail.com', '2017-09-23', 'Cliente', 'Cliente', 'Cliente', 'Cliente', 'Cliente', 'Cliente'),
(4, 'Neide Chissico', NULL, 1, 'assa', 'asd', 'asdsa', 'asdasassa@gmail.com', '2017-10-11', 'asdas', 'asdas', 'asdas', 'assa', 'sadsa', 'assd');

-- --------------------------------------------------------

--
-- Stand-in structure for view `consultarcargo`
-- (See below for the actual view)
--
CREATE TABLE `consultarcargo` (
`nomeCargo` varchar(45)
,`nomeDestinatario` varchar(45)
,`idDestinatario` int(11)
);

-- --------------------------------------------------------

--
-- Estrutura da tabela `contas`
--

CREATE TABLE `contas` (
  `idContas` int(11) NOT NULL,
  `conta` varchar(45) DEFAULT NULL,
  `banco` varchar(45) DEFAULT NULL,
  `numero` varchar(45) DEFAULT NULL,
  `saldo` decimal(10,2) DEFAULT NULL,
  `cadastro` date DEFAULT NULL,
  `status` tinyint(1) DEFAULT NULL,
  `tipo` varchar(80) DEFAULT NULL
) ENGINE=InnoDB DEFAULT CHARSET=latin1;

-- --------------------------------------------------------

--
-- Estrutura da tabela `correspondencia`
--

CREATE TABLE `correspondencia` (
  `idCorrespondencia` int(11) NOT NULL,
  `verUnicidadeCorre` varchar(45) NOT NULL DEFAULT 'Campo diferente',
  `numCorrespondencia` varchar(100) NOT NULL DEFAULT 'Campo diferente',
  `categoria` varchar(200) NOT NULL,
  `prioridade` varchar(200) NOT NULL,
  `tipoDoc` varchar(45) DEFAULT NULL,
  `codigoAssunto` varchar(45) DEFAULT NULL,
  `refProv` int(11) DEFAULT NULL,
  `refRec` varchar(200) DEFAULT 'Campo diferente',
  `proviniencia` varchar(200) NOT NULL,
  `tipoProviniencia` varchar(45) DEFAULT NULL,
  `origem` varchar(45) NOT NULL,
  `assunto` tinytext NOT NULL,
  `file` varchar(100) DEFAULT NULL,
  `path` varchar(300) DEFAULT NULL,
  `url` varchar(300) DEFAULT NULL,
  `dataEmissao` date NOT NULL,
  `observacao` text,
  `observacaoTra` text NOT NULL,
  `observacaoDes` text NOT NULL,
  `direcao` varchar(45) DEFAULT NULL,
  `departamento` varchar(45) DEFAULT NULL,
  `reparticao` varchar(45) DEFAULT NULL,
  `usuarioId` varchar(11) NOT NULL,
  `destino` varchar(200) DEFAULT 'Nulo',
  `estadoVer` varchar(45) NOT NULL,
  `estadoTra` varchar(45) NOT NULL,
  `estadoDes` varchar(45) NOT NULL,
  `estadoPar` varchar(45) NOT NULL,
  `dataFinal` date DEFAULT NULL
) ENGINE=InnoDB DEFAULT CHARSET=latin1;

--
-- Extraindo dados da tabela `correspondencia`
--

INSERT INTO `correspondencia` (`idCorrespondencia`, `verUnicidadeCorre`, `numCorrespondencia`, `categoria`, `prioridade`, `tipoDoc`, `codigoAssunto`, `refProv`, `refRec`, `proviniencia`, `tipoProviniencia`, `origem`, `assunto`, `file`, `path`, `url`, `dataEmissao`, `observacao`, `observacaoTra`, `observacaoDes`, `direcao`, `departamento`, `reparticao`, `usuarioId`, `destino`, `estadoVer`, `estadoTra`, `estadoDes`, `estadoPar`, `dataFinal`) VALUES
(1, 'ATESTADO Nº 1/DNAM/18', 'ATESTADO Nº 1/001.2/DNAM/18', 'Entrada', 'Urgente', 'ATESTADO', '001.2', 1, '1/GM/18', 'DNAM', 'Interna', 'GM', 'RACIONALIZAÇÃO. DESCENTRALIZAÇÃO E DESCONCENTRAÇÃO DE ESTRUTURAS', 'cf2604bc10f33a5f813bad790dfbe2c0.pdf', 'C:/xampp/htdocs/sigdoc/assets/arquivos/05-05-2018/cf2604bc10f33a5f813bad790dfbe2c0.pdf', 'http://127.0.0.1/sigdoc/assets/arquivos/05-05-2018/cf2604bc10f33a5f813bad790dfbe2c0.pdf', '2018-05-05', 'RACIONALIZAÇÃO. DESCENTRALIZAÇÃO E DESCONCENTRAÇÃO DE ESTRUTURAS', '', '', '19', '', '', 'Administrad', 'Nulo', 'NAO', 'NAO', 'NAO', 'NAO', NULL),
(2, 'ATA Nº 2/DRH/18', 'ATA Nº 2/019.01/DRH/18', 'Saida', 'Muito Urgente', 'ATA', '019.01', 2, '2/GM/18', 'DRH', 'Interna', 'GM', 'INFORMAÇÕES SOBRE O ÓRGÃO', '6de24921597ba347f28ed8dcc4514250.pdf', 'C:/xampp/htdocs/sigdoc/assets/arquivos/05-05-2018/6de24921597ba347f28ed8dcc4514250.pdf', 'http://127.0.0.1/sigdoc/assets/arquivos/05-05-2018/6de24921597ba347f28ed8dcc4514250.pdf', '2018-05-05', 'INFORMAÇÕES SOBRE O ÓRGÃO', '', '', '18', '', '', 'Administrad', 'Nulo', 'NAO', 'NAO', 'NAO', 'NAO', NULL),
(3, 'ATA Nº 3/MINED/18', 'ATA Nº 3/001.2/MINED/18', 'Entrada', 'Muito Urgente', 'ATA', '001.2', 3, '3/GM/18', 'MINED', 'Externa', 'GM', 'INFORMAÇÕES SOBRE O ÓRGÃO', 'b2e0ceedfc819159fe0aafc7f8d033ed.pdf', 'C:/xampp/htdocs/sigdoc/assets/arquivos/05-05-2018/b2e0ceedfc819159fe0aafc7f8d033ed.pdf', 'http://127.0.0.1/sigdoc/assets/arquivos/05-05-2018/b2e0ceedfc819159fe0aafc7f8d033ed.pdf', '2018-05-05', 'INFORMAÇÕES SOBRE O ÓRGÃO', '', '', NULL, NULL, NULL, 'Administrad', 'Nulo', 'NAO', 'NAO', 'NAO', 'NAO', NULL);

-- --------------------------------------------------------

--
-- Estrutura da tabela `corre_arquivados`
--

CREATE TABLE `corre_arquivados` (
  `idCorre_arquivados` int(11) NOT NULL,
  `idCorrespondencia` int(11) NOT NULL,
  `observacao` varchar(300) NOT NULL
) ENGINE=InnoDB DEFAULT CHARSET=latin1;

-- --------------------------------------------------------

--
-- Estrutura da tabela `corre_sigiloso`
--

CREATE TABLE `corre_sigiloso` (
  `idCorre_sigiloso` int(200) NOT NULL,
  `categoria` varchar(200) NOT NULL,
  `tipoProviniencia` varchar(200) NOT NULL,
  `proviniencia` varchar(200) NOT NULL,
  `dataEmissao` varchar(200) NOT NULL,
  `observacao` text NOT NULL,
  `prioridade` varchar(200) NOT NULL,
  `usuarioId` varchar(200) NOT NULL,
  `origem` varchar(200) NOT NULL,
  `numCorrespondencia` varchar(200) NOT NULL,
  `destinatarioId` int(11) NOT NULL
) ENGINE=InnoDB DEFAULT CHARSET=latin1;

--
-- Extraindo dados da tabela `corre_sigiloso`
--

INSERT INTO `corre_sigiloso` (`idCorre_sigiloso`, `categoria`, `tipoProviniencia`, `proviniencia`, `dataEmissao`, `observacao`, `prioridade`, `usuarioId`, `origem`, `numCorrespondencia`, `destinatarioId`) VALUES
(1, 'Entrada', 'Externa', 'MICULTUR', '2018-04-30', 'REFORMA   DO  SECTOR  PÚBLICO.  MODERNIZAÇÃO DO APARELHO DO ESTADO.  REFORMA ADMINISTRATIVA', 'Urgente', 'Administrador', 'GM', 'sigiloso-MICULTUR/18', 1),
(2, 'Entrada', 'Interna', 'DRH', '2018-04-30', 'RACIONALIZAÇÃO. DESCENTRALIZAÇÃO E DESCONCENTRAÇÃO DE ESTRUTURAS', 'Urgente', 'Administrador', 'GM', 'sigiloso-DRH/18', 2),
(3, 'Entrada', 'Externa', 'MICULTUR', '2018-04-30', 'RACIONALIZAÇÃO. DESCENTRALIZAÇÃO E DESCONCENTRAÇÃO DE ESTRUTURAS', 'Muito Urgente', 'Administrador', 'GM', 'sigiloso-MICULTUR/18', 1),
(4, 'Entrada', 'Externa', 'MINED', '2018-04-30', 'RACIONALIZAÇÃO. DESCENTRALIZAÇÃO E DESCONCENTRAÇÃO DE ESTRUTURAS', 'Normal', 'Administrador', 'GM', 'sigiloso-MINED/18', 3);

-- --------------------------------------------------------

--
-- Estrutura da tabela `departamento`
--

CREATE TABLE `departamento` (
  `idDepartamento` int(11) NOT NULL,
  `nomeDepartamento` varchar(45) DEFAULT NULL,
  `abrevDepartamento` varchar(45) DEFAULT NULL,
  `contactoDepartamento` varchar(45) DEFAULT NULL,
  `emailDepartamento` varchar(45) DEFAULT NULL,
  `responsavelDepartamento` varchar(45) DEFAULT NULL,
  `direcaoId` int(11) DEFAULT NULL,
  `dataCadastro` varchar(45) DEFAULT NULL
) ENGINE=InnoDB DEFAULT CHARSET=latin1;

--
-- Extraindo dados da tabela `departamento`
--

INSERT INTO `departamento` (`idDepartamento`, `nomeDepartamento`, `abrevDepartamento`, `contactoDepartamento`, `emailDepartamento`, `responsavelDepartamento`, `direcaoId`, `dataCadastro`) VALUES
(1, 'TECNOLOGIAS DE INFORMACAO E COMUNICACAO', 'DTIC', '103', 'dtic@misau.gov.mz', 'Momad', 16, NULL),
(2, 'DEPARTAMENTO DOS RECURSOS HUMANOS', 'DRH', '474', 'drH@misau.gov.mz', 'Anonimo', 18, NULL);

-- --------------------------------------------------------

--
-- Estrutura da tabela `destinatario`
--

CREATE TABLE `destinatario` (
  `idDestinatario` int(11) NOT NULL,
  `nomeDestinatario` varchar(45) DEFAULT NULL,
  `cargoId` int(11) DEFAULT NULL
) ENGINE=InnoDB DEFAULT CHARSET=latin1;

--
-- Extraindo dados da tabela `destinatario`
--

INSERT INTO `destinatario` (`idDestinatario`, `nomeDestinatario`, `cargoId`) VALUES
(1, 'Momad Sumalgy', 1),
(2, 'Armando Mavie', 3),
(3, 'Julia Chiluvane', 3);

-- --------------------------------------------------------

--
-- Estrutura da tabela `direcao`
--

CREATE TABLE `direcao` (
  `idDirecao` int(11) NOT NULL,
  `nomeDirecao` varchar(45) NOT NULL,
  `abrevDirecao` varchar(45) DEFAULT NULL,
  `contactoDirecao` varchar(45) DEFAULT NULL,
  `emailDirecao` varchar(45) DEFAULT NULL,
  `responsavelDirecao` varchar(45) DEFAULT NULL,
  `dataCadastro` date NOT NULL
) ENGINE=InnoDB DEFAULT CHARSET=latin1;

--
-- Extraindo dados da tabela `direcao`
--

INSERT INTO `direcao` (`idDirecao`, `nomeDirecao`, `abrevDirecao`, `contactoDirecao`, `emailDirecao`, `responsavelDirecao`, `dataCadastro`) VALUES
(16, 'GABINETE DA MINISTRO', 'GM', '815', 'gm@misau.gov.mz', 'Nazira Abula', '0000-00-00'),
(17, 'DIRECÇÃO NACIONAL DE SAÚDE PUBLICA', 'DNSP', '193', 'dnsp@misau.gov.mz', 'anonimo', '0000-00-00'),
(18, 'DIRECCAO DOS RECURSOS HUMANOS', 'DRH', '231', 'drh@misau.gov.mz', 'Dr. Norton Pinto', '0000-00-00'),
(19, 'DIRECÇÃO NACIONAL DE ASSISTENCIA MEDICA', 'DNAM', '439', 'dnam@misau.gov.mz', 'Dr. USSENE HILARIO ISSE', '0000-00-00'),
(20, 'DIRECCÃO DE PLANIFICAÇÃO E COOPERACAO', 'DPC', '0', 'dpc@misau.gov.mz', 'LIDIA CHONGO', '0000-00-00'),
(21, 'DIRECÇÃO ADMINISTRACAO E FINANCIAS', 'DAF', '108', 'daf@misau.gov.mz', 'Dr. MULHOVO', '0000-00-00');

-- --------------------------------------------------------

--
-- Estrutura da tabela `documentos`
--

CREATE TABLE `documentos` (
  `idDocumentos` int(11) NOT NULL,
  `documento` varchar(70) DEFAULT NULL,
  `descricao` text,
  `file` varchar(100) DEFAULT NULL,
  `path` varchar(300) DEFAULT NULL,
  `url` varchar(300) DEFAULT NULL,
  `cadastro` date DEFAULT NULL,
  `categoria` varchar(80) DEFAULT NULL,
  `tipo` varchar(15) DEFAULT NULL,
  `tamanho` varchar(45) DEFAULT NULL
) ENGINE=InnoDB DEFAULT CHARSET=latin1;

-- --------------------------------------------------------

--
-- Estrutura da tabela `emitente`
--

CREATE TABLE `emitente` (
  `id` int(11) NOT NULL,
  `nome` varchar(255) DEFAULT 'MINISTÉRIO DA SAÚDE',
  `extensao` int(11) DEFAULT NULL,
  `telefone` varchar(20) DEFAULT NULL,
  `email` varchar(255) DEFAULT NULL,
  `ie` varchar(50) DEFAULT NULL,
  `rua` varchar(70) DEFAULT NULL,
  `numero` varchar(15) DEFAULT NULL,
  `bairro` varchar(45) DEFAULT NULL,
  `cidade` varchar(45) DEFAULT NULL,
  `uf` varchar(20) DEFAULT NULL,
  `url_logo` varchar(225) DEFAULT NULL
) ENGINE=InnoDB DEFAULT CHARSET=latin1;

--
-- Extraindo dados da tabela `emitente`
--

INSERT INTO `emitente` (`id`, `nome`, `extensao`, `telefone`, `email`, `ie`, `rua`, `numero`, `bairro`, `cidade`, `uf`, `url_logo`) VALUES
(1, 'MINISTÉRIO DA SAÚDE', 193, '1111111111', 'gm@misau.gov.mz', 'Eduardo Modlane', 'Eduardo Modlane', '4', 'Armando', 'Armando', 'Armando', 'http://172.16.244.50/sigdoc/assets/uploads/e251ccec3263b110737af940317da3b2.png');

-- --------------------------------------------------------

--
-- Estrutura da tabela `equipamentos`
--

CREATE TABLE `equipamentos` (
  `idEquipamentos` int(11) NOT NULL,
  `equipamento` varchar(150) NOT NULL,
  `num_serie` varchar(80) DEFAULT NULL,
  `modelo` varchar(80) DEFAULT NULL,
  `cor` varchar(45) DEFAULT NULL,
  `descricao` varchar(150) DEFAULT NULL,
  `tensao` varchar(45) DEFAULT NULL,
  `potencia` varchar(45) DEFAULT NULL,
  `voltagem` varchar(45) DEFAULT NULL,
  `data_fabricacao` date DEFAULT NULL,
  `marcas_id` int(11) DEFAULT NULL,
  `clientes_id` int(11) DEFAULT NULL
) ENGINE=InnoDB DEFAULT CHARSET=latin1;

-- --------------------------------------------------------

--
-- Estrutura da tabela `equipamentos_os`
--

CREATE TABLE `equipamentos_os` (
  `idEquipamentos_os` int(11) NOT NULL,
  `defeito_declarado` varchar(200) DEFAULT NULL,
  `defeito_encontrado` varchar(200) DEFAULT NULL,
  `solucao` varchar(45) DEFAULT NULL,
  `equipamentos_id` int(11) DEFAULT NULL,
  `os_id` int(11) DEFAULT NULL
) ENGINE=InnoDB DEFAULT CHARSET=latin1;

-- --------------------------------------------------------

--
-- Estrutura da tabela `itens_de_vendas`
--

CREATE TABLE `itens_de_vendas` (
  `idItens` int(11) NOT NULL,
  `subTotal` varchar(45) DEFAULT NULL,
  `quantidade` int(11) DEFAULT NULL,
  `vendas_id` int(11) NOT NULL,
  `produtos_id` int(11) NOT NULL
) ENGINE=InnoDB DEFAULT CHARSET=latin1;

-- --------------------------------------------------------

--
-- Estrutura da tabela `lancamentos`
--

CREATE TABLE `lancamentos` (
  `idLancamentos` int(11) NOT NULL,
  `descricao` varchar(255) DEFAULT NULL,
  `valor` varchar(15) NOT NULL,
  `data_vencimento` date NOT NULL,
  `data_pagamento` date DEFAULT NULL,
  `baixado` tinyint(1) DEFAULT NULL,
  `cliente_fornecedor` varchar(255) DEFAULT NULL,
  `forma_pgto` varchar(100) DEFAULT NULL,
  `tipo` varchar(45) DEFAULT NULL,
  `anexo` varchar(250) DEFAULT NULL,
  `clientes_id` int(11) DEFAULT NULL,
  `categorias_id` int(11) DEFAULT NULL,
  `contas_id` int(11) DEFAULT NULL
) ENGINE=InnoDB DEFAULT CHARSET=latin1;

--
-- Extraindo dados da tabela `lancamentos`
--

INSERT INTO `lancamentos` (`idLancamentos`, `descricao`, `valor`, `data_vencimento`, `data_pagamento`, `baixado`, `cliente_fornecedor`, `forma_pgto`, `tipo`, `anexo`, `clientes_id`, `categorias_id`, `contas_id`) VALUES
(1, 'Fatura de Venda - #1', '0.00', '2017-09-08', '0000-00-00', 1, 'Neide Chissico', 'Dinheiro', 'receita', NULL, 2, NULL, NULL),
(2, 'Fatura de Venda - #1', '0', '2017-09-02', '2017-09-13', 1, 'Cliente', 'Dinheiro', 'receita', NULL, 3, NULL, NULL),
(3, 'teste', '0.00', '2017-10-16', '2017-10-16', 1, 'neide', 'Dinheiro', 'receita', NULL, NULL, NULL, NULL),
(4, 'teste2', '0.00', '2017-10-09', '2017-10-11', 1, 'teste2', 'Cartão de Crédito', 'receita', NULL, NULL, NULL, NULL),
(5, 'teste23', '0.00', '2017-10-16', '2017-10-02', 1, 'teste23', 'Dinheiro', 'receita', NULL, NULL, NULL, NULL),
(6, 'teste23', '0.00', '2017-10-15', '2017-10-10', 1, 'teste23', 'Dinheiro', 'despesa', NULL, NULL, NULL, NULL),
(7, 'teste23', '0.00', '2017-10-09', '2017-10-17', 1, 'teste23', 'Dinheiro', 'despesa', NULL, NULL, NULL, NULL);

-- --------------------------------------------------------

--
-- Estrutura da tabela `logs`
--

CREATE TABLE `logs` (
  `idLogs` int(11) NOT NULL,
  `usuario` varchar(80) DEFAULT NULL,
  `tarefa` varchar(100) DEFAULT NULL,
  `data` date DEFAULT NULL,
  `hora` time DEFAULT NULL,
  `ip` varchar(45) DEFAULT NULL
) ENGINE=InnoDB DEFAULT CHARSET=latin1;

-- --------------------------------------------------------

--
-- Estrutura da tabela `marcas`
--

CREATE TABLE `marcas` (
  `idMarcas` int(11) NOT NULL,
  `marca` varchar(100) DEFAULT NULL,
  `cadastro` date DEFAULT NULL,
  `situacao` tinyint(1) DEFAULT NULL
) ENGINE=InnoDB DEFAULT CHARSET=latin1;

-- --------------------------------------------------------

--
-- Estrutura da tabela `os`
--

CREATE TABLE `os` (
  `idOs` int(11) NOT NULL,
  `dataInicial` date DEFAULT NULL,
  `dataFinal` date DEFAULT NULL,
  `garantia` varchar(45) DEFAULT NULL,
  `descricaoProduto` text,
  `defeito` text,
  `status` varchar(45) DEFAULT NULL,
  `observacoes` text,
  `laudoTecnico` text,
  `valorTotal` varchar(15) DEFAULT NULL,
  `clientes_id` int(11) NOT NULL,
  `usuarios_id` int(11) NOT NULL,
  `lancamento` int(11) DEFAULT NULL,
  `faturado` tinyint(1) NOT NULL
) ENGINE=InnoDB DEFAULT CHARSET=latin1;

--
-- Extraindo dados da tabela `os`
--

INSERT INTO `os` (`idOs`, `dataInicial`, `dataFinal`, `garantia`, `descricaoProduto`, `defeito`, `status`, `observacoes`, `laudoTecnico`, `valorTotal`, `clientes_id`, `usuarios_id`, `lancamento`, `faturado`) VALUES
(1, '2017-09-23', '2017-09-14', 'aasd', '', '', 'Aberto', '', '', '0', 3, 3, NULL, 1),
(2, '2017-10-10', '2017-10-11', '1', 'sadasdsa', 'sadsadsa', 'Aberto', 'asdsad', 'asdsadsa', '400', 2, 2, 2, 1),
(3, '2017-10-10', '2017-10-11', '1', 'sadasdsa', 'sadsadsa', 'Aberto', 'asdsad', 'asdsadsa', '400', 2, 2, 2, 1),
(4, '2017-10-10', '2017-10-11', '1', 'sadasdsa', 'sadsadsa', 'Fechado', 'asdsad', 'asdsadsa', '400', 2, 2, 2, 1);

-- --------------------------------------------------------

--
-- Estrutura da tabela `parecer`
--

CREATE TABLE `parecer` (
  `idParecer` int(11) NOT NULL,
  `correspondenciaId` int(11) NOT NULL,
  `usuarioId` int(11) NOT NULL,
  `parecer` text NOT NULL,
  `dataParecer` date NOT NULL
) ENGINE=InnoDB DEFAULT CHARSET=latin1;

-- --------------------------------------------------------

--
-- Estrutura da tabela `permissoes`
--

CREATE TABLE `permissoes` (
  `idPermissao` int(11) NOT NULL,
  `nome` varchar(80) NOT NULL,
  `permissoes` text,
  `situacao` tinyint(1) DEFAULT NULL,
  `data` date DEFAULT NULL
) ENGINE=InnoDB DEFAULT CHARSET=latin1;

--
-- Extraindo dados da tabela `permissoes`
--

INSERT INTO `permissoes` (`idPermissao`, `nome`, `permissoes`, `situacao`, `data`) VALUES
(1, 'Super User', 'a:39:{s:16:\"aCorrespondencia\";s:1:\"1\";s:16:\"eCorrespondencia\";s:1:\"1\";s:16:\"dCorrespondencia\";s:1:\"1\";s:16:\"vCorrespondencia\";s:1:\"1\";s:10:\"iProtocolo\";s:1:\"1\";s:16:\"tCorrespondencia\";s:1:\"1\";s:16:\"pCorrespondencia\";s:1:\"1\";s:19:\"despCorrespondencia\";s:1:\"1\";s:12:\"confRecepcao\";s:1:\"1\";s:18:\"detCorrespondencia\";s:1:\"1\";s:16:\"iCorrespondencia\";s:1:\"1\";s:10:\"Relatorios\";s:1:\"1\";s:9:\"estEstado\";s:1:\"1\";s:11:\"estDespacho\";s:1:\"1\";s:11:\"estRecebido\";N;s:11:\"estPendente\";s:1:\"1\";s:8:\"vTipoDoc\";s:1:\"1\";s:8:\"eTipoDoc\";s:1:\"1\";s:8:\"dTipoDoc\";s:1:\"1\";s:8:\"aDirecao\";s:1:\"1\";s:8:\"eDirecao\";s:1:\"1\";s:8:\"dDirecao\";s:1:\"1\";s:8:\"vDirecao\";s:1:\"1\";s:13:\"aDepartamento\";s:1:\"1\";s:13:\"eDepartamento\";s:1:\"1\";s:13:\"dDepartamento\";s:1:\"1\";s:13:\"vDepartamento\";s:1:\"1\";s:11:\"aReparticao\";s:1:\"1\";s:11:\"eReparticao\";s:1:\"1\";s:11:\"dReparticao\";s:1:\"1\";s:11:\"vReparticao\";s:1:\"1\";s:8:\"cUsuario\";s:1:\"1\";s:9:\"cEmitente\";s:1:\"1\";s:10:\"cPermissao\";s:1:\"1\";s:7:\"cBackup\";s:1:\"1\";s:14:\"aClassificacao\";s:1:\"1\";s:14:\"eClassificacao\";s:1:\"1\";s:14:\"dClassificacao\";s:1:\"1\";s:14:\"vClassificacao\";s:1:\"1\";}', 1, '2014-09-03'),
(2, 'Administrador', 'a:39:{s:16:\"aCorrespondencia\";s:1:\"1\";s:16:\"eCorrespondencia\";s:1:\"1\";s:16:\"dCorrespondencia\";s:1:\"1\";s:16:\"vCorrespondencia\";s:1:\"1\";s:10:\"iProtocolo\";s:1:\"1\";s:16:\"tCorrespondencia\";s:1:\"1\";s:16:\"pCorrespondencia\";s:1:\"1\";s:19:\"despCorrespondencia\";s:1:\"1\";s:12:\"confRecepcao\";s:1:\"1\";s:18:\"detCorrespondencia\";s:1:\"1\";s:16:\"iCorrespondencia\";s:1:\"1\";s:10:\"Relatorios\";s:1:\"1\";s:9:\"estEstado\";s:1:\"1\";s:11:\"estDespacho\";s:1:\"1\";s:11:\"estRecebido\";N;s:11:\"estPendente\";s:1:\"1\";s:8:\"vTipoDoc\";s:1:\"1\";s:8:\"eTipoDoc\";s:1:\"1\";s:8:\"dTipoDoc\";s:1:\"1\";s:8:\"aDirecao\";s:1:\"1\";s:8:\"eDirecao\";s:1:\"1\";s:8:\"dDirecao\";s:1:\"1\";s:8:\"vDirecao\";s:1:\"1\";s:13:\"aDepartamento\";s:1:\"1\";s:13:\"eDepartamento\";s:1:\"1\";s:13:\"dDepartamento\";s:1:\"1\";s:13:\"vDepartamento\";s:1:\"1\";s:11:\"aReparticao\";s:1:\"1\";s:11:\"eReparticao\";s:1:\"1\";s:11:\"dReparticao\";s:1:\"1\";s:11:\"vReparticao\";s:1:\"1\";s:8:\"cUsuario\";s:1:\"1\";s:9:\"cEmitente\";s:1:\"1\";s:10:\"cPermissao\";s:1:\"1\";s:7:\"cBackup\";s:1:\"1\";s:14:\"aClassificacao\";s:1:\"1\";s:14:\"eClassificacao\";s:1:\"1\";s:14:\"dClassificacao\";s:1:\"1\";s:14:\"vClassificacao\";s:1:\"1\";}', 1, '2017-10-11'),
(3, 'Director(a)', 'a:39:{s:16:\"aCorrespondencia\";N;s:16:\"eCorrespondencia\";N;s:16:\"dCorrespondencia\";N;s:16:\"vCorrespondencia\";s:1:\"1\";s:10:\"iProtocolo\";N;s:16:\"tCorrespondencia\";N;s:16:\"pCorrespondencia\";N;s:19:\"despCorrespondencia\";s:1:\"1\";s:12:\"confRecepcao\";N;s:18:\"detCorrespondencia\";N;s:16:\"iCorrespondencia\";s:1:\"1\";s:10:\"Relatorios\";N;s:9:\"estEstado\";s:1:\"1\";s:11:\"estDespacho\";s:1:\"1\";s:11:\"estRecebido\";N;s:11:\"estPendente\";s:1:\"1\";s:8:\"vTipoDoc\";N;s:8:\"eTipoDoc\";N;s:8:\"dTipoDoc\";N;s:8:\"aDirecao\";N;s:8:\"eDirecao\";N;s:8:\"dDirecao\";N;s:8:\"vDirecao\";N;s:13:\"aDepartamento\";N;s:13:\"eDepartamento\";N;s:13:\"dDepartamento\";N;s:13:\"vDepartamento\";N;s:11:\"aReparticao\";N;s:11:\"eReparticao\";N;s:11:\"dReparticao\";N;s:11:\"vReparticao\";N;s:8:\"cUsuario\";N;s:9:\"cEmitente\";N;s:10:\"cPermissao\";N;s:7:\"cBackup\";N;s:14:\"aClassificacao\";N;s:14:\"eClassificacao\";N;s:14:\"dClassificacao\";N;s:14:\"vClassificacao\";N;}', 1, '2017-10-11'),
(4, 'Chefe da Secretaria', 'a:39:{s:16:\"aCorrespondencia\";N;s:16:\"eCorrespondencia\";N;s:16:\"dCorrespondencia\";N;s:16:\"vCorrespondencia\";s:1:\"1\";s:10:\"iProtocolo\";s:1:\"1\";s:16:\"tCorrespondencia\";s:1:\"1\";s:16:\"pCorrespondencia\";s:1:\"1\";s:19:\"despCorrespondencia\";N;s:12:\"confRecepcao\";s:1:\"1\";s:18:\"detCorrespondencia\";s:1:\"1\";s:16:\"iCorrespondencia\";s:1:\"1\";s:10:\"Relatorios\";s:1:\"1\";s:9:\"estEstado\";s:1:\"1\";s:11:\"estDespacho\";s:1:\"1\";s:11:\"estRecebido\";N;s:11:\"estPendente\";s:1:\"1\";s:8:\"vTipoDoc\";N;s:8:\"eTipoDoc\";N;s:8:\"dTipoDoc\";N;s:8:\"aDirecao\";N;s:8:\"eDirecao\";N;s:8:\"dDirecao\";N;s:8:\"vDirecao\";N;s:13:\"aDepartamento\";N;s:13:\"eDepartamento\";N;s:13:\"dDepartamento\";N;s:13:\"vDepartamento\";N;s:11:\"aReparticao\";N;s:11:\"eReparticao\";N;s:11:\"dReparticao\";N;s:11:\"vReparticao\";N;s:8:\"cUsuario\";N;s:9:\"cEmitente\";N;s:10:\"cPermissao\";N;s:7:\"cBackup\";N;s:14:\"aClassificacao\";N;s:14:\"eClassificacao\";N;s:14:\"dClassificacao\";N;s:14:\"vClassificacao\";N;}', 1, '2017-11-28'),
(5, 'Técnico Administrativo', 'a:39:{s:16:\"aCorrespondencia\";s:1:\"1\";s:16:\"eCorrespondencia\";N;s:16:\"dCorrespondencia\";N;s:16:\"vCorrespondencia\";s:1:\"1\";s:10:\"iProtocolo\";s:1:\"1\";s:16:\"tCorrespondencia\";N;s:16:\"pCorrespondencia\";N;s:19:\"despCorrespondencia\";N;s:12:\"confRecepcao\";s:1:\"1\";s:18:\"detCorrespondencia\";s:1:\"1\";s:16:\"iCorrespondencia\";s:1:\"1\";s:10:\"Relatorios\";N;s:9:\"estEstado\";s:1:\"1\";s:11:\"estDespacho\";s:1:\"1\";s:11:\"estRecebido\";N;s:11:\"estPendente\";s:1:\"1\";s:8:\"vTipoDoc\";N;s:8:\"eTipoDoc\";N;s:8:\"dTipoDoc\";N;s:8:\"aDirecao\";N;s:8:\"eDirecao\";N;s:8:\"dDirecao\";N;s:8:\"vDirecao\";N;s:13:\"aDepartamento\";N;s:13:\"eDepartamento\";N;s:13:\"dDepartamento\";N;s:13:\"vDepartamento\";N;s:11:\"aReparticao\";N;s:11:\"eReparticao\";N;s:11:\"dReparticao\";N;s:11:\"vReparticao\";N;s:8:\"cUsuario\";N;s:9:\"cEmitente\";N;s:10:\"cPermissao\";N;s:7:\"cBackup\";N;s:14:\"aClassificacao\";N;s:14:\"eClassificacao\";N;s:14:\"dClassificacao\";N;s:14:\"vClassificacao\";N;}', 1, '2017-12-04');

-- --------------------------------------------------------

--
-- Estrutura da tabela `produtos`
--

CREATE TABLE `produtos` (
  `idProdutos` int(11) NOT NULL,
  `descricao` varchar(80) NOT NULL,
  `unidade` varchar(10) DEFAULT NULL,
  `precoCompra` decimal(10,2) DEFAULT NULL,
  `precoVenda` decimal(10,2) NOT NULL,
  `estoque` int(11) NOT NULL,
  `estoqueMinimo` int(11) DEFAULT NULL
) ENGINE=InnoDB DEFAULT CHARSET=latin1;

--
-- Extraindo dados da tabela `produtos`
--

INSERT INTO `produtos` (`idProdutos`, `descricao`, `unidade`, `precoCompra`, `precoVenda`, `estoque`, `estoqueMinimo`) VALUES
(1, 'producto', '3', '1.11', '2.22', 12, 2);

-- --------------------------------------------------------

--
-- Estrutura da tabela `produtos_os`
--

CREATE TABLE `produtos_os` (
  `idProdutos_os` int(11) NOT NULL,
  `quantidade` int(11) NOT NULL,
  `os_id` int(11) NOT NULL,
  `produtos_id` int(11) NOT NULL,
  `subTotal` varchar(15) DEFAULT NULL
) ENGINE=InnoDB DEFAULT CHARSET=latin1;

-- --------------------------------------------------------

--
-- Estrutura da tabela `provinienciaexterna`
--

CREATE TABLE `provinienciaexterna` (
  `idProvinienciaExterna` int(200) NOT NULL,
  `provinienciaExterna` varchar(200) NOT NULL,
  `abrevProvinienciaExterna` varchar(200) NOT NULL,
  `emailProvinienciaExterna` varchar(200) NOT NULL,
  `contactoProvinienciaExterna` varchar(200) NOT NULL,
  `enderecoProvinienciaExterna` varchar(200) NOT NULL
) ENGINE=InnoDB DEFAULT CHARSET=latin1;

--
-- Extraindo dados da tabela `provinienciaexterna`
--

INSERT INTO `provinienciaexterna` (`idProvinienciaExterna`, `provinienciaExterna`, `abrevProvinienciaExterna`, `emailProvinienciaExterna`, `contactoProvinienciaExterna`, `enderecoProvinienciaExterna`) VALUES
(1, 'Ministério da Educação e Desenvolvimento Humano', 'MINED', '', '', ''),
(2, 'Ministério da Ciência e Tecnologia Ensino Superior e Técnico Profissional', 'MCTESTP', '', '', ''),
(3, 'Ministério da Cultura e Turismo', 'MICULTUR', '', '', ''),
(4, 'Ministério do Trabalho, Emprego e Segurança Social', 'MITESS', '', '', ''),
(5, 'Ministério dos Negócios Estrangeiros e Cooperação', 'MINEC', '', '', ''),
(6, 'Ministério do Interior', 'MINT', '', '', ''),
(7, 'Ministério da Economia e Finanças', 'MEF', '', '', ''),
(8, 'Ministério dos Transportes e Comunicação', 'MTC', '', '', ''),
(9, 'Ministério da Agricultura e Segurança Alimentar', 'MASA', '', '', ''),
(10, 'Ministério do Género, Criança e Acção Social', 'MIGCAS', '', '', ''),
(11, 'Ministério do Mar, Águas Interiores e Pescas', 'MOZPESCA', '', '', ''),
(12, 'Ministério dos Recursos Minerais e Energia', 'MIREME', '', '', ''),
(13, 'Ministério da Indústria e Comércio', 'MIC', '', '', ''),
(14, 'Ministério da Saude', 'MISAU', 'misau@misau.gov.mz', '8481216', 'Av. Eduardo Modlane'),
(15, 'teste', 'teste', '', '', ''),
(16, 'Ministério do HipHop', 'MIH', 'mih@gov.mz', '88888888', 'Bairro Central'),
(17, 'Teste2', 'Teste2', 'Teste2@gmai.com', '8489', 'Av. Eduardo Modlane 1');

-- --------------------------------------------------------

--
-- Estrutura da tabela `reparticao`
--

CREATE TABLE `reparticao` (
  `idReparticao` int(11) NOT NULL,
  `nomeReparticao` varchar(200) NOT NULL,
  `abrevReparticao` varchar(200) NOT NULL,
  `contactoReparticao` varchar(200) NOT NULL,
  `emailReparticao` varchar(200) NOT NULL,
  `responsavelReparticao` varchar(200) NOT NULL,
  `departamentoId` int(11) NOT NULL
) ENGINE=InnoDB DEFAULT CHARSET=latin1;

--
-- Extraindo dados da tabela `reparticao`
--

INSERT INTO `reparticao` (`idReparticao`, `nomeReparticao`, `abrevReparticao`, `contactoReparticao`, `emailReparticao`, `responsavelReparticao`, `departamentoId`) VALUES
(1, 'Desenvolvimento de Sistema', 'DS', '115', 'ds@misau.gov.mz', 'Armando', 1),
(2, 'FORMACAO', 'FORMACAO', '474', 'formacao@misau.gov.mz', 'Anonimo', 2);

-- --------------------------------------------------------

--
-- Estrutura da tabela `sector`
--

CREATE TABLE `sector` (
  `idSector` int(11) NOT NULL,
  `nomeSector` varchar(200) NOT NULL,
  `abrevSector` varchar(200) NOT NULL,
  `contactoSector` varchar(200) NOT NULL,
  `emailSector` varchar(200) NOT NULL,
  `responsavelSector` varchar(200) NOT NULL,
  `reparticacaoId` int(11) NOT NULL
) ENGINE=InnoDB DEFAULT CHARSET=latin1;

-- --------------------------------------------------------

--
-- Estrutura da tabela `servicos`
--

CREATE TABLE `servicos` (
  `idServicos` int(11) NOT NULL,
  `nome` varchar(45) NOT NULL,
  `descricao` varchar(45) DEFAULT NULL,
  `preco` decimal(10,2) NOT NULL
) ENGINE=InnoDB DEFAULT CHARSET=latin1;

--
-- Extraindo dados da tabela `servicos`
--

INSERT INTO `servicos` (`idServicos`, `nome`, `descricao`, `preco`) VALUES
(1, 'servicos', '', '12.22'),
(2, 'servicos', '', '12.22');

-- --------------------------------------------------------

--
-- Estrutura da tabela `servicos_os`
--

CREATE TABLE `servicos_os` (
  `idServicos_os` int(11) NOT NULL,
  `os_id` int(11) NOT NULL,
  `servicos_id` int(11) NOT NULL,
  `subTotal` varchar(15) DEFAULT NULL
) ENGINE=InnoDB DEFAULT CHARSET=latin1;

-- --------------------------------------------------------

--
-- Estrutura da tabela `tipodoc`
--

CREATE TABLE `tipodoc` (
  `idTipoDoc` int(11) NOT NULL,
  `nomeDoc` varchar(200) NOT NULL,
  `descricao` varchar(200) NOT NULL
) ENGINE=InnoDB DEFAULT CHARSET=latin1;

--
-- Extraindo dados da tabela `tipodoc`
--

INSERT INTO `tipodoc` (`idTipoDoc`, `nomeDoc`, `descricao`) VALUES
(1, 'Carta', ''),
(2, 'Convite', ''),
(3, 'teste2', 'sdas'),
(4, 'ATA', 'Documento de valor jurídico, que consiste em registro narrativo fidedigno e decisões do que passou em uma assembleia, sessão ou reunião. Pode ser lavrada em livro próprio, autenticado, com páginas num'),
(5, 'ATESTADO', 'Documento firmado por servidor em razão do cargo que ocupa, ou função que exerce, declarando um fato existente, mas que não consta em livros, papéis ou documentos em poder da Administração.'),
(6, 'CERTIDÃO', 'Documento fornecido pela administração ao interessado, afirmando a existência de ato ou assentamentos constantes de processo, livro ou documentos que se encontrem nas repartições públicas. Pode ser de'),
(7, 'COMUNICADO', 'O comunicado é um tipo de aviso ou recado oficial, que é utilizado com o objetivo de passar uma determinada informação. Uma empresa, um colégio, órgãos da administração pública, entre outros costumam '),
(8, 'CIRCULAR', 'Correspondência de caráter interno da Instituição, expedida simultaneamente a diversos destinatários, com o objetivo de transmitir rotinas, orientações, procedimentos, esclarecer o conteúdo de leis, n'),
(9, 'CONVOCAÇÃO', 'Convocação é uma forma de comunicação escrita em que se convida ou chama alguém para uma reunião. Na elaboração do texto, é necessário especificar local, data, finalidade. A garantia da inteligibilida'),
(10, 'CONTRATO', 'Instrumento jurídico em que se firmam direitos e obrigações entre duas ou mais pessoas, sobre objeto lícito e possível, com o fim de adquirir, modificar, extinguir ou resguardar direitos. Contrato adm'),
(11, 'CONVÊNIO', 'Acordo bilateral e multilateral celebrado entre entidades públicas e outra ou outras entidades públicas ou privadas para realização de objetivos de interesse comum dos partícipes. Convênio é acordo, m'),
(12, 'DECISÃO', 'Pronunciamento final de autoridade administrativa competente. É competência dos Conselhos Superiores e Centros Universitários.'),
(13, 'DECLARAÇÃO', 'Documento firmado por servidor em razão do cargo que ocupa, ou função que exerce, declarando um fato existente, que consta em livros, papéis ou documentos em poder da Administração.'),
(14, 'DESPACHO', 'É a decisão proferida pela autoridade administrativa no caso submetido à sua apreciação. Pode ser informativo ou decisório. Usualmente, parte integrante de processo. Quanto ao seu conteúdo pode ser de'),
(15, 'EDITAL', 'Instrumento de comunicação utilizado pela Administração Pública para fins de abertura de concorrência e de concurso público, provimento de cargo público, convocação de servidor, licitações e divulgaçã'),
(16, 'MEMORANDO', 'Comunicação interna utilizada pelas chefias ou servidores autorizados, na qual se expõe qualquer assunto referente à atividade administrativa. Pelas suas características de certa informalidade, o memo'),
(17, 'NORMA DE SERVIÇO', 'Comunicação interna destinada a estabelecer os procedimentos básicos para o funcionamento e fixa a política de ação da Universidade. Aplica as diretrizes e os critérios estabelecidos na legislação e e'),
(18, 'OFÍCIO', ' Comunicação que as autoridades fazem entre si, entre subalternos e superiores, e entre a Administração e particulares, em caráter oficial. É o tipo mais comum de correspondência oficial. Embora norma'),
(19, 'ORDEM DE SERVIÇO', 'Ato interno, através do qual determinam instruções a respeito de procedimentos estabelecidos em Norma de Serviço e Resolução, em obediência à determinação prescrita nestas, ou para esclarecer os seus '),
(20, 'PARECER', 'Estudo minucioso, redigido com clareza, documentado cientificamente, visando esclarecer a dúvida constitutiva do objeto de consulta.'),
(21, 'PORTARIA', 'Ato administrativo que define competências estabelece normas e procedimentos, disciplina matéria não regulada em lei. Define situações funcionais e aplica medidas de ordem disciplinar. A portaria é de'),
(22, 'PROTOCOLO DE INTENÇÕES', 'Acordo bilateral celebrado entre a Universidade e outra entidade pública ou privada que querem fazer alguma parceria ou promover convênios, visando ações nas áreas de ensino, pesquisa e extensão. Assi'),
(23, 'REGULAMENTO', 'Ato normativo que constitui a lei do corpo administrativo a que se destina, sendo regra geral, produto de elaboração e revisão de Comissão instituída pelo Reitor. Constituída por servidores do próprio'),
(24, 'RELATÓRIO', 'Documento onde o servidor expõe a atividade de um órgão/setor ou presta conta de seus atos a uma autoridade, de nível hierárquico superior. Geralmente produzido para expor situações de serviço, result'),
(25, 'kjlkjk', ''),
(26, 'NOTA', '');

-- --------------------------------------------------------

--
-- Estrutura da tabela `tramite`
--

CREATE TABLE `tramite` (
  `idTramite` int(11) NOT NULL,
  `idCorrespondencia` varchar(200) NOT NULL,
  `destinatario` varchar(200) NOT NULL,
  `assunto` varchar(200) NOT NULL,
  `observacao` text NOT NULL,
  `direcao` varchar(11) NOT NULL,
  `departamento` varchar(11) NOT NULL,
  `reparticao` varchar(11) NOT NULL,
  `dataTramite` datetime NOT NULL,
  `file` varchar(200) NOT NULL,
  `path` varchar(200) NOT NULL,
  `url` varchar(200) NOT NULL,
  `estado` varchar(200) NOT NULL,
  `usuarioID` varchar(200) NOT NULL,
  `destino` varchar(200) NOT NULL
) ENGINE=InnoDB DEFAULT CHARSET=latin1;

--
-- Extraindo dados da tabela `tramite`
--

INSERT INTO `tramite` (`idTramite`, `idCorrespondencia`, `destinatario`, `assunto`, `observacao`, `direcao`, `departamento`, `reparticao`, `dataTramite`, `file`, `path`, `url`, `estado`, `usuarioID`, `destino`) VALUES
(1, '', '', '', 'sdsdsdfds', 'Gabinete da', 'Tecnologia ', 'Desenvolvim', '0000-00-00 00:00:00', '', '', '', '', '', ''),
(2, '', '', '', 'asddasdassdas', 'Gabinete da', 'Tecnologia ', 'Desenvolvim', '0000-00-00 00:00:00', '', '', '', '', '', ''),
(3, '', '', '', 'teste', 'Gabinete da', 'Tecnologia ', 'Desenvolvim', '0000-00-00 00:00:00', '', '', '', '', '', ''),
(4, '', '', '', 'teste2', 'teste', 'Tecnologia ', 'Desenvolvim', '0000-00-00 00:00:00', '', '', '', '', '', ''),
(5, '', '', '', 'teste2', 'teste', 'Tecnologia ', 'Desenvolvim', '0000-00-00 00:00:00', '', '', '', '', '', ''),
(6, '', '', '', 'teste2', 'teste', 'Tecnologia ', 'Desenvolvim', '0000-00-00 00:00:00', '', '', '', '', '', ''),
(7, '', '', '', 'teste2', 'teste', 'Tecnologia ', 'Desenvolvim', '0000-00-00 00:00:00', '', '', '', '', '', ''),
(8, '', '', '', 'assasa', 'Gabinete da', 'Tecnologia ', 'Desenvolvim', '0000-00-00 00:00:00', '', '', '', '', '', ''),
(9, '', '', '', 'sdsadsa', 'Gabinete da', 'Tecnologia ', 'Desenvolvim', '0000-00-00 00:00:00', '', '', '', '', '', ''),
(10, '', '', '', 'dsdfas', 'Gabinete da', 'Tecnologia ', 'Desenvolvim', '0000-00-00 00:00:00', '', '', '', '', '', ''),
(11, '', '', '', 'teste', 'teste', 'Tecnologia ', 'Desenvolvim', '0000-00-00 00:00:00', '', '', '', '', '', '');

-- --------------------------------------------------------

--
-- Estrutura da tabela `usuarios`
--

CREATE TABLE `usuarios` (
  `idUsuarios` int(11) NOT NULL,
  `nome` varchar(80) NOT NULL,
  `apelido` varchar(20) DEFAULT NULL,
  `naturalidade` varchar(20) NOT NULL,
  `bairro` varchar(45) DEFAULT NULL,
  `cidade` varchar(45) DEFAULT NULL,
  `email` varchar(80) NOT NULL,
  `senha` varchar(200) NOT NULL,
  `contacto` varchar(20) NOT NULL,
  `cargo` varchar(20) DEFAULT NULL,
  `situacao` tinyint(1) NOT NULL,
  `dataCadastro` date NOT NULL,
  `permissoes_id` int(11) NOT NULL,
  `local` varchar(200) NOT NULL,
  `sexo` varchar(45) DEFAULT NULL,
  `dataNasc` date NOT NULL
) ENGINE=InnoDB DEFAULT CHARSET=latin1;

--
-- Extraindo dados da tabela `usuarios`
--

INSERT INTO `usuarios` (`idUsuarios`, `nome`, `apelido`, `naturalidade`, `bairro`, `cidade`, `email`, `senha`, `contacto`, `cargo`, `situacao`, `dataCadastro`, `permissoes_id`, `local`, `sexo`, `dataNasc`) VALUES
(2, 'krando', 'krando', 'krando', 'krando', 'krando', 'krando@misau.com', '496ff08ffdde54480a9d339739cd37c698a6a47613208e69663b880a1050fc6e32847acfffe74ce917df1bb98c0624242032c279c2d2c73098f0a266ec85644bSbbT1+xXMvJif/TcbAby27K39PcsDtOwE6eBGl8OlvI=', 'krando', 'krando', 1, '0000-00-00', 1, 'GM', NULL, '0000-00-00'),
(3, 'Armando', 'Mavie', 'Armando', 'Armando', 'Armando', 'armando@admin.com', '13682afd6d7431a6197d1fea5d6dd7cf37d51a3a58b030cde00f32ac8ba13f79c130f9c9b2ad661285f8aebc287775718db9e785efa876c8b991e0a1e0189c7eg57ikvaQcaLDvDo1ua38pqIn30Kl5FN8zbig7KE91gM=', '45685613', '4159623', 1, '2017-09-10', 1, 'GM/DTIC', NULL, '0000-00-00'),
(12, 'Mevies', 'Mugabe', 'Maputo', 'Polana Caniço', 'Maputo', 'mmugabe@misau.gov.mz', '590063c703e6781db9cf78234284b0b1af5fa9675547924c0aa4d52068a9393d1430b1753c01443786836401bf374fb91f16d25600e4c4625a8f102063f83617G098ROD4iEj5WvMZAvo6WyfuFE3PxzgyFFsI37L2Sec=', '842130858', 'Tecnico Informatico', 1, '0000-00-00', 2, 'GM/DTIC', 'Femenino', '2018-01-23'),
(13, 'Ornelio Jose Luis', 'Mahingue', 'Maputo', 'Albazene', 'Cidade Maputo', 'omahingue@misau.gov.mz', '361ca6cbf9aa83af9006b5520c40fe0ae38e40793dca6c8e03b03fa5fd7a70090a214fbf9e0ebc97ddba52c53f59e68d45cc8b5903f02be4c1c76821d722d134U4xCiKrCcuVl0g/0Y3Mq1lkhmzheTPHuUFQ9bBAP3bM=', '840150281', 'Tecnico de Informati', 1, '0000-00-00', 1, 'GM', 'Masculino', '0000-00-00'),
(14, 'Momade', 'Sumalgy', 'Nampula', 'Zimpeto', 'Maputo', 'msumalgy@misau.gov.mz', '20541e65877b97d38bd1d441459e14fed3b59cf0fe31929253850210d567f170da4e5199964b7e30d60dc61e7df41442b2cdf2dbe5533102fe0adb457f77b016qhP4kj1p6zecE/1d8V/qFSgtbwlxnrSmuvWiOsn3/BU=', '842908735', 'Chefe do DTIC', 1, '0000-00-00', 1, 'GM/DTIC', 'Masculino', '0000-00-00'),
(15, 'Armando', 'Mavie', 'Mocambicano', 'Fomento', 'Matola', 'amavie@admin.com', 'e1f1dfb1d134c84bc32ba96ff782eebe3b0e83f5681b2b3254f390959d1a79081411980220c7ad13b4e067f59f53158006ad4c1dfd50a64aa63c9916a1910e7aNyQfDcFgeArJQpnX3+9Fg1LbphDCo2eM72KhUei1iBk=', '23333333', 'Tecnico Informatico', 1, '0000-00-00', 1, 'GM/DTIC', 'Masculino', '0000-00-00'),
(16, 'mario', 'misau', 'Mocambicano', 'Boquisso', 'Matola', 'mmario@misau.gov.mz', 'cf27a77bf3d5f116cbab40b2882386d8fd4fbe89033257f3e91594c320219252c5acee1ea62b40cfdd296441e285573960da0d906b92a65b7c99b16d37bdafd0qZolTdrf9v7izhswmxirLb7fT17VMqJXbCFdyhjYzSU=', '3333333333333', 'chefe da Secretraia', 1, '0000-00-00', 2, 'GM', 'Femenino', '0000-00-00'),
(17, 'premissao', 'premissao', 'premissao', 'premissao', 'premissao', 'premissao@premissao.com', '61fda561611fc6c0f5abfc2cbf905441312e6952829c377a15fa557e3f6a7127cb1a1c55a6d982296796a55fdb6ec4e707fcfc6a3eeae48839e802e3e02c4f4eXW+xUBdPBXk/TTcWvZjq7lJqSBWmgknYrMf+ndjJOuw=', '234', 'premissao', 1, '0000-00-00', 4, 'GM', 'Masculino', '0000-00-00'),
(18, 'Administrador', 'Sigdoc', 'Mocambicano', 'Fomento', 'Matola', 'admin@misau.gov.mz', '8e2d8010e2bc7a9c8924e186388beb56c7d3332d648b8efec7daaf76208cb2928f213266929a9197ba89532a4f9116b6323cc395ea601810c5310678e6245fd65koiMhQ/vLhKhg6KocejOFlajvS8EckG8vv45DDZjZk=', '848912752', 'Tecnico Informatico', 1, '0000-00-00', 1, 'GM', 'Masculino', '2017-12-13'),
(19, 'Domingas', 'Comé', 'Maputo', 'Malhampsene', 'Matola', 'dcome@misau.gov.mz', 'a71b2f9d3b5afaa3bb9e360d380a3b8be932653c31d592a64321b12165356ce2325f389106822be3120105d4be813758359187ea57c1130c5d4c9d57a1378030yCpGte/79Bj1R67QhhZSVY8TAyIB9/LZLcehkXJzink=', '845189610', 'Administrativa', 1, '0000-00-00', 5, 'GM/DTIC', 'Femenino', '1980-07-03'),
(20, 'Celeste', 'Bonifácio', 'Maputo', 'Kumbeza', 'Maputo', 'cbonifacio@misau.gov.mz', '4a03f79cc1eb8093f092f6a970c52a0de19a41cbc732c3691a3157cd2119d8e9392e34a5f08d25d28b8e9b18fe09f72ea18c83abd20bbff7f4d7a467fed5e3cfXA+R4A9BIwrhrV5XZ5ukRRvi94uDdX2F6fFDN8yMuxI=', '193', 'Administrativa', 1, '0000-00-00', 2, 'GM/DTIC', 'Femenino', '1984-04-11');

-- --------------------------------------------------------

--
-- Estrutura da tabela `vendas`
--

CREATE TABLE `vendas` (
  `idVendas` int(11) NOT NULL,
  `dataVenda` date DEFAULT NULL,
  `valorTotal` varchar(45) DEFAULT NULL,
  `desconto` varchar(45) DEFAULT NULL,
  `faturado` tinyint(1) DEFAULT NULL,
  `clientes_id` int(11) NOT NULL,
  `usuarios_id` int(11) DEFAULT NULL,
  `lancamentos_id` int(11) DEFAULT NULL
) ENGINE=InnoDB DEFAULT CHARSET=latin1;

--
-- Extraindo dados da tabela `vendas`
--

INSERT INTO `vendas` (`idVendas`, `dataVenda`, `valorTotal`, `desconto`, `faturado`, `clientes_id`, `usuarios_id`, `lancamentos_id`) VALUES
(3, '2017-09-12', NULL, NULL, 0, 2, 2, NULL),
(4, '2017-09-23', NULL, NULL, 0, 3, 3, NULL),
(5, '2017-10-11', NULL, NULL, 0, 2, 2, NULL);

-- --------------------------------------------------------

--
-- Structure for view `consultarcargo`
--
DROP TABLE IF EXISTS `consultarcargo`;

CREATE ALGORITHM=UNDEFINED DEFINER=`root`@`localhost` SQL SECURITY DEFINER VIEW `consultarcargo`  AS  select `c`.`nomeCargo` AS `nomeCargo`,`d`.`nomeDestinatario` AS `nomeDestinatario`,`d`.`idDestinatario` AS `idDestinatario` from (`cargo` `c` join `destinatario` `d`) where (`d`.`cargoId` = `c`.`idCargo`) ;

--
-- Indexes for dumped tables
--

--
-- Indexes for table `anexos`
--
ALTER TABLE `anexos`
  ADD PRIMARY KEY (`idAnexos`),
  ADD KEY `fk_anexos_os1` (`os_id`);

--
-- Indexes for table `cargo`
--
ALTER TABLE `cargo`
  ADD PRIMARY KEY (`idCargo`);

--
-- Indexes for table `categorias`
--
ALTER TABLE `categorias`
  ADD PRIMARY KEY (`idCategorias`);

--
-- Indexes for table `ci_sessions`
--
ALTER TABLE `ci_sessions`
  ADD KEY `ci_sessions_timestamp` (`timestamp`);

--
-- Indexes for table `classificacao`
--
ALTER TABLE `classificacao`
  ADD PRIMARY KEY (`idClassificacao`);

--
-- Indexes for table `clientes`
--
ALTER TABLE `clientes`
  ADD PRIMARY KEY (`idClientes`);

--
-- Indexes for table `contas`
--
ALTER TABLE `contas`
  ADD PRIMARY KEY (`idContas`);

--
-- Indexes for table `correspondencia`
--
ALTER TABLE `correspondencia`
  ADD PRIMARY KEY (`idCorrespondencia`);

--
-- Indexes for table `corre_arquivados`
--
ALTER TABLE `corre_arquivados`
  ADD PRIMARY KEY (`idCorre_arquivados`);

--
-- Indexes for table `corre_sigiloso`
--
ALTER TABLE `corre_sigiloso`
  ADD PRIMARY KEY (`idCorre_sigiloso`),
  ADD KEY `fk_corre_sigiloso_destinatario` (`destinatarioId`);

--
-- Indexes for table `departamento`
--
ALTER TABLE `departamento`
  ADD PRIMARY KEY (`idDepartamento`),
  ADD KEY `fk_departamento_direcao` (`direcaoId`);

--
-- Indexes for table `destinatario`
--
ALTER TABLE `destinatario`
  ADD PRIMARY KEY (`idDestinatario`),
  ADD KEY `fk_destinatario_cargo` (`cargoId`);

--
-- Indexes for table `direcao`
--
ALTER TABLE `direcao`
  ADD PRIMARY KEY (`idDirecao`);

--
-- Indexes for table `documentos`
--
ALTER TABLE `documentos`
  ADD PRIMARY KEY (`idDocumentos`);

--
-- Indexes for table `emitente`
--
ALTER TABLE `emitente`
  ADD PRIMARY KEY (`id`);

--
-- Indexes for table `equipamentos`
--
ALTER TABLE `equipamentos`
  ADD PRIMARY KEY (`idEquipamentos`),
  ADD KEY `fk_equipanentos_marcas1_idx` (`marcas_id`),
  ADD KEY `fk_equipanentos_clientes1_idx` (`clientes_id`);

--
-- Indexes for table `equipamentos_os`
--
ALTER TABLE `equipamentos_os`
  ADD PRIMARY KEY (`idEquipamentos_os`),
  ADD KEY `fk_equipamentos_os_equipanentos1_idx` (`equipamentos_id`),
  ADD KEY `fk_equipamentos_os_os1_idx` (`os_id`);

--
-- Indexes for table `itens_de_vendas`
--
ALTER TABLE `itens_de_vendas`
  ADD PRIMARY KEY (`idItens`),
  ADD KEY `fk_itens_de_vendas_vendas1` (`vendas_id`),
  ADD KEY `fk_itens_de_vendas_produtos1` (`produtos_id`);

--
-- Indexes for table `lancamentos`
--
ALTER TABLE `lancamentos`
  ADD PRIMARY KEY (`idLancamentos`),
  ADD KEY `fk_lancamentos_clientes1` (`clientes_id`),
  ADD KEY `fk_lancamentos_categorias1_idx` (`categorias_id`),
  ADD KEY `fk_lancamentos_contas1_idx` (`contas_id`);

--
-- Indexes for table `logs`
--
ALTER TABLE `logs`
  ADD PRIMARY KEY (`idLogs`);

--
-- Indexes for table `marcas`
--
ALTER TABLE `marcas`
  ADD PRIMARY KEY (`idMarcas`);

--
-- Indexes for table `os`
--
ALTER TABLE `os`
  ADD PRIMARY KEY (`idOs`),
  ADD KEY `fk_os_clientes1` (`clientes_id`),
  ADD KEY `fk_os_usuarios1` (`usuarios_id`),
  ADD KEY `fk_os_lancamentos1` (`lancamento`);

--
-- Indexes for table `parecer`
--
ALTER TABLE `parecer`
  ADD PRIMARY KEY (`idParecer`),
  ADD KEY `fk_parecer_usuarios` (`usuarioId`),
  ADD KEY `fk_parecer_correspondencia` (`correspondenciaId`);

--
-- Indexes for table `permissoes`
--
ALTER TABLE `permissoes`
  ADD PRIMARY KEY (`idPermissao`);

--
-- Indexes for table `produtos`
--
ALTER TABLE `produtos`
  ADD PRIMARY KEY (`idProdutos`);

--
-- Indexes for table `produtos_os`
--
ALTER TABLE `produtos_os`
  ADD PRIMARY KEY (`idProdutos_os`),
  ADD KEY `fk_produtos_os_os1` (`os_id`),
  ADD KEY `fk_produtos_os_produtos1` (`produtos_id`);

--
-- Indexes for table `provinienciaexterna`
--
ALTER TABLE `provinienciaexterna`
  ADD PRIMARY KEY (`idProvinienciaExterna`);

--
-- Indexes for table `reparticao`
--
ALTER TABLE `reparticao`
  ADD PRIMARY KEY (`idReparticao`);

--
-- Indexes for table `sector`
--
ALTER TABLE `sector`
  ADD PRIMARY KEY (`idSector`);

--
-- Indexes for table `servicos`
--
ALTER TABLE `servicos`
  ADD PRIMARY KEY (`idServicos`);

--
-- Indexes for table `servicos_os`
--
ALTER TABLE `servicos_os`
  ADD PRIMARY KEY (`idServicos_os`),
  ADD KEY `fk_servicos_os_os1` (`os_id`),
  ADD KEY `fk_servicos_os_servicos1` (`servicos_id`);

--
-- Indexes for table `tipodoc`
--
ALTER TABLE `tipodoc`
  ADD PRIMARY KEY (`idTipoDoc`);

--
-- Indexes for table `tramite`
--
ALTER TABLE `tramite`
  ADD PRIMARY KEY (`idTramite`);

--
-- Indexes for table `usuarios`
--
ALTER TABLE `usuarios`
  ADD PRIMARY KEY (`idUsuarios`),
  ADD KEY `fk_usuarios_permissoes1_idx` (`permissoes_id`);

--
-- Indexes for table `vendas`
--
ALTER TABLE `vendas`
  ADD PRIMARY KEY (`idVendas`),
  ADD KEY `fk_vendas_clientes1` (`clientes_id`),
  ADD KEY `fk_vendas_usuarios1` (`usuarios_id`),
  ADD KEY `fk_vendas_lancamentos1` (`lancamentos_id`);

--
-- AUTO_INCREMENT for dumped tables
--

--
-- AUTO_INCREMENT for table `anexos`
--
ALTER TABLE `anexos`
  MODIFY `idAnexos` int(11) NOT NULL AUTO_INCREMENT;
--
-- AUTO_INCREMENT for table `cargo`
--
ALTER TABLE `cargo`
  MODIFY `idCargo` int(11) NOT NULL AUTO_INCREMENT, AUTO_INCREMENT=5;
--
-- AUTO_INCREMENT for table `categorias`
--
ALTER TABLE `categorias`
  MODIFY `idCategorias` int(11) NOT NULL AUTO_INCREMENT;
--
-- AUTO_INCREMENT for table `classificacao`
--
ALTER TABLE `classificacao`
  MODIFY `idClassificacao` int(11) NOT NULL AUTO_INCREMENT, AUTO_INCREMENT=364;
--
-- AUTO_INCREMENT for table `clientes`
--
ALTER TABLE `clientes`
  MODIFY `idClientes` int(11) NOT NULL AUTO_INCREMENT, AUTO_INCREMENT=5;
--
-- AUTO_INCREMENT for table `contas`
--
ALTER TABLE `contas`
  MODIFY `idContas` int(11) NOT NULL AUTO_INCREMENT;
--
-- AUTO_INCREMENT for table `correspondencia`
--
ALTER TABLE `correspondencia`
  MODIFY `idCorrespondencia` int(11) NOT NULL AUTO_INCREMENT, AUTO_INCREMENT=4;
--
-- AUTO_INCREMENT for table `corre_arquivados`
--
ALTER TABLE `corre_arquivados`
  MODIFY `idCorre_arquivados` int(11) NOT NULL AUTO_INCREMENT;
--
-- AUTO_INCREMENT for table `corre_sigiloso`
--
ALTER TABLE `corre_sigiloso`
  MODIFY `idCorre_sigiloso` int(200) NOT NULL AUTO_INCREMENT, AUTO_INCREMENT=5;
--
-- AUTO_INCREMENT for table `departamento`
--
ALTER TABLE `departamento`
  MODIFY `idDepartamento` int(11) NOT NULL AUTO_INCREMENT, AUTO_INCREMENT=3;
--
-- AUTO_INCREMENT for table `destinatario`
--
ALTER TABLE `destinatario`
  MODIFY `idDestinatario` int(11) NOT NULL AUTO_INCREMENT, AUTO_INCREMENT=4;
--
-- AUTO_INCREMENT for table `direcao`
--
ALTER TABLE `direcao`
  MODIFY `idDirecao` int(11) NOT NULL AUTO_INCREMENT, AUTO_INCREMENT=22;
--
-- AUTO_INCREMENT for table `documentos`
--
ALTER TABLE `documentos`
  MODIFY `idDocumentos` int(11) NOT NULL AUTO_INCREMENT;
--
-- AUTO_INCREMENT for table `emitente`
--
ALTER TABLE `emitente`
  MODIFY `id` int(11) NOT NULL AUTO_INCREMENT, AUTO_INCREMENT=2;
--
-- AUTO_INCREMENT for table `equipamentos`
--
ALTER TABLE `equipamentos`
  MODIFY `idEquipamentos` int(11) NOT NULL AUTO_INCREMENT;
--
-- AUTO_INCREMENT for table `equipamentos_os`
--
ALTER TABLE `equipamentos_os`
  MODIFY `idEquipamentos_os` int(11) NOT NULL AUTO_INCREMENT;
--
-- AUTO_INCREMENT for table `itens_de_vendas`
--
ALTER TABLE `itens_de_vendas`
  MODIFY `idItens` int(11) NOT NULL AUTO_INCREMENT;
--
-- AUTO_INCREMENT for table `lancamentos`
--
ALTER TABLE `lancamentos`
  MODIFY `idLancamentos` int(11) NOT NULL AUTO_INCREMENT, AUTO_INCREMENT=8;
--
-- AUTO_INCREMENT for table `logs`
--
ALTER TABLE `logs`
  MODIFY `idLogs` int(11) NOT NULL AUTO_INCREMENT;
--
-- AUTO_INCREMENT for table `marcas`
--
ALTER TABLE `marcas`
  MODIFY `idMarcas` int(11) NOT NULL AUTO_INCREMENT;
--
-- AUTO_INCREMENT for table `os`
--
ALTER TABLE `os`
  MODIFY `idOs` int(11) NOT NULL AUTO_INCREMENT, AUTO_INCREMENT=5;
--
-- AUTO_INCREMENT for table `parecer`
--
ALTER TABLE `parecer`
  MODIFY `idParecer` int(11) NOT NULL AUTO_INCREMENT;
--
-- AUTO_INCREMENT for table `permissoes`
--
ALTER TABLE `permissoes`
  MODIFY `idPermissao` int(11) NOT NULL AUTO_INCREMENT, AUTO_INCREMENT=6;
--
-- AUTO_INCREMENT for table `produtos`
--
ALTER TABLE `produtos`
  MODIFY `idProdutos` int(11) NOT NULL AUTO_INCREMENT, AUTO_INCREMENT=2;
--
-- AUTO_INCREMENT for table `produtos_os`
--
ALTER TABLE `produtos_os`
  MODIFY `idProdutos_os` int(11) NOT NULL AUTO_INCREMENT;
--
-- AUTO_INCREMENT for table `provinienciaexterna`
--
ALTER TABLE `provinienciaexterna`
  MODIFY `idProvinienciaExterna` int(200) NOT NULL AUTO_INCREMENT, AUTO_INCREMENT=18;
--
-- AUTO_INCREMENT for table `reparticao`
--
ALTER TABLE `reparticao`
  MODIFY `idReparticao` int(11) NOT NULL AUTO_INCREMENT, AUTO_INCREMENT=3;
--
-- AUTO_INCREMENT for table `sector`
--
ALTER TABLE `sector`
  MODIFY `idSector` int(11) NOT NULL AUTO_INCREMENT;
--
-- AUTO_INCREMENT for table `servicos`
--
ALTER TABLE `servicos`
  MODIFY `idServicos` int(11) NOT NULL AUTO_INCREMENT, AUTO_INCREMENT=3;
--
-- AUTO_INCREMENT for table `servicos_os`
--
ALTER TABLE `servicos_os`
  MODIFY `idServicos_os` int(11) NOT NULL AUTO_INCREMENT;
--
-- AUTO_INCREMENT for table `tipodoc`
--
ALTER TABLE `tipodoc`
  MODIFY `idTipoDoc` int(11) NOT NULL AUTO_INCREMENT, AUTO_INCREMENT=27;
--
-- AUTO_INCREMENT for table `tramite`
--
ALTER TABLE `tramite`
  MODIFY `idTramite` int(11) NOT NULL AUTO_INCREMENT, AUTO_INCREMENT=12;
--
-- AUTO_INCREMENT for table `usuarios`
--
ALTER TABLE `usuarios`
  MODIFY `idUsuarios` int(11) NOT NULL AUTO_INCREMENT, AUTO_INCREMENT=21;
--
-- AUTO_INCREMENT for table `vendas`
--
ALTER TABLE `vendas`
  MODIFY `idVendas` int(11) NOT NULL AUTO_INCREMENT, AUTO_INCREMENT=6;
--
-- Constraints for dumped tables
--

--
-- Limitadores para a tabela `anexos`
--
ALTER TABLE `anexos`
  ADD CONSTRAINT `fk_anexos_os1` FOREIGN KEY (`os_id`) REFERENCES `os` (`idOs`) ON DELETE NO ACTION ON UPDATE NO ACTION;

--
-- Limitadores para a tabela `corre_sigiloso`
--
ALTER TABLE `corre_sigiloso`
  ADD CONSTRAINT `fk_corre_sigiloso_destinatario` FOREIGN KEY (`destinatarioId`) REFERENCES `destinatario` (`idDestinatario`) ON DELETE NO ACTION ON UPDATE NO ACTION;

--
-- Limitadores para a tabela `departamento`
--
ALTER TABLE `departamento`
  ADD CONSTRAINT `fk_departamento_direcao` FOREIGN KEY (`direcaoId`) REFERENCES `direcao` (`idDirecao`) ON DELETE NO ACTION ON UPDATE NO ACTION;

--
-- Limitadores para a tabela `destinatario`
--
ALTER TABLE `destinatario`
  ADD CONSTRAINT `fk_destinatario_cargo` FOREIGN KEY (`cargoId`) REFERENCES `cargo` (`idCargo`) ON DELETE NO ACTION ON UPDATE NO ACTION;

--
-- Limitadores para a tabela `equipamentos`
--
ALTER TABLE `equipamentos`
  ADD CONSTRAINT `fk_equipanentos_clientes1` FOREIGN KEY (`clientes_id`) REFERENCES `clientes` (`idClientes`) ON DELETE NO ACTION ON UPDATE NO ACTION,
  ADD CONSTRAINT `fk_equipanentos_marcas1` FOREIGN KEY (`marcas_id`) REFERENCES `marcas` (`idMarcas`) ON DELETE NO ACTION ON UPDATE NO ACTION;

--
-- Limitadores para a tabela `equipamentos_os`
--
ALTER TABLE `equipamentos_os`
  ADD CONSTRAINT `fk_equipamentos_os_equipanentos1` FOREIGN KEY (`equipamentos_id`) REFERENCES `equipamentos` (`idEquipamentos`) ON DELETE NO ACTION ON UPDATE NO ACTION,
  ADD CONSTRAINT `fk_equipamentos_os_os1` FOREIGN KEY (`os_id`) REFERENCES `os` (`idOs`) ON DELETE NO ACTION ON UPDATE NO ACTION;

--
-- Limitadores para a tabela `itens_de_vendas`
--
ALTER TABLE `itens_de_vendas`
  ADD CONSTRAINT `fk_itens_de_vendas_produtos1` FOREIGN KEY (`produtos_id`) REFERENCES `produtos` (`idProdutos`) ON DELETE NO ACTION ON UPDATE NO ACTION,
  ADD CONSTRAINT `fk_itens_de_vendas_vendas1` FOREIGN KEY (`vendas_id`) REFERENCES `vendas` (`idVendas`) ON DELETE NO ACTION ON UPDATE NO ACTION;

--
-- Limitadores para a tabela `lancamentos`
--
ALTER TABLE `lancamentos`
  ADD CONSTRAINT `fk_lancamentos_categorias1` FOREIGN KEY (`categorias_id`) REFERENCES `categorias` (`idCategorias`) ON DELETE NO ACTION ON UPDATE NO ACTION,
  ADD CONSTRAINT `fk_lancamentos_clientes1` FOREIGN KEY (`clientes_id`) REFERENCES `clientes` (`idClientes`) ON DELETE NO ACTION ON UPDATE NO ACTION,
  ADD CONSTRAINT `fk_lancamentos_contas1` FOREIGN KEY (`contas_id`) REFERENCES `contas` (`idContas`) ON DELETE NO ACTION ON UPDATE NO ACTION;

--
-- Limitadores para a tabela `os`
--
ALTER TABLE `os`
  ADD CONSTRAINT `fk_os_clientes1` FOREIGN KEY (`clientes_id`) REFERENCES `clientes` (`idClientes`) ON DELETE NO ACTION ON UPDATE NO ACTION,
  ADD CONSTRAINT `fk_os_lancamentos1` FOREIGN KEY (`lancamento`) REFERENCES `lancamentos` (`idLancamentos`) ON DELETE NO ACTION ON UPDATE NO ACTION,
  ADD CONSTRAINT `fk_os_usuarios1` FOREIGN KEY (`usuarios_id`) REFERENCES `usuarios` (`idUsuarios`) ON DELETE NO ACTION ON UPDATE NO ACTION;

--
-- Limitadores para a tabela `parecer`
--
ALTER TABLE `parecer`
  ADD CONSTRAINT `fk_parecer_correspondencia` FOREIGN KEY (`correspondenciaId`) REFERENCES `correspondencia` (`idCorrespondencia`) ON DELETE NO ACTION ON UPDATE NO ACTION,
  ADD CONSTRAINT `fk_parecer_usuarios` FOREIGN KEY (`usuarioId`) REFERENCES `usuarios` (`idUsuarios`) ON DELETE NO ACTION ON UPDATE NO ACTION;

--
-- Limitadores para a tabela `produtos_os`
--
ALTER TABLE `produtos_os`
  ADD CONSTRAINT `fk_produtos_os_os1` FOREIGN KEY (`os_id`) REFERENCES `os` (`idOs`) ON DELETE NO ACTION ON UPDATE NO ACTION,
  ADD CONSTRAINT `fk_produtos_os_produtos1` FOREIGN KEY (`produtos_id`) REFERENCES `produtos` (`idProdutos`) ON DELETE NO ACTION ON UPDATE NO ACTION;

--
-- Limitadores para a tabela `servicos_os`
--
ALTER TABLE `servicos_os`
  ADD CONSTRAINT `fk_servicos_os_os1` FOREIGN KEY (`os_id`) REFERENCES `os` (`idOs`) ON DELETE NO ACTION ON UPDATE NO ACTION,
  ADD CONSTRAINT `fk_servicos_os_servicos1` FOREIGN KEY (`servicos_id`) REFERENCES `servicos` (`idServicos`) ON DELETE NO ACTION ON UPDATE NO ACTION;

--
-- Limitadores para a tabela `usuarios`
--
ALTER TABLE `usuarios`
  ADD CONSTRAINT `fk_usuarios_permissoes1` FOREIGN KEY (`permissoes_id`) REFERENCES `permissoes` (`idPermissao`) ON DELETE NO ACTION ON UPDATE NO ACTION;

--
-- Limitadores para a tabela `vendas`
--
ALTER TABLE `vendas`
  ADD CONSTRAINT `fk_vendas_clientes1` FOREIGN KEY (`clientes_id`) REFERENCES `clientes` (`idClientes`) ON DELETE NO ACTION ON UPDATE NO ACTION,
  ADD CONSTRAINT `fk_vendas_lancamentos1` FOREIGN KEY (`lancamentos_id`) REFERENCES `lancamentos` (`idLancamentos`) ON DELETE NO ACTION ON UPDATE NO ACTION,
  ADD CONSTRAINT `fk_vendas_usuarios1` FOREIGN KEY (`usuarios_id`) REFERENCES `usuarios` (`idUsuarios`) ON DELETE NO ACTION ON UPDATE NO ACTION;

/*!40101 SET CHARACTER_SET_CLIENT=@OLD_CHARACTER_SET_CLIENT */;
/*!40101 SET CHARACTER_SET_RESULTS=@OLD_CHARACTER_SET_RESULTS */;
/*!40101 SET COLLATION_CONNECTION=@OLD_COLLATION_CONNECTION */;
